Built from '6000.3/staging' branch; Version is '6000.3.20f1 (c9ba695d4f07) revision 13220457'; Using compiler version '194234433'; Build Type 'Release'
OS: 'Windows 11  (10.0.26200) Core' Language: 'en' Physical Memory: 32687 MB
BatchMode: 1, IsHumanControllingUs: 0, StartBugReporterOnCrash: 0, Is64bit: 1
System  architecture: x64
Process architecture: x64
Date: 2026-07-22T20:05:36Z
[Licensing::Module] Trying to connect to existing licensing client channel...
[Licensing::IpcConnector] Successfully connected to: "LicenseClient-AZAD" at "2026-07-22T20:05:36.1064099Z"

COMMAND LINE ARGUMENTS:
C:\Program Files\Unity\Hub\Editor\6000.3.20f1\Editor\Unity.exe
-batchmode
-nographics
-projectPath
d:\Git\Hyper-Casual-Runner
-runTests
-testPlatform
EditMode
-logFile
d:\Git\Hyper-Casual-Runner\cosmetics_unity.log
Successfully changed project path to: d:\Git\Hyper-Casual-Runner
D:/Git/Hyper-Casual-Runner
[UnityMemory] Configuration Parameters - Can be set up in boot.config
    "memorysetup-temp-allocator-size-nav-mesh-worker=65536"
    "memorysetup-temp-allocator-size-audio-worker=65536"
    "memorysetup-temp-allocator-size-gfx=262144"
    "memorysetup-allocator-temp-initial-block-size-main=262144"
    "memorysetup-allocator-temp-initial-block-size-worker=262144"
    "memorysetup-temp-allocator-size-background-worker=32768"
    "memorysetup-temp-allocator-size-job-worker=262144"
    "memorysetup-temp-allocator-size-preload-manager=33554432"
    "memorysetup-temp-allocator-size-gi-baking-worker=262144"
    "memorysetup-temp-allocator-size-gi-baking-worker=262144"
    "memorysetup-temp-allocator-size-gi-baking-worker=262144"
    "memorysetup-temp-allocator-size-gi-baking-worker=262144"
    "memorysetup-temp-allocator-size-gi-baking-worker=262144"
    "memorysetup-bucket-allocator-granularity=16"
    "memorysetup-bucket-allocator-bucket-count=8"
    "memorysetup-bucket-allocator-block-size=33554432"
    "memorysetup-bucket-allocator-block-count=8"
    "memorysetup-main-allocator-block-size=16777216"
    "memorysetup-thread-allocator-block-size=16777216"
    "memorysetup-gfx-main-allocator-block-size=16777216"
    "memorysetup-gfx-thread-allocator-block-size=16777216"
    "memorysetup-cache-allocator-block-size=4194304"
    "memorysetup-typetree-allocator-block-size=2097152"
    "memorysetup-profiler-bucket-allocator-granularity=16"
    "memorysetup-profiler-bucket-allocator-bucket-count=8"
    "memorysetup-profiler-bucket-allocator-block-size=33554432"
    "memorysetup-profiler-bucket-allocator-block-count=8"
    "memorysetup-profiler-allocator-block-size=16777216"
    "memorysetup-profiler-editor-allocator-block-size=1048576"
    "memorysetup-temp-allocator-size-main=16777216"
    "memorysetup-job-temp-allocator-block-size=2097152"
    "memorysetup-job-temp-allocator-block-size-background=1048576"
    "memorysetup-job-temp-allocator-reduction-small-platforms=262144"
    "memorysetup-temp-allocator-size-cloud-worker=32768"
Player connection [26236]  Target information:

Player connection [26236]  * "[IP] 192.168.1.120 [Port] 55504 [Flags] 2 [Guid] 4168598103 [EditorId] 4168598103 [Version] 1048832 [Id] WindowsEditor(7,DESKTOP-5Q8KTV3) [Debug] 1 [PackageName] WindowsEditor [ProjectName] Editor" 

Player connection [26236] Host joined multi-casting on [225.0.0.222:54997]...
Player connection [26236] Host joined alternative multi-casting on [225.0.0.222:34997]...
Input System module state changed to: Initialized.
[Physics::Module] Initialized fallback backend.
[Physics::Module] Id: 0xdecafbad
[Package Manager] Connected to IPC stream "Upm-13244" after 1.5 seconds.
[Licensing::Module] Licensing is not yet initialized.
[Licensing::Client] Error: HandshakeResponse reported an error:
	ResponseCode: 505
	ResponseStatus: Unsupported protocol version '1.18.1'.
[Licensing::Module] Error: Failed to handshake to channel: "LicenseClient-AZAD"
[Licensing::IpcConnector] LicenseClient-AZAD channel disconnected successfully.
[Licensing::IpcConnector] Channel LicenseClient-AZAD-6000.3.20 doesn't exist
[Licensing::Module] Successfully launched the LicensingClient (PId: 25828)
[Licensing::IpcConnector] Successfully connected to: "LicenseClient-AZAD-6000.3.20" at "2026-07-22T20:05:43.5287626Z"
[Licensing::Client] Code 10 while verifying Licensing Client signature (process Id: 25828, path: "C:/Program Files/Unity/Hub/Editor/6000.3.20f1/Editor/Data/Resources/Licensing/Client/Unity.Licensing.Client.exe")
[Licensing::Module] LicensingClient has failed validation; ignoring
[Licensing::Client] Handshaking with LicensingClient:
  Version:                 1.18.1+9fbee8e
  Session Id:              ef5cc60356c74818bf3289d9c330bdff
  Correlation Id:          499add2b051112e7d87a878b6639b6f5
  External correlation Id: 1633224459519540279
  Machine Id:              G92RV5RiAAKG9o/aK7i8JaEK2Kc=
[Licensing::Module] Successfully connected to LicensingClient on channel: "LicenseClient-AZAD-6000.3.20" (connect: 1.37s, validation: 1.15s, handshake: 0.04s)
[Licensing::IpcConnector] Successfully connected to: "LicenseClient-AZAD-6000.3.20-notifications" at "2026-07-22T20:05:44.7169874Z"
[Licensing::Module] Connected to LicensingClient (PId: 25828, launch time: 0.03, total connection time: 2.56s)
[Licensing::Module] Error: Access token is unavailable; failed to update
[Licensing::Client] Successfully resolved entitlement details
[Licensing::Module] License group:
  Id: 18967232862240-UnityPersXXXX
  Product: Unity Personal
  Type: Assigned
  Expiration: Unlimited
[Licensing::Client] Successfully updated license, isAsync: True, time: 0.11
[Licensing::Module] Licensing Background thread has ended after 8.89s
[Licensing::Module] Licensing is initialized (took 6.78s).
[Licensing::Client] Successfully resolved entitlement details
Library Redirect Path: Library/
[Physics::Module] Selected backend.
[Physics::Module] Name: PhysX
[Physics::Module] Id: 0xf2b8ea05
[Physics::Module] SDK Version: 4.1.2
[Physics::Module] Integration Version: 1.0.0
[Physics::Module] Threading Mode: Multi-Threaded
[Licensing::Client] Successfully resolved entitlement details
Refreshing native plugins compatible for Editor in 7.81 ms, found 0 plugins.
Preloading 0 native plugins for Editor in 0.00 ms.
Initialize engine version: 6000.3.20f1 (c9ba695d4f07)
[Subsystems] Discovering subsystems at path C:/Program Files/Unity/Hub/Editor/6000.3.20f1/Editor/Data/Resources/UnitySubsystems
[Subsystems] Discovering subsystems at path D:/Git/Hyper-Casual-Runner/Assets
Forcing GfxDevice: Null
GfxDevice: creating device client; kGfxThreadingModeNonThreaded
NullGfxDevice:
    Version:  NULL 1.0 [1.0]
    Renderer: Null Device
    Vendor:   Unity Technologies
Initialize mono
Mono path[0] = 'C:/Program Files/Unity/Hub/Editor/6000.3.20f1/Editor/Data/Managed'
Mono path[1] = 'C:/Program Files/Unity/Hub/Editor/6000.3.20f1/Editor/Data/MonoBleedingEdge/lib/mono/unityjit-win32'
Mono config path = 'C:/Program Files/Unity/Hub/Editor/6000.3.20f1/Editor/Data/MonoBleedingEdge/etc'
Using monoOptions --debugger-agent=transport=dt_socket,embedding=1,server=y,suspend=n,address=127.0.0.1:56244
Using cacheserver namespaces - metadata:defaultmetadata, artifacts:defaultartifacts
Using cacheserver namespaces - metadata:defaultmetadata, artifacts:defaultartifacts
ImportWorker Server TCP listen port: 0
AcceleratorClientConnectionCallback - disconnected - :0
Begin MonoManager ReloadAssembly
Registering precompiled unity dll's ...
Register platform support module: C:/Program Files/Unity/Hub/Editor/6000.3.20f1/Editor/Data/PlaybackEngines/WindowsStandaloneSupport/UnityEditor.WindowsStandalone.Extensions.dll
[Licensing::Client] Successfully resolved entitlement details
Register platform support module: C:/Program Files/Unity/Hub/Editor/6000.3.20f1/Editor/Data/PlaybackEngines/MetroSupport/UnityEditor.UWP.Extensions.dll
Register platform support module: C:/Program Files/Unity/Hub/Editor/6000.3.20f1/Editor/Data/PlaybackEngines/AndroidPlayer/UnityEditor.Android.Extensions.dll
[Licensing::Client] Successfully resolved entitlement details
Register platform support module: C:/Program Files/Unity/Hub/Editor/6000.3.20f1/Editor/Data/PlaybackEngines/iOSSupport/UnityEditor.iOS.Extensions.dll
Registered in 0.030213 seconds.
- Loaded All Assemblies, in  1.761 seconds
Native extension for iOS target not found
Native extension for Android target not found
Native extension for UWP target not found
Native extension for WindowsStandalone target not found
Package Manager log level set to [2]
ScheduleIndexationOnStartup MainProcess:False IndexOnStartup:True
Mono: successfully reloaded assembly
- Finished resetting the current domain, in  1.762 seconds
Domain Reload Profiling: 3516ms
	BeginReloadAssembly (499ms)
		ExecutionOrderSort (0ms)
		DisableScriptedObjects (0ms)
		BackupInstance (0ms)
		ReleaseScriptingObjects (0ms)
		CreateAndSetChildDomain (23ms)
	RebuildCommonClasses (195ms)
	RebuildNativeTypeToScriptingClass (51ms)
	initialDomainReloadingComplete (190ms)
	LoadAllAssembliesAndSetupDomain (818ms)
		LoadAssemblies (474ms)
		RebuildTransferFunctionScriptingTraits (0ms)
		AnalyzeDomain (805ms)
			TypeCache.Refresh (799ms)
				TypeCache.ScanAssembly (747ms)
			BuildScriptInfoCaches (0ms)
			ResolveRequiredComponents (1ms)
	FinalizeReload (1763ms)
		ReleaseScriptCaches (0ms)
		RebuildScriptCaches (0ms)
		SetupLoadedEditorAssemblies (1591ms)
			LogAssemblyErrors (0ms)
			InitializePlatformSupportModulesInManaged (297ms)
			SetLoadedEditorAssemblies (14ms)
			BeforeProcessingInitializeOnLoad (388ms)
			ProcessInitializeOnLoadAttributes (590ms)
			ProcessInitializeOnLoadMethodAttributes (302ms)
			AfterProcessingInitializeOnLoad (0ms)
			EditorAssembliesLoaded (0ms)
		ExecutionOrderSort2 (0ms)
		AwakeInstancesAfterBackupRestoration (0ms)
[Licensing::Client] Successfully resolved entitlement details
[Licensing::Client] Successfully resolved entitlement details
Application.AssetDatabase Initial Refresh Start
[Package Manager] Restoring resolved packages state from cache
[Licensing::Client] Successfully resolved entitlement details
[Package Manager] Registered 73 packages:
  Packages from [https://packages.unity.com]:
    com.unity.entities@1.3.2 (location: D:\Git\Hyper-Casual-Runner\Library\PackageCache\com.unity.entities@1eebe0437e56)
    com.unity.entities.graphics@1.3.2 (location: D:\Git\Hyper-Casual-Runner\Library\PackageCache\com.unity.entities.graphics@8ef2c379519b)
    com.unity.2d.psdimporter@12.0.2 (location: D:\Git\Hyper-Casual-Runner\Library\PackageCache\com.unity.2d.psdimporter@f207d91d598d)
    com.unity.collab-proxy@2.12.4 (location: D:\Git\Hyper-Casual-Runner\Library\PackageCache\com.unity.collab-proxy@0b1559bcd34e)
    com.unity.device-simulator.devices@1.0.1 (location: D:\Git\Hyper-Casual-Runner\Library\PackageCache\com.unity.device-simulator.devices@2af643ceec84)
    com.unity.probuilder@6.1.2 (location: D:\Git\Hyper-Casual-Runner\Library\PackageCache\com.unity.probuilder@8be9724b2335)
    com.unity.services.levelplay@8.10.1 (location: D:\Git\Hyper-Casual-Runner\Library\PackageCache\com.unity.services.levelplay@66b5485254f2)
    com.unity.timeline@1.8.12 (location: D:\Git\Hyper-Casual-Runner\Library\PackageCache\com.unity.timeline@8cd8509afae5)
    com.unity.visualscripting@1.9.11 (location: D:\Git\Hyper-Casual-Runner\Library\PackageCache\com.unity.visualscripting@8bed5ad90189)
    com.unity.services.core@1.18.0 (location: D:\Git\Hyper-Casual-Runner\Library\PackageCache\com.unity.services.core@3464cb68d709)
    com.unity.settings-manager@2.1.1 (location: D:\Git\Hyper-Casual-Runner\Library\PackageCache\com.unity.settings-manager@0b8638c5ce86)
    com.unity.ide.visualstudio@2.0.26 (location: D:\Git\Hyper-Casual-Runner\Library\PackageCache\com.unity.ide.visualstudio@a99d56dec63f)
    com.unity.ide.rider@3.0.40 (location: D:\Git\Hyper-Casual-Runner\Library\PackageCache\com.unity.ide.rider@e4950c6d131b)
    com.unity.editorcoroutines@1.1.0 (location: D:\Git\Hyper-Casual-Runner\Library\PackageCache\com.unity.editorcoroutines@87a15ed012c2)
    com.unity.performance.profile-analyzer@1.4.0 (location: D:\Git\Hyper-Casual-Runner\Library\PackageCache\com.unity.performance.profile-analyzer@2bb26871883c)
    com.unity.testtools.codecoverage@1.3.0 (location: D:\Git\Hyper-Casual-Runner\Library\PackageCache\com.unity.testtools.codecoverage@19a841221620)
    com.unity.2d.common@12.0.3 (location: D:\Git\Hyper-Casual-Runner\Library\PackageCache\com.unity.2d.common@2af7c9b44b5c)
    com.unity.nuget.newtonsoft-json@3.2.2 (location: D:\Git\Hyper-Casual-Runner\Library\PackageCache\com.unity.nuget.newtonsoft-json@4dfd81071c64)
    com.unity.burst@1.8.29 (location: D:\Git\Hyper-Casual-Runner\Library\PackageCache\com.unity.burst@6bb9aca3ef38)
    com.unity.collections@2.6.6 (location: D:\Git\Hyper-Casual-Runner\Library\PackageCache\com.unity.collections@9796e5ee0d9e)
    com.unity.mathematics@1.3.3 (location: D:\Git\Hyper-Casual-Runner\Library\PackageCache\com.unity.mathematics@19a9377c4ffa)
    com.unity.serialization@3.1.3 (location: D:\Git\Hyper-Casual-Runner\Library\PackageCache\com.unity.serialization@7725fb70c685)
    com.unity.profiling.core@1.0.3 (location: D:\Git\Hyper-Casual-Runner\Library\PackageCache\com.unity.profiling.core@8a49f7027d06)
    com.unity.nuget.mono-cecil@1.11.6 (location: D:\Git\Hyper-Casual-Runner\Library\PackageCache\com.unity.nuget.mono-cecil@ecb9724e46ff)
    com.unity.scriptablebuildpipeline@2.6.1 (location: D:\Git\Hyper-Casual-Runner\Library\PackageCache\com.unity.scriptablebuildpipeline@36e3b5898ee2)
    com.unity.test-framework.performance@3.5.0 (location: D:\Git\Hyper-Casual-Runner\Library\PackageCache\com.unity.test-framework.performance@8b56083ec0f0)
    com.unity.searcher@4.9.4 (location: D:\Git\Hyper-Casual-Runner\Library\PackageCache\com.unity.searcher@d45a78918735)
  Built-in packages:
    com.unity.feature.development@1.0.2 (location: D:\Git\Hyper-Casual-Runner\Library\PackageCache\com.unity.feature.development@767aadbc6eb7)
    com.unity.multiplayer.center@1.0.1 (location: D:\Git\Hyper-Casual-Runner\Library\PackageCache\com.unity.multiplayer.center@f01f4ba8d00a)
    com.unity.ugui@2.0.0 (location: D:\Git\Hyper-Casual-Runner\Library\PackageCache\com.unity.ugui@e20f1880fa04)
    com.unity.modules.accessibility@1.0.0 (location: D:\Git\Hyper-Casual-Runner\Library\PackageCache\com.unity.modules.accessibility)
    com.unity.modules.adaptiveperformance@1.0.0 (location: D:\Git\Hyper-Casual-Runner\Library\PackageCache\com.unity.modules.adaptiveperformance)
    com.unity.modules.ai@1.0.0 (location: D:\Git\Hyper-Casual-Runner\Library\PackageCache\com.unity.modules.ai)
    com.unity.modules.androidjni@1.0.0 (location: D:\Git\Hyper-Casual-Runner\Library\PackageCache\com.unity.modules.androidjni)
    com.unity.modules.animation@1.0.0 (location: D:\Git\Hyper-Casual-Runner\Library\PackageCache\com.unity.modules.animation)
    com.unity.modules.assetbundle@1.0.0 (location: D:\Git\Hyper-Casual-Runner\Library\PackageCache\com.unity.modules.assetbundle)
    com.unity.modules.audio@1.0.0 (location: D:\Git\Hyper-Casual-Runner\Library\PackageCache\com.unity.modules.audio)
    com.unity.modules.cloth@1.0.0 (location: D:\Git\Hyper-Casual-Runner\Library\PackageCache\com.unity.modules.cloth)
    com.unity.modules.director@1.0.0 (location: D:\Git\Hyper-Casual-Runner\Library\PackageCache\com.unity.modules.director)
    com.unity.modules.imageconversion@1.0.0 (location: D:\Git\Hyper-Casual-Runner\Library\PackageCache\com.unity.modules.imageconversion)
    com.unity.modules.imgui@1.0.0 (location: D:\Git\Hyper-Casual-Runner\Library\PackageCache\com.unity.modules.imgui)
    com.unity.modules.jsonserialize@1.0.0 (location: D:\Git\Hyper-Casual-Runner\Library\PackageCache\com.unity.modules.jsonserialize)
    com.unity.modules.particlesystem@1.0.0 (location: D:\Git\Hyper-Casual-Runner\Library\PackageCache\com.unity.modules.particlesystem)
    com.unity.modules.physics@1.0.0 (location: D:\Git\Hyper-Casual-Runner\Library\PackageCache\com.unity.modules.physics)
    com.unity.modules.physics2d@1.0.0 (location: D:\Git\Hyper-Casual-Runner\Library\PackageCache\com.unity.modules.physics2d)
    com.unity.modules.screencapture@1.0.0 (location: D:\Git\Hyper-Casual-Runner\Library\PackageCache\com.unity.modules.screencapture)
    com.unity.modules.terrain@1.0.0 (location: D:\Git\Hyper-Casual-Runner\Library\PackageCache\com.unity.modules.terrain)
    com.unity.modules.terrainphysics@1.0.0 (location: D:\Git\Hyper-Casual-Runner\Library\PackageCache\com.unity.modules.terrainphysics)
    com.unity.modules.tilemap@1.0.0 (location: D:\Git\Hyper-Casual-Runner\Library\PackageCache\com.unity.modules.tilemap)
    com.unity.modules.ui@1.0.0 (location: D:\Git\Hyper-Casual-Runner\Library\PackageCache\com.unity.modules.ui)
    com.unity.modules.uielements@1.0.0 (location: D:\Git\Hyper-Casual-Runner\Library\PackageCache\com.unity.modules.uielements)
    com.unity.modules.umbra@1.0.0 (location: D:\Git\Hyper-Casual-Runner\Library\PackageCache\com.unity.modules.umbra)
    com.unity.modules.unityanalytics@1.0.0 (location: D:\Git\Hyper-Casual-Runner\Library\PackageCache\com.unity.modules.unityanalytics)
    com.unity.modules.unitywebrequest@1.0.0 (location: D:\Git\Hyper-Casual-Runner\Library\PackageCache\com.unity.modules.unitywebrequest)
    com.unity.modules.unitywebrequestassetbundle@1.0.0 (location: D:\Git\Hyper-Casual-Runner\Library\PackageCache\com.unity.modules.unitywebrequestassetbundle)
    com.unity.modules.unitywebrequestaudio@1.0.0 (location: D:\Git\Hyper-Casual-Runner\Library\PackageCache\com.unity.modules.unitywebrequestaudio)
    com.unity.modules.unitywebrequesttexture@1.0.0 (location: D:\Git\Hyper-Casual-Runner\Library\PackageCache\com.unity.modules.unitywebrequesttexture)
    com.unity.modules.unitywebrequestwww@1.0.0 (location: D:\Git\Hyper-Casual-Runner\Library\PackageCache\com.unity.modules.unitywebrequestwww)
    com.unity.modules.vectorgraphics@1.0.0 (location: D:\Git\Hyper-Casual-Runner\Library\PackageCache\com.unity.modules.vectorgraphics)
    com.unity.modules.vehicles@1.0.0 (location: D:\Git\Hyper-Casual-Runner\Library\PackageCache\com.unity.modules.vehicles)
    com.unity.modules.video@1.0.0 (location: D:\Git\Hyper-Casual-Runner\Library\PackageCache\com.unity.modules.video)
    com.unity.modules.vr@1.0.0 (location: D:\Git\Hyper-Casual-Runner\Library\PackageCache\com.unity.modules.vr)
    com.unity.modules.wind@1.0.0 (location: D:\Git\Hyper-Casual-Runner\Library\PackageCache\com.unity.modules.wind)
    com.unity.modules.xr@1.0.0 (location: D:\Git\Hyper-Casual-Runner\Library\PackageCache\com.unity.modules.xr)
    com.unity.modules.subsystems@1.0.0 (location: D:\Git\Hyper-Casual-Runner\Library\PackageCache\com.unity.modules.subsystems)
    com.unity.modules.hierarchycore@1.0.0 (location: D:\Git\Hyper-Casual-Runner\Library\PackageCache\com.unity.modules.hierarchycore)
    com.unity.shadergraph@17.3.0 (location: D:\Git\Hyper-Casual-Runner\Library\PackageCache\com.unity.shadergraph@fe0f710ccc2d)
    com.unity.test-framework@1.6.0 (location: D:\Git\Hyper-Casual-Runner\Library\PackageCache\com.unity.test-framework@bd7f943e9647)
    com.unity.2d.sprite@1.0.0 (location: D:\Git\Hyper-Casual-Runner\Library\PackageCache\com.unity.2d.sprite@d8bb22511404)
    com.unity.2d.tilemap@1.0.0 (location: D:\Git\Hyper-Casual-Runner\Library\PackageCache\com.unity.2d.tilemap@f666889fd587)
    com.unity.render-pipelines.core@17.3.0 (location: D:\Git\Hyper-Casual-Runner\Library\PackageCache\com.unity.render-pipelines.core@731b06833851)
    com.unity.ext.nunit@2.0.5 (location: D:\Git\Hyper-Casual-Runner\Library\PackageCache\com.unity.ext.nunit@d8c07649098d)
  Local packages:
    com.prototypes.unity3d-mcp@file:D:\Git\Useful-Houdini-Stuff\Unity\Unity3DMCP\UnityPackage (location: D:\Git\Useful-Houdini-Stuff\Unity\Unity3DMCP\UnityPackage)
[Subsystems] No new subsystems found in resolved package list.
[Package Manager] Done registering packages in 0.10 seconds
A meta data file (.meta) exists but its asset 'Assets/Scripts/Editor/RunAdvancedObstaclesTestHelper.cs' can't be found. When moving or deleting files outside of Unity, please ensure that the corresponding .meta file is moved or deleted along with it.
Assembly reference Packages/com.unity.entities/Unity.Scenes.Editor/Internals/Properties/Unity.Properties.Internals.asmref has no target assembly definition
Assembly reference Packages/com.unity.entities/Unity.Scenes.Editor/Internals/Properties/Unity.Properties.Internals.asmref has no target assembly definition
[ScriptCompilation] Requested script compilation because: Assetdatabase observed changes in script compilation related files
Starting: C:\Program Files\Unity\Hub\Editor\6000.3.20f1\Editor\Data\Tools\BuildPipeline\bee_backend.exe --ipc --defer-dag-verification --dagfile="Library/Bee/1300b0aE.dag" --continue-on-failure --profile="Library/Bee/backend1.traceevents" ScriptAssemblies
WorkingDir: D:/Git/Hyper-Casual-Runner
DisplayProgressbar: Compiling Scripts
Starting: C:\Program Files\Unity\Hub\Editor\6000.3.20f1\Editor\Data\netcorerun\netcorerun.exe "C:\Program Files\Unity\Hub\Editor\6000.3.20f1\Editor\Data\Tools\BuildPipeline\ScriptCompilationBuildProgram.exe" "Library/Bee/1300b0aE.dag.json" "Library/Bee/1300b0aE-inputdata.json" "Library\Bee\buildprogram0.traceevents"
WorkingDir: D:/Git/Hyper-Casual-Runner
ExitCode: 4 Duration: 1s392ms
Rebuilding DAG because FileSignature timestamp changed: Library/Bee/1300b0aE-inputdata.json
[1184/1555  0s] ILPP-Configuration Library/ilpp-configuration.nevergeneratedoutput
*** Tundra requires additional run (1.30 seconds), 2 items updated, 1184 evaluated
ExitCode: 0 Duration: 4s319ms
Starting: C:\Program Files\Unity\Hub\Editor\6000.3.20f1\Editor\Data\Tools\BuildPipeline\bee_backend.exe --ipc --defer-dag-verification --dagfile="Library/Bee/1300b0aE.dag" --continue-on-failure --dagfilejson="Library\Bee\1300b0aE.dag.json" --profile="Library/Bee/backend2.traceevents" ScriptAssemblies
WorkingDir: D:/Git/Hyper-Casual-Runner
ExitCode: 0 Duration: 6s817ms
Finished compiling graph: 1559 nodes, 33756 flattened edges (26950 ToBuild, 260 ToUse), maximum node priority 2029
[ 804/1555  0s] WriteText Library/Bee/artifacts/1300b0aE.dag/Assembly-CSharp-Editor.rsp
[1184/1555  0s] ILPP-Configuration Library/ilpp-configuration.nevergeneratedoutput
[1551/1555  0s] Csc Library/Bee/artifacts/1300b0aE.dag/Assembly-CSharp-Editor.dll (+2 others)
Assets\Archive\PathCreator\Examples\Scripts\Editor\PathSceneToolEditor.cs(100,26): warning CS0618: 'Object.FindObjectOfType<T>()' is obsolete: 'Object.FindObjectOfType has been deprecated. Use Object.FindFirstObjectByType instead or if finding any instance is acceptable the faster Object.FindAnyObjectByType'

Assets\Archive\PathCreator\Examples\Scripts\Editor\PathSceneToolEditor.cs(102,44): warning CS0618: 'Object.FindObjectOfType<T>()' is obsolete: 'Object.FindObjectOfType has been deprecated. Use Object.FindFirstObjectByType instead or if finding any instance is acceptable the faster Object.FindAnyObjectByType'
[1552/1555  2s] ILPostProcess Library/Bee/artifacts/1300b0aE.dag/post-processed/Assembly-CSharp-Editor.dll (+pdb)
Processing assembly Library/Bee/artifacts/1300b0aE.dag/Assembly-CSharp-Editor.dll, with 148 defines and 402 references

processors: Unity.Entities.CodeGen.EntitiesILPostProcessors, Unity.Jobs.CodeGen.JobsILPostProcessor, zzzUnity.Burst.CodeGen.BurstILPostProcessor

running Unity.Entities.CodeGen.EntitiesILPostProcessors

running Unity.Jobs.CodeGen.JobsILPostProcessor

running zzzUnity.Burst.CodeGen.BurstILPostProcessor
[1553/1555  0s] CopyFiles Library/ScriptAssemblies/Assembly-CSharp-Editor.pdb
[1554/1555  0s] CopyFiles Library/ScriptAssemblies/Assembly-CSharp-Editor.dll
*** Tundra build success (6.73 seconds), 6 items updated, 1555 evaluated
Assets\Archive\PathCreator\Examples\Scripts\Editor\PathSceneToolEditor.cs(100,26): warning CS0618: 'Object.FindObjectOfType<T>()' is obsolete: 'Object.FindObjectOfType has been deprecated. Use Object.FindFirstObjectByType instead or if finding any instance is acceptable the faster Object.FindAnyObjectByType'
Assets\Archive\PathCreator\Examples\Scripts\Editor\PathSceneToolEditor.cs(102,44): warning CS0618: 'Object.FindObjectOfType<T>()' is obsolete: 'Object.FindObjectOfType has been deprecated. Use Object.FindFirstObjectByType instead or if finding any instance is acceptable the faster Object.FindAnyObjectByType'
AssetDatabase: script compilation time: 14.978620s
Begin MonoManager ReloadAssembly
- Loaded All Assemblies, in 31.917 seconds
Refreshing native plugins compatible for Editor in 52.57 ms, found 5 plugins.
Native extension for iOS target not found
Native extension for Android target not found
Native extension for UWP target not found
Native extension for WindowsStandalone target not found
Assembly reference Packages/com.unity.entities/Unity.Scenes.Editor/Internals/Properties/Unity.Properties.Internals.asmref has no target assembly definition
Support for OpenGL ES for Entities Graphics is deprecated, and will be removed in a future version of Entities Graphics. Update Graphics APIs in the Player Settings. This warning can be suppressed by adding the scripting define DISABLE_ENTITIES_GRAPHICS_GLES_WARNING. For more details, see: <a href="https://docs.unity3d.com/Documentation/Manual/custom-scripting-symbols.html#player-settings">Custom symbols for a platform</a>.
UnityEngine.Debug:ExtractStackTraceNoAlloc (byte*,int,string)
UnityEngine.StackTraceUtility:ExtractStackTrace ()
UnityEngine.DebugLogHandler:Internal_Log (UnityEngine.LogType,UnityEngine.LogOption,string,UnityEngine.Object)
UnityEngine.DebugLogHandler:LogFormat (UnityEngine.LogType,UnityEngine.Object,string,object[])
UnityEngine.Logger:Log (UnityEngine.LogType,object)
UnityEngine.Debug:LogWarning (object)
UnityEditor.PlayerSettingsEntitiesGraphicsValidation:ValidateOpenGLES3Deprecation ()
UnityEditor.PlayerSettingsEntitiesGraphicsValidation:.cctor ()
System.Runtime.CompilerServices.RuntimeHelpers:RunClassConstructor (System.RuntimeTypeHandle)
UnityEditor.EditorAssemblies:ProcessInitializeOnLoadAttributes (System.Type[])

Refreshing native plugins compatible for Editor in 20.46 ms, found 5 plugins.
[Licensing::Client] Successfully resolved entitlement details
[Licensing::Client] Successfully resolved entitlement details
TypeManager.Initialize took: 2224ms
<b><color=#2EA3FF>MCP-FOR-UNITY</color></b>: Auto-discovered 49 tools and 19 resources (68 total handlers)
UnityEngine.Debug:ExtractStackTraceNoAlloc (byte*,int,string)
UnityEngine.StackTraceUtility:ExtractStackTrace ()
UnityEngine.DebugLogHandler:Internal_Log (UnityEngine.LogType,UnityEngine.LogOption,string,UnityEngine.Object)
UnityEngine.DebugLogHandler:LogFormat (UnityEngine.LogType,UnityEngine.Object,string,object[])
UnityEngine.Logger:Log (UnityEngine.LogType,object)
UnityEngine.Debug:Log (object)
MCPForUnity.Editor.Helpers.McpLog:Info (string,bool) (at D:/Git/Useful-Houdini-Stuff/Unity/Unity3DMCP/UnityPackage/Editor/Helpers/McpLog.cs:40)
MCPForUnity.Editor.Tools.CommandRegistry:AutoDiscoverCommands () (at D:/Git/Useful-Houdini-Stuff/Unity/Unity3DMCP/UnityPackage/Editor/Tools/CommandRegistry.cs:125)
MCPForUnity.Editor.Tools.CommandRegistry:Initialize () (at D:/Git/Useful-Houdini-Stuff/Unity/Unity3DMCP/UnityPackage/Editor/Tools/CommandRegistry.cs:50)
MCPForUnity.Editor.Services.Transport.TransportCommandDispatcher:EnsureInitialised () (at D:/Git/Useful-Houdini-Stuff/Unity/Unity3DMCP/UnityPackage/Editor/Services/Transport/TransportCommandDispatcher.cs:203)
MCPForUnity.Editor.Services.Transport.TransportCommandDispatcher:.cctor () (at D:/Git/Useful-Houdini-Stuff/Unity/Unity3DMCP/UnityPackage/Editor/Services/Transport/TransportCommandDispatcher.cs:76)
System.Runtime.CompilerServices.RuntimeHelpers:RunClassConstructor (System.RuntimeTypeHandle)
UnityEditor.EditorAssemblies:ProcessInitializeOnLoadAttributes (System.Type[])

(Filename: D:/Git/Useful-Houdini-Stuff/Unity/Unity3DMCP/UnityPackage/Editor/Helpers/McpLog.cs Line: 40)

[MODES] ModeService[none].Initialize
[MODES] ModeService[none].LoadModes
[MODES] Loading mode Default (0) for mode-current-id-Stickman Rush
ScheduleIndexationOnStartup MainProcess:True IndexOnStartup:True
Mono: successfully reloaded assembly
- Finished resetting the current domain, in 33.172 seconds
Domain Reload Profiling: 65078ms
	BeginReloadAssembly (819ms)
		ExecutionOrderSort (0ms)
		DisableScriptedObjects (68ms)
		BackupInstance (0ms)
		ReleaseScriptingObjects (0ms)
		CreateAndSetChildDomain (229ms)
	RebuildCommonClasses (162ms)
	RebuildNativeTypeToScriptingClass (75ms)
	initialDomainReloadingComplete (140ms)
	LoadAllAssembliesAndSetupDomain (30708ms)
		LoadAssemblies (29320ms)
		RebuildTransferFunctionScriptingTraits (0ms)
		AnalyzeDomain (1747ms)
			TypeCache.Refresh (1270ms)
				TypeCache.ScanAssembly (1201ms)
			BuildScriptInfoCaches (419ms)
			ResolveRequiredComponents (40ms)
	FinalizeReload (33173ms)
		ReleaseScriptCaches (0ms)
		RebuildScriptCaches (0ms)
		SetupLoadedEditorAssemblies (31118ms)
			LogAssemblyErrors (0ms)
			InitializePlatformSupportModulesInManaged (139ms)
			SetLoadedEditorAssemblies (30ms)
			BeforeProcessingInitializeOnLoad (846ms)
			ProcessInitializeOnLoadAttributes (28465ms)
			ProcessInitializeOnLoadMethodAttributes (1624ms)
			AfterProcessingInitializeOnLoad (13ms)
			EditorAssembliesLoaded (1ms)
		ExecutionOrderSort2 (0ms)
		AwakeInstancesAfterBackupRestoration (92ms)
Start importing Packages/com.unity.render-pipelines.core/Tests/Editor/UnifiedRayTracing/TraceRays.urtshader using Guid(1142bbad8b9e8c44c83a9775ff120d37) (ScriptedImporter)Launched and connected shader compiler UnityShaderCompiler.exe after 0.08 seconds
 -> (artifact id: 'a935e0b58b0d13b4df40e791381fc341') in 0.5764173 seconds
Start importing Packages/com.unity.render-pipelines.core/Editor/Lighting/ProbeVolume/RenderingLayerMask/TraceRenderingLayerMask.urtshader using Guid(94a070d33e408384bafc1dea4a565df9) (ScriptedImporter) -> (artifact id: '8bb470ced3a4bee9d2e048d6950e3adf') in 0.7420408 seconds
Start importing Packages/com.unity.render-pipelines.core/Tests/Editor/UnifiedRayTracing/TraceTransparentRays.urtshader using Guid(6513c3b892e933c4f8d00c19d5c47532) (ScriptedImporter) -> (artifact id: '8fbb2ef0c9a529fd9d4edaf5f7d6674b') in 0.0500279 seconds
Start importing Packages/com.unity.render-pipelines.core/Editor/Lighting/ProbeVolume/DynamicGI/DynamicGISkyOcclusion.urtshader using Guid(5a2a534753fbdb44e96c3c78b5a6999d) (ScriptedImporter) -> (artifact id: '6853ee87340daaea6fabc1f00e72c7c3') in 0.0735974 seconds
Start importing Packages/com.unity.render-pipelines.core/Tests/Editor/UnifiedRayTracing/TraceRaysAndFetchAttributes.urtshader using Guid(fbc59f55df2416344b008dc23753cae2) (ScriptedImporter) -> (artifact id: '9b0e99da797903afa50630d48ca830f3') in 0.0501123 seconds
Start importing Packages/com.unity.render-pipelines.core/Editor/Lighting/ProbeVolume/VirtualOffset/TraceVirtualOffset.urtshader using Guid(ff2cbab5da58bf04d82c5f34037ed123) (ScriptedImporter) -> (artifact id: 'b7d9109baddaab08fd526f1e36ed8c7d') in 0.126187 seconds
Start importing Assets/UI/IdleGameHUD.uxml using Guid(e4afb4cff796e3e47a2acb24240829c3) (ScriptedImporter) -> (artifact id: '07826952cdb726cd089055aaedee5bfd') in 0.6447232 seconds
Start importing Assets/UI/LevelSelectScreen.uxml using Guid(1a2b3c4d5e6f7a8b9c0d1e2f3a4b5c6d) (ScriptedImporter) -> (artifact id: '17cadfb9ff958d017fda6ded6fe9fab0') in 0.0969503 seconds
Refreshing native plugins compatible for Editor in 30.33 ms, found 5 plugins.
Preloading 0 native plugins for Editor in 0.00 ms.
Asset Pipeline Refresh (id=2dbe05cc0529e1643b94feb925718902): Total: 86.733 seconds - Initiated by InitialRefreshV2(ForceSynchronousImport)
	Summary:
		Imports: total=8 (actual=8, local cache=0, cache server=0)
		Asset DB Process Time: managed=11 ms, native=38065 ms
		Asset DB Callback time: managed=1068 ms, native=391 ms
		Scripting: domain reloads=1, domain reload time=31920 ms, compile time=14982 ms, other=294 ms
		Project Asset Count: scripts=2112, non-scripts=3948
		Asset File Changes: new=0, changed=0, moved=0, deleted=1
		Scan Filter Count: 0
	InvokeCustomDependenciesCallbacks: 0.002ms
	InvokePackagesCallback: 116.098ms
	ApplyChangesToAssetFolders: 1.800ms
	Scan: 732.332ms
	OnSourceAssetsModified: 3.392ms
	CategorizeAssetsWithTransientArtifact: 277.453ms
	ProcessAssetsWithTransientArtifactChanges: 439.753ms
	UnregisterDeletedAssets: 0.003ms
	CategorizeAssets: 209.144ms
	ImportOutOfDateAssets: 35741.199ms (18306.611ms without children)
		ImportManagerImport: 2439.717ms (62.449ms without children)
			ImportInProcess: 2376.300ms
			UpdateCategorizedAssets: 0.968ms
		CompileScripts: 14981.835ms
		ReloadNativeAssets: 0.001ms
		UnloadImportedAssets: 0.679ms
		ReloadImportedAssets: 0.002ms
		EnsureUptoDateAssetsAreRegisteredWithGuidPM: 6.258ms
		InitializingProgressBar: 0.013ms
		PostProcessAllAssetNotificationsAddChangedAssets: 0.001ms
		OnDemandSchedulerStart: 6.082ms
	PostProcessAllAssets: 1301.949ms
	Hotreload: 42.950ms
	GatherAllCurrentPrimaryArtifactRevisions: 0.009ms
	UnloadStreamsBegin: 5.315ms
	PersistCurrentRevisions: 1.187ms
	UnloadStreamsEnd: 0.003ms
	GenerateScriptTypeHashes: 10.534ms
	Untracked: 47860.713ms

Application.AssetDatabase Initial Refresh End
Scanning for USB devices : 7.786ms
Initializing Unity extensions:
[Licensing::Client] Successfully resolved entitlement details
[Licensing::Client] Successfully resolved entitlement details
Unloading 50 Unused Serialized files (Serialized files now loaded: 0)
Unloading 9328 unused Assets / (5.7 MB). Loaded Objects now: 9877.
Memory consumption went from 210.7 MB to 205.1 MB.
Total: 54.087400 ms (FindLiveObjects: 1.839900 ms CreateObjectMapping: 3.357300 ms MarkObjects: 36.803800 ms  DeleteObjects: 12.084400 ms)

Microsoft Media Foundation video decoding to texture disabled: graphics device is Null, only Direct3D 11 and Direct3D 12 (only on desktop) are supported for hardware-accelerated video decoding.
[Project] Loading completed in 102.356 seconds
	Project init time: 				101.257 seconds
		Template init time: 		0.000 seconds
		Package Manager init time: 		8.306 seconds
		Asset Database init time: 		1.388 seconds
		Global illumination init time: 	0.005 seconds
		Assemblies load time: 			3.577 seconds
		Unity extensions init time: 	0.051 seconds
		Asset Database refresh time: 	86.734 seconds
	Scene opening time: 			0.608 seconds
##utp:{"type":"ProjectInfo","version":2,"phase":"Immediate","time":1784750838405,"processId":13244,"projectLoad":102.3564667,"projectInit":101.2571199,"templateInit":0.0,"packageManagerInit":8.3059571,"assetDatabaseInit":1.3880665,"globalIlluminationInit":0.0047609,"assembliesLoad":3.5771168,"unityExtensionsInit":0.0509539,"assetDatabaseRefresh":86.7336799,"sceneOpening":0.6079155}
##utp:{"type":"EditorInfo","version":2,"phase":"Immediate","time":1784750838406,"processId":13244,"editorVersion":"6000.3.20f1 (c9ba695d4f07)","branch":"6000.3/staging","buildType":"Release","platform":"Windows"}
[Licensing::Client] Successfully resolved entitlement details
[Licensing::Client] Successfully resolved entitlement details
[Licensing::Client] Successfully resolved entitlement details
Running tests for ExecutionSettings with details:
targetPlatform = 
playerHeartbeatTimeout = 600
filters[0] = 
   Filter with settings:
   testMode = EditMode
   targetPlatform = 
   testNames = null
   groupNames = null
   categoryNames = null
   assemblyNames = null
ignoreTests = {}
featureFlags = null

UnityEngine.Debug:ExtractStackTraceNoAlloc (byte*,int,string)
UnityEngine.StackTraceUtility:ExtractStackTrace ()
UnityEngine.DebugLogHandler:Internal_Log (UnityEngine.LogType,UnityEngine.LogOption,string,UnityEngine.Object)
UnityEngine.DebugLogHandler:LogFormat (UnityEngine.LogType,UnityEngine.Object,string,object[])
UnityEngine.Logger:Log (UnityEngine.LogType,object)
UnityEngine.Debug:Log (object)
UnityEditor.TestTools.TestRunner.CommandLineTest.Executer:InitializeAndExecuteRun (string[]) (at ./Library/PackageCache/com.unity.test-framework@bd7f943e9647/UnityEditor.TestRunner/CommandLineTest/Executer.cs:53)
UnityEditor.TestTools.TestRunner.CommandLineTest.TestStarter:InitializeAndExecuteRun () (at ./Library/PackageCache/com.unity.test-framework@bd7f943e9647/UnityEditor.TestRunner/CommandLineTest/TestStarter.cs:64)
UnityEditor.EditorApplication:Internal_CallUpdateFunctions ()

(Filename: ./Library/PackageCache/com.unity.test-framework@bd7f943e9647/UnityEditor.TestRunner/CommandLineTest/Executer.cs Line: 53)

[Licensing::Client] Successfully resolved entitlement details
Start Indexing on Editor startup
[Indexing] Starting Initial Indexing for Assets
[UnityConnectServicesConfig] config is NOT valid, switching to default
Created GICache directory at C:/Users/AZAD/AppData/LocalLow/Unity/Caches/GiCache. Took: 0.030s, timestamps: [102.384 - 102.413]
Unloading 66 Unused Serialized files (Serialized files now loaded: 0)
Unloading 87 unused Assets / (77.7 KB). Loaded Objects now: 9899.
Memory consumption went from 199.1 MB to 199.0 MB.
Total: 37.822700 ms (FindLiveObjects: 1.374100 ms CreateObjectMapping: 2.013900 ms MarkObjects: 33.576800 ms  DeleteObjects: 0.855300 ms)

Executing IPrebuildSetup for: Unity.PerformanceTesting.Editor.TestRunBuilder.
UnityEngine.Debug:ExtractStackTraceNoAlloc (byte*,int,string)
UnityEngine.StackTraceUtility:ExtractStackTrace ()
UnityEngine.DebugLogHandler:Internal_Log (UnityEngine.LogType,UnityEngine.LogOption,string,UnityEngine.Object)
UnityEngine.DebugLogHandler:LogFormat (UnityEngine.LogType,UnityEngine.Object,string,object[])
UnityEngine.Logger:Log (UnityEngine.LogType,object)
UnityEngine.Debug:Log (object)
UnityEditor.TestTools.TestRunner.TestRun.Tasks.BuildActionTaskBase`1/<ExecuteMethods>d__8<UnityEngine.TestTools.IPrebuildSetup>:MoveNext () (at ./Library/PackageCache/com.unity.test-framework@bd7f943e9647/UnityEditor.TestRunner/TestRun/Tasks/BuildActionTaskBase.cs:48)
UnityEditor.TestTools.TestRunner.TestRun.Tasks.BuildActionTaskBase`1/<Execute>d__7<UnityEngine.TestTools.IPrebuildSetup>:MoveNext () (at ./Library/PackageCache/com.unity.test-framework@bd7f943e9647/UnityEditor.TestRunner/TestRun/Tasks/BuildActionTaskBase.cs:34)
UnityEditor.TestTools.TestRunner.TestRun.TestJobRunner:ExecuteStep () (at ./Library/PackageCache/com.unity.test-framework@bd7f943e9647/UnityEditor.TestRunner/TestRun/TestJobRunner.cs:173)
UnityEditor.TestTools.TestRunner.TestRun.TestJobRunner:ExecuteCallback () (at ./Library/PackageCache/com.unity.test-framework@bd7f943e9647/UnityEditor.TestRunner/TestRun/TestJobRunner.cs:108)
UnityEditor.EditorApplication:Internal_CallUpdateFunctions ()

(Filename: ./Library/PackageCache/com.unity.test-framework@bd7f943e9647/UnityEditor.TestRunner/TestRun/Tasks/BuildActionTaskBase.cs Line: 48)

<b><color=#2EA3FF>MCP-FOR-UNITY</color></b>: [TestRunnerNoThrottle] Applied No Throttling for test run.
UnityEngine.Debug:ExtractStackTraceNoAlloc (byte*,int,string)
UnityEngine.StackTraceUtility:ExtractStackTrace ()
UnityEngine.DebugLogHandler:Internal_Log (UnityEngine.LogType,UnityEngine.LogOption,string,UnityEngine.Object)
UnityEngine.DebugLogHandler:LogFormat (UnityEngine.LogType,UnityEngine.Object,string,object[])
UnityEngine.Logger:Log (UnityEngine.LogType,object)
UnityEngine.Debug:Log (object)
MCPForUnity.Editor.Helpers.McpLog:Info (string,bool) (at D:/Git/Useful-Houdini-Stuff/Unity/Unity3DMCP/UnityPackage/Editor/Helpers/McpLog.cs:40)
MCPForUnity.Editor.Services.TestRunnerNoThrottle:ApplyNoThrottling () (at D:/Git/Useful-Houdini-Stuff/Unity/Unity3DMCP/UnityPackage/Editor/Services/TestRunnerNoThrottle.cs:101)
MCPForUnity.Editor.Services.TestRunnerNoThrottle/TestCallbacks:RunStarted (UnityEditor.TestTools.TestRunner.Api.ITestAdaptor) (at D:/Git/Useful-Houdini-Stuff/Unity/Unity3DMCP/UnityPackage/Editor/Services/TestRunnerNoThrottle.cs:138)
UnityEditor.TestTools.TestRunner.Api.CallbacksDelegator/<>c__DisplayClass7_0:<RunStarted>b__0 (UnityEditor.TestTools.TestRunner.Api.ICallbacks) (at ./Library/PackageCache/com.unity.test-framework@bd7f943e9647/UnityEditor.TestRunner/Api/CallbacksDelegator.cs:42)
UnityEditor.TestTools.TestRunner.Api.CallbacksDelegator:TryInvokeAllCallbacks (System.Action`1<UnityEditor.TestTools.TestRunner.Api.ICallbacks>) (at ./Library/PackageCache/com.unity.test-framework@bd7f943e9647/UnityEditor.TestRunner/Api/CallbacksDelegator.cs:135)
UnityEditor.TestTools.TestRunner.Api.CallbacksDelegator:RunStarted (NUnit.Framework.Interfaces.ITest) (at ./Library/PackageCache/com.unity.test-framework@bd7f943e9647/UnityEditor.TestRunner/Api/CallbacksDelegator.cs:42)
UnityEngine.Events.InvokableCall`1<NUnit.Framework.Interfaces.ITest>:Invoke (NUnit.Framework.Interfaces.ITest)
UnityEngine.Events.UnityEvent`1<NUnit.Framework.Interfaces.ITest>:Invoke (NUnit.Framework.Interfaces.ITest)
UnityEditor.TestTools.TestRunner.TestRun.Tasks.Events.RunStartedInvocationEvent/<Execute>d__0:MoveNext () (at ./Library/PackageCache/com.unity.test-framework@bd7f943e9647/UnityEditor.TestRunner/TestRun/Tasks/Events/RunStartedInvocationEvent.cs:15)
UnityEditor.TestTools.TestRunner.TestRun.TestJobRunner:ExecuteStep () (at ./Library/PackageCache/com.unity.test-framework@bd7f943e9647/UnityEditor.TestRunner/TestRun/TestJobRunner.cs:173)
UnityEditor.TestTools.TestRunner.TestRun.TestJobRunner:ExecuteCallback () (at ./Library/PackageCache/com.unity.test-framework@bd7f943e9647/UnityEditor.TestRunner/TestRun/TestJobRunner.cs:108)
UnityEditor.EditorApplication:Internal_CallUpdateFunctions ()

(Filename: D:/Git/Useful-Houdini-Stuff/Unity/Unity3DMCP/UnityPackage/Editor/Helpers/McpLog.cs Line: 40)

Start importing Assets/ToolkitExamples/1_SubwaySurfers_Meta_Slice.prefab using Guid(407e08117c0890844a34477561fe5634) (PrefabImporter) -> (artifact id: '880af54c9a583e0d7a3da75376db1b4b') in 0.0569925 seconds
Refreshing native plugins compatible for Editor in 24.27 ms, found 5 plugins.
Preloading 0 native plugins for Editor in 0.00 ms.
Asset Pipeline Refresh (id=3f282454252fe6b4ba4422cd9e7751b9): Total: 0.352 seconds - Initiated by StopAssetImportingV2(NoUpdateAssetOptions)
	Summary:
		Imports: total=1 (actual=1, local cache=0, cache server=0)
		Asset DB Process Time: managed=1 ms, native=266 ms
		Asset DB Callback time: managed=14 ms, native=69 ms
		Scripting: domain reloads=0, domain reload time=0 ms, compile time=0 ms, other=0 ms
		Project Asset Count: scripts=2112, non-scripts=3948
		Asset File Changes: new=0, changed=1, moved=0, deleted=0
		Scan Filter Count: 3
	InvokeCustomDependenciesCallbacks: 0.001ms
	InvokePackagesCallback: 0.002ms
	ApplyChangesToAssetFolders: 0.596ms
	Scan: 110.199ms
	OnSourceAssetsModified: 2.333ms
	CategorizeAssetsWithTransientArtifact: 0.021ms
	ProcessAssetsWithTransientArtifactChanges: 0.405ms
	CategorizeAssets: 24.139ms
	ImportOutOfDateAssets: 99.199ms (-14.616ms without children)
		ImportManagerImport: 83.484ms (22.695ms without children)
			ImportInProcess: 60.708ms
			UpdateCategorizedAssets: 0.081ms
		ReloadNativeAssets: 0.002ms
		UnloadImportedAssets: 0.815ms
		ReloadImportedAssets: 18.819ms
		EnsureUptoDateAssetsAreRegisteredWithGuidPM: 6.180ms
		InitializingProgressBar: 0.013ms
		PostProcessAllAssetNotificationsAddChangedAssets: 0.002ms
		OnDemandSchedulerStart: 4.500ms
	PostProcessAllAssets: 55.311ms
	Hotreload: 25.556ms
	GatherAllCurrentPrimaryArtifactRevisions: 1.224ms
	UnloadStreamsBegin: 0.229ms
	PersistCurrentRevisions: 0.934ms
	UnloadStreamsEnd: 0.002ms
	Untracked: 31.675ms

Start importing Assets/ToolkitExamples/2_IdleSlayer_Platformer_Slice.prefab using Guid(19e5bd6983a0bcf48a5881852b3f0988) (PrefabImporter) -> (artifact id: '1a59e3c76b8ae0e91b2cbdc58fad8b36') in 0.0382965 seconds
Refreshing native plugins compatible for Editor in 19.51 ms, found 5 plugins.
Preloading 0 native plugins for Editor in 0.00 ms.
Asset Pipeline Refresh (id=c1d669bceed40894a821e28aed0a8ca3): Total: 0.173 seconds - Initiated by StopAssetImportingV2(NoUpdateAssetOptions)
Start importing Assets/ToolkitExamples/3_TalkingTom_Rebuild_Slice.prefab using Guid(2dc25457ecd27fc45a74d5b0e43e191a) (PrefabImporter) -> (artifact id: 'a001555053ecd8937d3c664137f1d69e') in 0.0474892 seconds
Refreshing native plugins compatible for Editor in 19.41 ms, found 5 plugins.
Preloading 0 native plugins for Editor in 0.00 ms.
Asset Pipeline Refresh (id=09f74238aeb174e4796de1b5b2cdd20a): Total: 0.188 seconds - Initiated by StopAssetImportingV2(NoUpdateAssetOptions)
Start importing Assets/ToolkitExamples/4_CountMasters_Swarm_Slice.prefab using Guid(654cdbc3afea2b24c90e6f3fe3ff38a9) (PrefabImporter) -> (artifact id: 'eb0fdf3ac2460c6aff2b3be36212d091') in 0.0510348 seconds
Refreshing native plugins compatible for Editor in 22.83 ms, found 5 plugins.
Preloading 0 native plugins for Editor in 0.00 ms.
Asset Pipeline Refresh (id=02cceecf6e293e643adb4a83ee797669): Total: 0.188 seconds - Initiated by StopAssetImportingV2(NoUpdateAssetOptions)
Start importing Assets/ToolkitExamples/5_JoinClash_Snake_Slice.prefab using Guid(a72ae365ca86d65489a86b1d98cdacd1) (PrefabImporter) -> (artifact id: '0f5459ad54cfdec3d5b78a88bab9740a') in 0.0461717 seconds
Refreshing native plugins compatible for Editor in 35.64 ms, found 5 plugins.
Preloading 0 native plugins for Editor in 0.00 ms.
Asset Pipeline Refresh (id=0cc61d46cae5a784c90d84fc21951d5a): Total: 0.219 seconds - Initiated by StopAssetImportingV2(NoUpdateAssetOptions)
Start importing Assets/ToolkitExamples/6_MobControl_Cannons_Slice.prefab using Guid(1a0f7b3e9eebd324c926f70ccf093bab) (PrefabImporter) -> (artifact id: 'd27d773f1a3da0ee3efb7267358398a0') in 0.0391965 seconds
Refreshing native plugins compatible for Editor in 29.96 ms, found 5 plugins.
Preloading 0 native plugins for Editor in 0.00 ms.
Asset Pipeline Refresh (id=5e87c9fe04d552944b158b735ef971a2): Total: 0.183 seconds - Initiated by StopAssetImportingV2(NoUpdateAssetOptions)
Start importing Assets/ToolkitExamples/7_BridgeRace_Stacker_Slice.prefab using Guid(c49eec4aedc85d242a8ce7bf5e02df6c) (PrefabImporter) -> (artifact id: '98d3ac96e9bfa8a67b1cc2d344abbff9') in 0.0536042 seconds
Refreshing native plugins compatible for Editor in 21.08 ms, found 5 plugins.
Preloading 0 native plugins for Editor in 0.00 ms.
Asset Pipeline Refresh (id=95895aef30f0fd74086f78e20be09d46): Total: 0.198 seconds - Initiated by StopAssetImportingV2(NoUpdateAssetOptions)
Start importing Assets/ToolkitExamples/8_HighHeels_Vertical_Slice.prefab using Guid(b2539b91b0f882448a5a1a7cb3b08260) (PrefabImporter) -> (artifact id: 'b7541023909da39dfe3ebb9277b45ab2') in 0.0528671 seconds
Refreshing native plugins compatible for Editor in 21.17 ms, found 5 plugins.
Preloading 0 native plugins for Editor in 0.00 ms.
Asset Pipeline Refresh (id=0959b30ff76886a4ea5a3542b40c08f5): Total: 0.185 seconds - Initiated by StopAssetImportingV2(NoUpdateAssetOptions)
Start importing Assets/ToolkitExamples/9_TallManRun_Scale_Slice.prefab using Guid(e2d1f9080097c8d4e9ba975419d3760a) (PrefabImporter) -> (artifact id: '4bd108190e51dfbb1eb1dd6510edbd55') in 0.0439312 seconds
Refreshing native plugins compatible for Editor in 20.76 ms, found 5 plugins.
Preloading 0 native plugins for Editor in 0.00 ms.
Asset Pipeline Refresh (id=460ea2d00481ffe46a92af0a3ee480c4): Total: 0.193 seconds - Initiated by StopAssetImportingV2(NoUpdateAssetOptions)
Start importing Assets/ToolkitExamples/10_RunRich_Status_Slice.prefab using Guid(c38f36c6dadf7ea4487cfa96f08929f7) (PrefabImporter) -> (artifact id: 'c7d71313f87bc635ead5d87eedd048f5') in 0.0459932 seconds
Refreshing native plugins compatible for Editor in 19.97 ms, found 5 plugins.
Preloading 0 native plugins for Editor in 0.00 ms.
Asset Pipeline Refresh (id=f05301d5d72edf3428d5edbdeafc9962): Total: 0.214 seconds - Initiated by StopAssetImportingV2(NoUpdateAssetOptions)
Start importing Assets/ToolkitExamples/11_BlobRunner_Jiggle_Slice.prefab using Guid(bb8d9be4a33942d47a5854b4c1d11528) (PrefabImporter) -> (artifact id: '0b84a52e4e28e444d87537752f954c58') in 0.0405162 seconds
Refreshing native plugins compatible for Editor in 20.71 ms, found 5 plugins.
Preloading 0 native plugins for Editor in 0.00 ms.
Asset Pipeline Refresh (id=fff0046097dfb94428ea5c9a4a07a4ec): Total: 0.171 seconds - Initiated by StopAssetImportingV2(NoUpdateAssetOptions)
Start importing Assets/ToolkitExamples/12_StackyDash_Grid_Slice.prefab using Guid(102f2245b2e3b4949ab3826aaef0e0aa) (PrefabImporter) -> (artifact id: '91decf2c75c3ea79ac0283c2666c904a') in 0.1022671 seconds
Refreshing native plugins compatible for Editor in 33.41 ms, found 5 plugins.
Preloading 0 native plugins for Editor in 0.00 ms.
Asset Pipeline Refresh (id=b59e77cf4d265634884d2b8ec16a2395): Total: 0.312 seconds - Initiated by StopAssetImportingV2(NoUpdateAssetOptions)
	Summary:
		Imports: total=1 (actual=1, local cache=0, cache server=0)
		Asset DB Process Time: managed=0 ms, native=266 ms
		Asset DB Callback time: managed=3 ms, native=41 ms
		Scripting: domain reloads=0, domain reload time=0 ms, compile time=0 ms, other=0 ms
		Project Asset Count: scripts=2112, non-scripts=3948
		Asset File Changes: new=0, changed=1, moved=0, deleted=0
		Scan Filter Count: 3
	InvokeCustomDependenciesCallbacks: 0.001ms
	InvokePackagesCallback: 0.001ms
	ApplyChangesToAssetFolders: 0.272ms
	Scan: 57.969ms
	OnSourceAssetsModified: 0.114ms
	CategorizeAssetsWithTransientArtifact: 0.009ms
	ProcessAssetsWithTransientArtifactChanges: 0.135ms
	CategorizeAssets: 11.990ms
	ImportOutOfDateAssets: 182.159ms (-33.312ms without children)
		ImportManagerImport: 159.791ms (48.000ms without children)
			ImportInProcess: 111.537ms
			UpdateCategorizedAssets: 0.254ms
		ReloadNativeAssets: 0.001ms
		UnloadImportedAssets: 11.086ms
		ReloadImportedAssets: 36.660ms
		EnsureUptoDateAssetsAreRegisteredWithGuidPM: 3.023ms
		InitializingProgressBar: 0.015ms
		PostProcessAllAssetNotificationsAddChangedAssets: 0.002ms
		OnDemandSchedulerStart: 4.894ms
	PostProcessAllAssets: 9.496ms
	Hotreload: 35.486ms
	GatherAllCurrentPrimaryArtifactRevisions: 0.798ms
	UnloadStreamsBegin: 0.414ms
	PersistCurrentRevisions: 1.153ms
	UnloadStreamsEnd: 0.004ms
	Untracked: 12.202ms

Start importing Assets/ToolkitExamples/13_ShortcutRun_Planks_Slice.prefab using Guid(3c0b272c25cc0374899ea60ccca36a27) (PrefabImporter) -> (artifact id: 'ce436fb331fc968515b39b5a8a1310f2') in 0.0502374 seconds
Refreshing native plugins compatible for Editor in 20.10 ms, found 5 plugins.
Preloading 0 native plugins for Editor in 0.00 ms.
Asset Pipeline Refresh (id=bf4125e693e4b1a4ea630c3d73695789): Total: 0.207 seconds - Initiated by StopAssetImportingV2(NoUpdateAssetOptions)
Start importing Assets/ToolkitExamples/14_MoneyRush_Coins_Slice.prefab using Guid(f0d2cdc263744fb4ea8271789fdb654f) (PrefabImporter) -> (artifact id: '04eb223bf82766c269c54d5240c1e2a4') in 0.0575721 seconds
Refreshing native plugins compatible for Editor in 51.54 ms, found 5 plugins.
Preloading 0 native plugins for Editor in 0.00 ms.
Asset Pipeline Refresh (id=dace32e36b6642b4fb9d7446bb587d24): Total: 0.226 seconds - Initiated by StopAssetImportingV2(NoUpdateAssetOptions)
Start importing Assets/ToolkitExamples/15_Aquapark_Skip_Slice.prefab using Guid(09e11eec10e77ec4ca85dc5fcf0a8b47) (PrefabImporter) -> (artifact id: '3583a780f87b44cbff907d7d227963ff') in 0.0380284 seconds
Refreshing native plugins compatible for Editor in 21.05 ms, found 5 plugins.
Preloading 0 native plugins for Editor in 0.00 ms.
Asset Pipeline Refresh (id=e628f85e66091904aae0e928c685db51): Total: 0.184 seconds - Initiated by StopAssetImportingV2(NoUpdateAssetOptions)
Start importing Assets/ToolkitExamples/16_MyMiniMart_Supply_Slice.prefab using Guid(4649eb3089283024bb683b1ed488a922) (PrefabImporter) -> (artifact id: '21085143841ec7599ccefac008fba806') in 0.0365524 seconds
Refreshing native plugins compatible for Editor in 28.44 ms, found 5 plugins.
Preloading 0 native plugins for Editor in 0.00 ms.
Asset Pipeline Refresh (id=e289f775beba23f47bc9c6b8c961a33e): Total: 0.184 seconds - Initiated by StopAssetImportingV2(NoUpdateAssetOptions)
Start importing Assets/ToolkitExamples/17_MyPerfectHotel_Service_Slice.prefab using Guid(acd4f269517c98f44b74c3be547fc3d7) (PrefabImporter) -> (artifact id: '599633ca85fc9a66029ee69039209575') in 0.0403271 seconds
Refreshing native plugins compatible for Editor in 19.28 ms, found 5 plugins.
Preloading 0 native plugins for Editor in 0.00 ms.
Asset Pipeline Refresh (id=25704f41b60c80444b67c30889f02886): Total: 0.204 seconds - Initiated by StopAssetImportingV2(NoUpdateAssetOptions)
Start importing Assets/ToolkitExamples/18_BurgerPlease_Multi_Slice.prefab using Guid(3be32ab850ec8c7478a84b01fdf80728) (PrefabImporter) -> (artifact id: 'f3916d8ef53f4bd7054bafb608247d7a') in 0.0334314 seconds
Refreshing native plugins compatible for Editor in 18.50 ms, found 5 plugins.
Preloading 0 native plugins for Editor in 0.00 ms.
Asset Pipeline Refresh (id=8a746f9d775abbd42bc4149c4a56e39d): Total: 0.154 seconds - Initiated by StopAssetImportingV2(NoUpdateAssetOptions)
Start importing Assets/ToolkitExamples/19_PizzaReady_Flow_Slice.prefab using Guid(a2816388990f50940a89c206f04c9a6a) (PrefabImporter) -> (artifact id: '7483d6c1ce17121c9ee5103ee9b6a3cf') in 0.0383576 seconds
Refreshing native plugins compatible for Editor in 23.97 ms, found 5 plugins.
Preloading 0 native plugins for Editor in 0.00 ms.
Asset Pipeline Refresh (id=a40e1c3fede51e144af132d913a34ee4): Total: 0.172 seconds - Initiated by StopAssetImportingV2(NoUpdateAssetOptions)
Start importing Assets/ToolkitExamples/20_MyLittleUniverse_Build_Slice.prefab using Guid(a695ad867269cca4c88656b41e976cd7) (PrefabImporter) -> (artifact id: '42dac152f843b152bd3b71e8bf6a80b4') in 0.0399634 seconds
Refreshing native plugins compatible for Editor in 19.03 ms, found 5 plugins.
Preloading 0 native plugins for Editor in 0.00 ms.
Asset Pipeline Refresh (id=1c48b5cc748122948bcd5e37bace1adc): Total: 0.197 seconds - Initiated by StopAssetImportingV2(NoUpdateAssetOptions)
Start importing Assets/ToolkitExamples/21_WeaponMaster_Shooter_Slice.prefab using Guid(4bdfeeaf13343434cb8d4672f5fec28d) (PrefabImporter) -> (artifact id: 'abfc97105ad3f0f79cf386b73a1ba401') in 0.099279 seconds
Refreshing native plugins compatible for Editor in 30.95 ms, found 5 plugins.
Preloading 0 native plugins for Editor in 0.00 ms.
Asset Pipeline Refresh (id=eab6a87bed7bddc42b2d0b569148c746): Total: 0.255 seconds - Initiated by StopAssetImportingV2(NoUpdateAssetOptions)
Asset Pipeline Refresh (id=f23fbb5f5dfffde4cb9079373a87f2ab): Total: 0.036 seconds - Initiated by StopAssetImportingV2(NoUpdateAssetOptions)
Asset Pipeline Refresh (id=3b109024241f32247b7e71a42d786fb2): Total: 0.025 seconds - Initiated by RefreshV2(NoUpdateAssetOptions)
Successfully generated 21 Playable Slices and 1 Master Hub!
UnityEngine.Debug:ExtractStackTraceNoAlloc (byte*,int,string)
UnityEngine.StackTraceUtility:ExtractStackTrace ()
UnityEngine.DebugLogHandler:Internal_Log (UnityEngine.LogType,UnityEngine.LogOption,string,UnityEngine.Object)
UnityEngine.DebugLogHandler:LogFormat (UnityEngine.LogType,UnityEngine.Object,string,object[])
UnityEngine.Logger:Log (UnityEngine.LogType,object)
UnityEngine.Debug:Log (object)
HyperCasualRunner.Editor.ToolkitExampleGenerator:GenerateExamples () (at Assets/Scripts/Editor/ToolkitExampleGenerator.cs:576)
HyperCasualRunner.Tests.CoinSystemTests:MoneyRush_Slice14_PrefabContainsCoinSpawnerAndGates () (at Assets/Scripts/Editor/Tests/CoinSystemTests.cs:171)
System.Reflection.RuntimeMethodInfo:Invoke (object,System.Reflection.BindingFlags,System.Reflection.Binder,object[],System.Globalization.CultureInfo)
System.Reflection.MethodBase:Invoke (object,object[])
NUnit.Framework.Internal.Reflect:InvokeMethod (System.Reflection.MethodInfo,object,object[])
NUnit.Framework.Internal.MethodWrapper:Invoke (object,object[])
NUnit.Framework.Internal.Commands.TestMethodCommand:RunNonAsyncTestMethod (NUnit.Framework.Internal.ITestExecutionContext)
NUnit.Framework.Internal.Commands.TestMethodCommand:RunTestMethod (NUnit.Framework.Internal.ITestExecutionContext)
NUnit.Framework.Internal.Commands.TestMethodCommand:Execute (NUnit.Framework.Internal.ITestExecutionContext)
UnityEngine.TestTools.UnityTestMethodCommand:Execute (NUnit.Framework.Internal.ITestExecutionContext) (at ./Library/PackageCache/com.unity.test-framework@bd7f943e9647/UnityEngine.TestRunner/NUnitExtensions/Commands/UnityTestMethodCommand.cs:19)
UnityEngine.TestRunner.NUnitExtensions.Runner.UnityLogCheckDelegatingCommand/<>c__DisplayClass2_0:<Execute>b__0 () (at ./Library/PackageCache/com.unity.test-framework@bd7f943e9647/UnityEngine.TestRunner/NUnitExtensions/Runner/UnityLogCheckDelegatingCommand.cs:24)
UnityEngine.TestRunner.NUnitExtensions.Runner.UnityLogCheckDelegatingCommand:CaptureException (NUnit.Framework.Internal.TestResult,System.Action) (at ./Library/PackageCache/com.unity.test-framework@bd7f943e9647/UnityEngine.TestRunner/NUnitExtensions/Runner/UnityLogCheckDelegatingCommand.cs:72)
UnityEngine.TestRunner.NUnitExtensions.Runner.UnityLogCheckDelegatingCommand:ExecuteAndCheckLog (UnityEngine.TestTools.Logging.LogScope,NUnit.Framework.Internal.TestResult,System.Action) (at ./Library/PackageCache/com.unity.test-framework@bd7f943e9647/UnityEngine.TestRunner/NUnitExtensions/Runner/UnityLogCheckDelegatingCommand.cs:83)
UnityEngine.TestRunner.NUnitExtensions.Runner.UnityLogCheckDelegatingCommand:Execute (NUnit.Framework.Internal.ITestExecutionContext) (at ./Library/PackageCache/com.unity.test-framework@bd7f943e9647/UnityEngine.TestRunner/NUnitExtensions/Runner/UnityLogCheckDelegatingCommand.cs:24)
UnityEngine.TestRunner.NUnitExtensions.Runner.UnityLogCheckDelegatingCommand/<ExecuteEnumerable>d__3:MoveNext () (at ./Library/PackageCache/com.unity.test-framework@bd7f943e9647/UnityEngine.TestRunner/NUnitExtensions/Runner/UnityLogCheckDelegatingCommand.cs:35)
UnityEngine.TestTools.BeforeAfterTestCommandBase`1/<ExecuteEnumerable>d__16<NUnit.Framework.ITestAction>:MoveNext () (at ./Library/PackageCache/com.unity.test-framework@bd7f943e9647/UnityEngine.TestRunner/NUnitExtensions/Commands/BeforeAfterTestCommandBase.cs:212)
UnityEngine.TestTools.ImmediateEnumerableCommand:Execute (NUnit.Framework.Internal.ITestExecutionContext) (at ./Library/PackageCache/com.unity.test-framework@bd7f943e9647/UnityEngine.TestRunner/NUnitExtensions/Commands/ImmediateEnumerableCommand.cs:18)
UnityEngine.TestTools.BeforeAfterTestCommandBase`1/<ExecuteEnumerable>d__16<System.Reflection.MethodInfo>:MoveNext () (at ./Library/PackageCache/com.unity.test-framework@bd7f943e9647/UnityEngine.TestRunner/NUnitExtensions/Commands/BeforeAfterTestCommandBase.cs:219)
UnityEngine.TestTools.BeforeAfterTestCommandBase`1/<ExecuteEnumerable>d__16<System.Reflection.MethodInfo>:MoveNext () (at ./Library/PackageCache/com.unity.test-framework@bd7f943e9647/UnityEngine.TestRunner/NUnitExtensions/Commands/BeforeAfterTestCommandBase.cs:212)
UnityEngine.TestTools.BeforeAfterTestCommandBase`1/<ExecuteEnumerable>d__16<UnityEngine.TestTools.IOuterUnityTestAction>:MoveNext () (at ./Library/PackageCache/com.unity.test-framework@bd7f943e9647/UnityEngine.TestRunner/NUnitExtensions/Commands/BeforeAfterTestCommandBase.cs:212)
UnityEngine.TestTools.RetryCommand/<ExecuteEnumerable>d__2:MoveNext () (at ./Library/PackageCache/com.unity.test-framework@bd7f943e9647/UnityEngine.TestRunner/NUnitExtensions/Commands/RetryCommand.cs:37)
UnityEngine.TestTools.RepeatCommand/<ExecuteEnumerable>d__2:MoveNext () (at ./Library/PackageCache/com.unity.test-framework@bd7f943e9647/UnityEngine.TestRunner/NUnitExtensions/Commands/RepeatCommand.cs:36)
UnityEngine.TestTools.IgnoreTestCommand/<ExecuteEnumerable>d__3:MoveNext () (at ./Library/PackageCache/com.unity.test-framework@bd7f943e9647/UnityEngine.TestRunner/NUnitExtensions/Commands/IgnoreTestCommand.cs:42)
UnityEngine.TestTools.StrictCheckCommand/<ExecuteEnumerable>d__2:MoveNext () (at ./Library/PackageCache/com.unity.test-framework@bd7f943e9647/UnityEngine.TestRunner/NUnitExtensions/Commands/StrictCheckCommand.cs:29)
UnityEngine.TestRunner.NUnitExtensions.Runner.DefaultTestWorkItem/<PerformWork>d__2:MoveNext () (at ./Library/PackageCache/com.unity.test-framework@bd7f943e9647/UnityEngine.TestRunner/NUnitExtensions/Runner/DefaultTestWorkItem.cs:50)
UnityEngine.TestRunner.NUnitExtensions.Runner.CompositeWorkItem/<RunChildren>d__17:MoveNext () (at ./Library/PackageCache/com.unity.test-framework@bd7f943e9647/UnityEngine.TestRunner/NUnitExtensions/Runner/CompositeWorkItem.cs:207)
UnityEngine.TestRunner.NUnitExtensions.Runner.CompositeWorkItem/<PerformWork>d__13:MoveNext () (at ./Library/PackageCache/com.unity.test-framework@bd7f943e9647/UnityEngine.TestRunner/NUnitExtensions/Runner/CompositeWorkItem.cs:82)
UnityEngine.TestRunner.NUnitExtensions.Runner.CompositeWorkItem/<RunChildren>d__17:MoveNext () (at ./Library/PackageCache/com.unity.test-framework@bd7f943e9647/UnityEngine.TestRunner/NUnitExtensions/Runner/CompositeWorkItem.cs:207)
UnityEngine.TestRunner.NUnitExtensions.Runner.CompositeWorkItem/<PerformWork>d__13:MoveNext () (at ./Library/PackageCache/com.unity.test-framework@bd7f943e9647/UnityEngine.TestRunner/NUnitExtensions/Runner/CompositeWorkItem.cs:82)
UnityEngine.TestRunner.NUnitExtensions.Runner.CompositeWorkItem/<RunChildren>d__17:MoveNext () (at ./Library/PackageCache/com.unity.test-framework@bd7f943e9647/UnityEngine.TestRunner/NUnitExtensions/Runner/CompositeWorkItem.cs:207)
UnityEngine.TestRunner.NUnitExtensions.Runner.CompositeWorkItem/<PerformWork>d__13:MoveNext () (at ./Library/PackageCache/com.unity.test-framework@bd7f943e9647/UnityEngine.TestRunner/NUnitExtensions/Runner/CompositeWorkItem.cs:82)
UnityEngine.TestRunner.NUnitExtensions.Runner.CompositeWorkItem/<RunChildren>d__17:MoveNext () (at ./Library/PackageCache/com.unity.test-framework@bd7f943e9647/UnityEngine.TestRunner/NUnitExtensions/Runner/CompositeWorkItem.cs:207)
UnityEngine.TestRunner.NUnitExtensions.Runner.CompositeWorkItem/<PerformWork>d__13:MoveNext () (at ./Library/PackageCache/com.unity.test-framework@bd7f943e9647/UnityEngine.TestRunner/NUnitExtensions/Runner/CompositeWorkItem.cs:82)
UnityEngine.TestRunner.NUnitExtensions.Runner.CompositeWorkItem/<RunChildren>d__17:MoveNext () (at ./Library/PackageCache/com.unity.test-framework@bd7f943e9647/UnityEngine.TestRunner/NUnitExtensions/Runner/CompositeWorkItem.cs:207)
UnityEngine.TestRunner.NUnitExtensions.Runner.CompositeWorkItem/<PerformWork>d__13:MoveNext () (at ./Library/PackageCache/com.unity.test-framework@bd7f943e9647/UnityEngine.TestRunner/NUnitExtensions/Runner/CompositeWorkItem.cs:82)
UnityEditor.TestTools.TestRunner.EditModeRunner:MoveNextAndUpdateYieldObject () (at ./Library/PackageCache/com.unity.test-framework@bd7f943e9647/UnityEditor.TestRunner/TestRunner/EditModeRunner.cs:167)
UnityEditor.TestTools.TestRunner.EditModeRunner:TestConsumer (UnityEditor.TestTools.TestRunner.TestRunnerStateSerializer) (at ./Library/PackageCache/com.unity.test-framework@bd7f943e9647/UnityEditor.TestRunner/TestRunner/EditModeRunner.cs:200)
UnityEditor.TestTools.TestRunner.TestRun.Tasks.EditModeRunTask/<Execute>d__1:MoveNext () (at ./Library/PackageCache/com.unity.test-framework@bd7f943e9647/UnityEditor.TestRunner/TestRun/Tasks/EditModeRunTask.cs:48)
UnityEditor.TestTools.TestRunner.TestRun.TestJobRunner:ExecuteStep () (at ./Library/PackageCache/com.unity.test-framework@bd7f943e9647/UnityEditor.TestRunner/TestRun/TestJobRunner.cs:173)
UnityEditor.TestTools.TestRunner.TestRun.TestJobRunner:ExecuteCallback () (at ./Library/PackageCache/com.unity.test-framework@bd7f943e9647/UnityEditor.TestRunner/TestRun/TestJobRunner.cs:108)
UnityEditor.EditorApplication:Internal_CallUpdateFunctions ()

(Filename: Assets/Scripts/Editor/ToolkitExampleGenerator.cs Line: 576)

InvalidOperationException: Structural changes are not allowed while iterating over entities. Please use EntityCommandBuffer instead.
  at Unity.Entities.EntityDataAccess.CheckIsStructuralChange () [0x0001d] in .\Library\PackageCache\com.unity.entities@1eebe0437e56\Unity.Entities\EntityDataAccess.cs:338 
  at Unity.Entities.EntityDataAccess.BeforeStructuralChange () [0x00000] in .\Library\PackageCache\com.unity.entities@1eebe0437e56\Unity.Entities\EntityDataAccess.cs:410 
  at Unity.Entities.EntityDataAccess.BeginStructuralChanges () [0x00008] in .\Library\PackageCache\com.unity.entities@1eebe0437e56\Unity.Entities\EntityDataAccess.cs:420 
  at Unity.Entities.EntityManager.AddComponent (Unity.Entities.Entity entity, Unity.Entities.ComponentType componentType) [0x00006] in .\Library\PackageCache\com.unity.entities@1eebe0437e56\Unity.Entities\EntityManager.cs:1569 
  at Unity.Entities.EntityManager.AddComponentData[T] (Unity.Entities.Entity entity, T componentData) [0x00006] in .\Library\PackageCache\com.unity.entities@1eebe0437e56\Unity.Entities\EntityManager.cs:2450 
  at HyperCasualRunner.ECS.Systems.CosmeticsShopSystem.OnUpdate (Unity.Entities.SystemState& state) [0x000e4] in D:\Git\Hyper-Casual-Runner\Assets\Scripts\ECS\Systems\Idle\CosmeticsShopSystem.cs:38 
  at HyperCasualRunner.ECS.Systems.CosmeticsShopSystem.__codegen__OnUpdate (System.IntPtr self, System.IntPtr state) [0x00012] in <a8b5c37766324880aa707a7059b5f246>:0 
  at Unity.Entities.SystemBaseRegistry+<>c__DisplayClass9_0.<SelectBurstFn>b__0 (System.IntPtr system, System.IntPtr state) [0x00000] in .\Library\PackageCache\com.unity.entities@1eebe0437e56\Unity.Entities\SystemBaseRegistry.cs:249 
UnityEngine.DebugLogHandler:Internal_LogException_Injected(Exception, IntPtr)
UnityEngine.DebugLogHandler:Internal_LogException(Exception, Object)
UnityEngine.DebugLogHandler:LogException(Exception, Object)
UnityEngine.Logger:LogException(Exception, Object)
UnityEngine.Debug:LogException(Exception)
Unity.Debug:LogException(Exception) (at .\Library\PackageCache\com.unity.entities@1eebe0437e56\Unity.Entities\Stubs\Unity\Debug.cs:17)
Unity.Entities.<>c__DisplayClass9_0:<SelectBurstFn>b__0(IntPtr, IntPtr) (at .\Library\PackageCache\com.unity.entities@1eebe0437e56\Unity.Entities\SystemBaseRegistry.cs:253)
Unity.Entities.UnmanagedUpdate_0000164F$BurstDirectCall:wrapper_native_indirect_000001B217234E70(IntPtr&, Void*)
Unity.Entities.UnmanagedUpdate_0000164F$BurstDirectCall:Invoke(Void*)
Unity.Entities.WorldUnmanagedImpl:UnmanagedUpdate(Void*)
Unity.Entities.WorldUnmanagedImpl:UpdateSystem(SystemHandle) (at .\Library\PackageCache\com.unity.entities@1eebe0437e56\Unity.Entities\WorldUnmanaged.cs:891)
Unity.Entities.SystemHandle:Update(WorldUnmanaged) (at .\Library\PackageCache\com.unity.entities@1eebe0437e56\Unity.Entities\WorldUnmanaged.cs:169)
HyperCasualRunner.Tests.CosmeticsShopTests:CosmeticsShopSystem_SufficientPrestige_DeductsPrestigeCurrencyAndUnlocksSkin() (at Assets\Scripts\Editor\Tests\CosmeticsShopTests.cs:69)
System.Reflection.RuntimeMethodInfo:InternalInvoke(RuntimeMethodInfo, Object, Object[], Exception&)
System.Reflection.RuntimeMethodInfo:Invoke(Object, BindingFlags, Binder, Object[], CultureInfo)
System.Reflection.MethodBase:Invoke(Object, Object[])
NUnit.Framework.Internal.Reflect:InvokeMethod(MethodInfo, Object, Object[])
NUnit.Framework.Internal.MethodWrapper:Invoke(Object, Object[])
NUnit.Framework.Internal.Commands.TestMethodCommand:RunNonAsyncTestMethod(ITestExecutionContext)
NUnit.Framework.Internal.Commands.TestMethodCommand:RunTestMethod(ITestExecutionContext)
NUnit.Framework.Internal.Commands.TestMethodCommand:Execute(ITestExecutionContext)
UnityEngine.TestTools.UnityTestMethodCommand:Execute(ITestExecutionContext) (at .\Library\PackageCache\com.unity.test-framework@bd7f943e9647\UnityEngine.TestRunner\NUnitExtensions\Commands\UnityTestMethodCommand.cs:19)
UnityEngine.TestRunner.NUnitExtensions.Runner.<>c__DisplayClass2_0:<Execute>b__0() (at .\Library\PackageCache\com.unity.test-framework@bd7f943e9647\UnityEngine.TestRunner\NUnitExtensions\Runner\UnityLogCheckDelegatingCommand.cs:24)
UnityEngine.TestRunner.NUnitExtensions.Runner.UnityLogCheckDelegatingCommand:CaptureException(TestResult, Action) (at .\Library\PackageCache\com.unity.test-framework@bd7f943e9647\UnityEngine.TestRunner\NUnitExtensions\Runner\UnityLogCheckDelegatingCommand.cs:72)
UnityEngine.TestRunner.NUnitExtensions.Runner.UnityLogCheckDelegatingCommand:ExecuteAndCheckLog(LogScope, TestResult, Action) (at .\Library\PackageCache\com.unity.test-framework@bd7f943e9647\UnityEngine.TestRunner\NUnitExtensions\Runner\UnityLogCheckDelegatingCommand.cs:83)
UnityEngine.TestRunner.NUnitExtensions.Runner.UnityLogCheckDelegatingCommand:Execute(ITestExecutionContext) (at .\Library\PackageCache\com.unity.test-framework@bd7f943e9647\UnityEngine.TestRunner\NUnitExtensions\Runner\UnityLogCheckDelegatingCommand.cs:24)
UnityEngine.TestRunner.NUnitExtensions.Runner.<ExecuteEnumerable>d__3:MoveNext() (at .\Library\PackageCache\com.unity.test-framework@bd7f943e9647\UnityEngine.TestRunner\NUnitExtensions\Runner\UnityLogCheckDelegatingCommand.cs:35)
UnityEngine.TestTools.<ExecuteEnumerable>d__16:MoveNext() (at .\Library\PackageCache\com.unity.test-framework@bd7f943e9647\UnityEngine.TestRunner\NUnitExtensions\Commands\BeforeAfterTestCommandBase.cs:212)
UnityEngine.TestTools.ImmediateEnumerableCommand:Execute(ITestExecutionContext) (at .\Library\PackageCache\com.unity.test-framework@bd7f943e9647\UnityEngine.TestRunner\NUnitExtensions\Commands\ImmediateEnumerableCommand.cs:18)
UnityEngine.TestTools.<ExecuteEnumerable>d__16:MoveNext() (at .\Library\PackageCache\com.unity.test-framework@bd7f943e9647\UnityEngine.TestRunner\NUnitExtensions\Commands\BeforeAfterTestCommandBase.cs:219)
UnityEngine.TestTools.<ExecuteEnumerable>d__16:MoveNext() (at .\Library\PackageCache\com.unity.test-framework@bd7f943e9647\UnityEngine.TestRunner\NUnitExtensions\Commands\BeforeAfterTestCommandBase.cs:212)
UnityEngine.TestTools.<ExecuteEnumerable>d__16:MoveNext() (at .\Library\PackageCache\com.unity.test-framework@bd7f943e9647\UnityEngine.TestRunner\NUnitExtensions\Commands\BeforeAfterTestCommandBase.cs:212)
UnityEngine.TestTools.<ExecuteEnumerable>d__2:MoveNext() (at .\Library\PackageCache\com.unity.test-framework@bd7f943e9647\UnityEngine.TestRunner\NUnitExtensions\Commands\RetryCommand.cs:37)
UnityEngine.TestTools.<ExecuteEnumerable>d__2:MoveNext() (at .\Library\PackageCache\com.unity.test-framework@bd7f943e9647\UnityEngine.TestRunner\NUnitExtensions\Commands\RepeatCommand.cs:36)
UnityEngine.TestTools.<ExecuteEnumerable>d__3:MoveNext() (at .\Library\PackageCache\com.unity.test-framework@bd7f943e9647\UnityEngine.TestRunner\NUnitExtensions\Commands\IgnoreTestCommand.cs:42)
UnityEngine.TestTools.<ExecuteEnumerable>d__2:MoveNext() (at .\Library\PackageCache\com.unity.test-framework@bd7f943e9647\UnityEngine.TestRunner\NUnitExtensions\Commands\StrictCheckCommand.cs:29)
UnityEngine.TestRunner.NUnitExtensions.Runner.<PerformWork>d__2:MoveNext() (at .\Library\PackageCache\com.unity.test-framework@bd7f943e9647\UnityEngine.TestRunner\NUnitExtensions\Runner\DefaultTestWorkItem.cs:50)
UnityEngine.TestRunner.NUnitExtensions.Runner.<RunChildren>d__17:MoveNext() (at .\Library\PackageCache\com.unity.test-framework@bd7f943e9647\UnityEngine.TestRunner\NUnitExtensions\Runner\CompositeWorkItem.cs:207)
UnityEngine.TestRunner.NUnitExtensions.Runner.<PerformWork>d__13:MoveNext() (at .\Library\PackageCache\com.unity.test-framework@bd7f943e9647\UnityEngine.TestRunner\NUnitExtensions\Runner\CompositeWorkItem.cs:82)
UnityEngine.TestRunner.NUnitExtensions.Runner.<RunChildren>d__17:MoveNext() (at .\Library\PackageCache\com.unity.test-framework@bd7f943e9647\UnityEngine.TestRunner\NUnitExtensions\Runner\CompositeWorkItem.cs:207)
UnityEngine.TestRunner.NUnitExtensions.Runner.<PerformWork>d__13:MoveNext() (at .\Library\PackageCache\com.unity.test-framework@bd7f943e9647\UnityEngine.TestRunner\NUnitExtensions\Runner\CompositeWorkItem.cs:82)
UnityEngine.TestRunner.NUnitExtensions.Runner.<RunChildren>d__17:MoveNext() (at .\Library\PackageCache\com.unity.test-framework@bd7f943e9647\UnityEngine.TestRunner\NUnitExtensions\Runner\CompositeWorkItem.cs:207)
UnityEngine.TestRunner.NUnitExtensions.Runner.<PerformWork>d__13:MoveNext() (at .\Library\PackageCache\com.unity.test-framework@bd7f943e9647\UnityEngine.TestRunner\NUnitExtensions\Runner\CompositeWorkItem.cs:82)
UnityEngine.TestRunner.NUnitExtensions.Runner.<RunChildren>d__17:MoveNext() (at .\Library\PackageCache\com.unity.test-framework@bd7f943e9647\UnityEngine.TestRunner\NUnitExtensions\Runner\CompositeWorkItem.cs:207)
UnityEngine.TestRunner.NUnitExtensions.Runner.<PerformWork>d__13:MoveNext() (at .\Library\PackageCache\com.unity.test-framework@bd7f943e9647\UnityEngine.TestRunner\NUnitExtensions\Runner\CompositeWorkItem.cs:82)
UnityEngine.TestRunner.NUnitExtensions.Runner.<RunChildren>d__17:MoveNext() (at .\Library\PackageCache\com.unity.test-framework@bd7f943e9647\UnityEngine.TestRunner\NUnitExtensions\Runner\CompositeWorkItem.cs:207)
UnityEngine.TestRunner.NUnitExtensions.Runner.<PerformWork>d__13:MoveNext() (at .\Library\PackageCache\com.unity.test-framework@bd7f943e9647\UnityEngine.TestRunner\NUnitExtensions\Runner\CompositeWorkItem.cs:82)
UnityEditor.TestTools.TestRunner.EditModeRunner:MoveNextAndUpdateYieldObject() (at .\Library\PackageCache\com.unity.test-framework@bd7f943e9647\UnityEditor.TestRunner\TestRunner\EditModeRunner.cs:167)
UnityEditor.TestTools.TestRunner.EditModeRunner:TestConsumer(TestRunnerStateSerializer) (at .\Library\PackageCache\com.unity.test-framework@bd7f943e9647\UnityEditor.TestRunner\TestRunner\EditModeRunner.cs:200)
UnityEditor.TestTools.TestRunner.TestRun.Tasks.<Execute>d__1:MoveNext() (at .\Library\PackageCache\com.unity.test-framework@bd7f943e9647\UnityEditor.TestRunner\TestRun\Tasks\EditModeRunTask.cs:48)
UnityEditor.TestTools.TestRunner.TestRun.TestJobRunner:ExecuteStep() (at .\Library\PackageCache\com.unity.test-framework@bd7f943e9647\UnityEditor.TestRunner\TestRun\TestJobRunner.cs:173)
UnityEditor.TestTools.TestRunner.TestRun.TestJobRunner:ExecuteCallback() (at .\Library\PackageCache\com.unity.test-framework@bd7f943e9647\UnityEditor.TestRunner\TestRun\TestJobRunner.cs:108)
UnityEditor.EditorApplication:Internal_CallUpdateFunctions()

(Filename: ./Library/PackageCache/com.unity.entities@1eebe0437e56/Unity.Entities/Stubs/Unity/Debug.cs Line: 17)

Start importing Assets/ToolkitExamples/1_SubwaySurfers_Meta_Slice.prefab using Guid(407e08117c0890844a34477561fe5634) (PrefabImporter) -> (artifact id: 'e5ed0227d8b6a6c4ed781f9a2d0a450b') in 0.0203246 seconds
Refreshing native plugins compatible for Editor in 48.05 ms, found 5 plugins.
Preloading 0 native plugins for Editor in 0.00 ms.
Asset Pipeline Refresh (id=36f840553a0a86a4fa1f303e6ed0115d): Total: 0.215 seconds - Initiated by StopAssetImportingV2(NoUpdateAssetOptions)
Start importing Assets/ToolkitExamples/2_IdleSlayer_Platformer_Slice.prefab using Guid(19e5bd6983a0bcf48a5881852b3f0988) (PrefabImporter) -> (artifact id: 'cf80d6ba8fa6e3b16db80ad342bc3448') in 0.019323 seconds
Refreshing native plugins compatible for Editor in 20.44 ms, found 5 plugins.
Preloading 0 native plugins for Editor in 0.00 ms.
Asset Pipeline Refresh (id=6ede9def4ed1bd54caca5f1e4553476a): Total: 0.151 seconds - Initiated by StopAssetImportingV2(NoUpdateAssetOptions)
Start importing Assets/ToolkitExamples/3_TalkingTom_Rebuild_Slice.prefab using Guid(2dc25457ecd27fc45a74d5b0e43e191a) (PrefabImporter) -> (artifact id: 'd760c18b2b8e12b7901a5e191ec5ac76') in 0.0141395 seconds
Refreshing native plugins compatible for Editor in 23.78 ms, found 5 plugins.
Preloading 0 native plugins for Editor in 0.00 ms.
Asset Pipeline Refresh (id=80e682c47e86f8e4fa7f51397166dd4e): Total: 0.195 seconds - Initiated by StopAssetImportingV2(NoUpdateAssetOptions)
Start importing Assets/ToolkitExamples/4_CountMasters_Swarm_Slice.prefab using Guid(654cdbc3afea2b24c90e6f3fe3ff38a9) (PrefabImporter) -> (artifact id: 'd43af282a4904d0fcfb7cf0df2636dbd') in 0.0261771 seconds
Refreshing native plugins compatible for Editor in 43.57 ms, found 5 plugins.
Preloading 0 native plugins for Editor in 0.00 ms.
Asset Pipeline Refresh (id=515de8dcb6a7130449f58be8faf11398): Total: 0.323 seconds - Initiated by StopAssetImportingV2(NoUpdateAssetOptions)
	Summary:
		Imports: total=1 (actual=1, local cache=0, cache server=0)
		Asset DB Process Time: managed=0 ms, native=268 ms
		Asset DB Callback time: managed=2 ms, native=50 ms
		Scripting: domain reloads=0, domain reload time=0 ms, compile time=0 ms, other=0 ms
		Project Asset Count: scripts=2112, non-scripts=3948
		Asset File Changes: new=0, changed=1, moved=0, deleted=0
		Scan Filter Count: 3
	InvokeCustomDependenciesCallbacks: 0.001ms
	InvokePackagesCallback: 0.001ms
	ApplyChangesToAssetFolders: 0.296ms
	Scan: 53.088ms
	OnSourceAssetsModified: 0.112ms
	CategorizeAssetsWithTransientArtifact: 0.014ms
	ProcessAssetsWithTransientArtifactChanges: 0.700ms
	CategorizeAssets: 72.325ms
	ImportOutOfDateAssets: 98.310ms (-36.210ms without children)
		ImportManagerImport: 80.531ms (44.983ms without children)
			ImportInProcess: 35.485ms
			UpdateCategorizedAssets: 0.062ms
		ReloadNativeAssets: 0.003ms
		UnloadImportedAssets: 1.372ms
		ReloadImportedAssets: 39.913ms
		EnsureUptoDateAssetsAreRegisteredWithGuidPM: 8.157ms
		InitializingProgressBar: 0.017ms
		PostProcessAllAssetNotificationsAddChangedAssets: 0.003ms
		OnDemandSchedulerStart: 4.525ms
	PostProcessAllAssets: 8.458ms
	Hotreload: 44.972ms
	GatherAllCurrentPrimaryArtifactRevisions: 0.784ms
	UnloadStreamsBegin: 0.113ms
	PersistCurrentRevisions: 3.166ms
	UnloadStreamsEnd: 0.003ms
	Untracked: 40.226ms

Start importing Assets/ToolkitExamples/5_JoinClash_Snake_Slice.prefab using Guid(a72ae365ca86d65489a86b1d98cdacd1) (PrefabImporter) -> (artifact id: '928e6423abab59895d72acdc5b43af02') in 0.0717666 seconds
Refreshing native plugins compatible for Editor in 26.08 ms, found 5 plugins.
Preloading 0 native plugins for Editor in 0.00 ms.
Asset Pipeline Refresh (id=b2229a349d8e6a94db91b1da31125dea): Total: 0.194 seconds - Initiated by StopAssetImportingV2(NoUpdateAssetOptions)
Start importing Assets/ToolkitExamples/6_MobControl_Cannons_Slice.prefab using Guid(1a0f7b3e9eebd324c926f70ccf093bab) (PrefabImporter) -> (artifact id: 'f5b97f4fad92324c78b4a70e376d6717') in 0.0697984 seconds
Refreshing native plugins compatible for Editor in 59.82 ms, found 5 plugins.
Preloading 0 native plugins for Editor in 0.00 ms.
Asset Pipeline Refresh (id=466b08d6422b3494a8d34e1528a9f51a): Total: 0.258 seconds - Initiated by StopAssetImportingV2(NoUpdateAssetOptions)
Start importing Assets/ToolkitExamples/7_BridgeRace_Stacker_Slice.prefab using Guid(c49eec4aedc85d242a8ce7bf5e02df6c) (PrefabImporter) -> (artifact id: '31ecbc15f5b86c1e14d5c1dfa6e000c4') in 0.0246319 seconds
Refreshing native plugins compatible for Editor in 54.99 ms, found 5 plugins.
Preloading 0 native plugins for Editor in 0.00 ms.
Asset Pipeline Refresh (id=b1fbec82064b39b4290ccb2162d3b7b9): Total: 0.342 seconds - Initiated by StopAssetImportingV2(NoUpdateAssetOptions)
	Summary:
		Imports: total=1 (actual=1, local cache=0, cache server=0)
		Asset DB Process Time: managed=0 ms, native=276 ms
		Asset DB Callback time: managed=4 ms, native=61 ms
		Scripting: domain reloads=0, domain reload time=0 ms, compile time=0 ms, other=0 ms
		Project Asset Count: scripts=2112, non-scripts=3948
		Asset File Changes: new=0, changed=1, moved=0, deleted=0
		Scan Filter Count: 3
	InvokeCustomDependenciesCallbacks: 0.001ms
	InvokePackagesCallback: 0.001ms
	ApplyChangesToAssetFolders: 0.233ms
	Scan: 68.004ms
	OnSourceAssetsModified: 0.090ms
	CategorizeAssetsWithTransientArtifact: 0.010ms
	ProcessAssetsWithTransientArtifactChanges: 0.171ms
	CategorizeAssets: 12.442ms
	ImportOutOfDateAssets: 182.396ms (-117.968ms without children)
		ImportManagerImport: 165.266ms (129.637ms without children)
			ImportInProcess: 35.167ms
			UpdateCategorizedAssets: 0.462ms
		ReloadNativeAssets: 0.001ms
		UnloadImportedAssets: 1.349ms
		ReloadImportedAssets: 121.456ms
		EnsureUptoDateAssetsAreRegisteredWithGuidPM: 2.850ms
		InitializingProgressBar: 0.015ms
		PostProcessAllAssetNotificationsAddChangedAssets: 0.002ms
		OnDemandSchedulerStart: 9.426ms
	PostProcessAllAssets: 9.237ms
	Hotreload: 56.198ms
	GatherAllCurrentPrimaryArtifactRevisions: 0.741ms
	UnloadStreamsBegin: 0.117ms
	PersistCurrentRevisions: 1.227ms
	UnloadStreamsEnd: 0.002ms
	Untracked: 10.842ms

Start importing Assets/ToolkitExamples/8_HighHeels_Vertical_Slice.prefab using Guid(b2539b91b0f882448a5a1a7cb3b08260) (PrefabImporter) -> (artifact id: '67240c3beb73d048429ecb53a3927782') in 0.0641378 seconds
Refreshing native plugins compatible for Editor in 51.10 ms, found 5 plugins.
Preloading 0 native plugins for Editor in 0.00 ms.
Asset Pipeline Refresh (id=157bcf303dab83344b33ce360a83f4a1): Total: 0.333 seconds - Initiated by StopAssetImportingV2(NoUpdateAssetOptions)
	Summary:
		Imports: total=1 (actual=1, local cache=0, cache server=0)
		Asset DB Process Time: managed=0 ms, native=270 ms
		Asset DB Callback time: managed=2 ms, native=59 ms
		Scripting: domain reloads=0, domain reload time=0 ms, compile time=0 ms, other=0 ms
		Project Asset Count: scripts=2112, non-scripts=3948
		Asset File Changes: new=0, changed=1, moved=0, deleted=0
		Scan Filter Count: 3
	InvokeCustomDependenciesCallbacks: 0.001ms
	InvokePackagesCallback: 0.001ms
	ApplyChangesToAssetFolders: 0.250ms
	Scan: 62.242ms
	OnSourceAssetsModified: 0.104ms
	CategorizeAssetsWithTransientArtifact: 0.021ms
	ProcessAssetsWithTransientArtifactChanges: 0.174ms
	CategorizeAssets: 15.658ms
	ImportOutOfDateAssets: 174.732ms (-65.980ms without children)
		ImportManagerImport: 140.246ms (73.492ms without children)
			ImportInProcess: 66.637ms
			UpdateCategorizedAssets: 0.117ms
		ReloadNativeAssets: 0.002ms
		UnloadImportedAssets: 2.233ms
		ReloadImportedAssets: 67.925ms
		EnsureUptoDateAssetsAreRegisteredWithGuidPM: 4.321ms
		InitializingProgressBar: 0.011ms
		PostProcessAllAssetNotificationsAddChangedAssets: 0.002ms
		OnDemandSchedulerStart: 25.973ms
	PostProcessAllAssets: 9.344ms
	Hotreload: 52.960ms
	GatherAllCurrentPrimaryArtifactRevisions: 0.618ms
	UnloadStreamsBegin: 0.133ms
	PersistCurrentRevisions: 1.078ms
	UnloadStreamsEnd: 0.003ms
	Untracked: 15.729ms

Start importing Assets/ToolkitExamples/9_TallManRun_Scale_Slice.prefab using Guid(e2d1f9080097c8d4e9ba975419d3760a) (PrefabImporter) -> (artifact id: '73f22b5ee4a451480f526fbddbbabe55') in 0.0171199 seconds
Refreshing native plugins compatible for Editor in 45.98 ms, found 5 plugins.
Preloading 0 native plugins for Editor in 0.00 ms.
Asset Pipeline Refresh (id=3706cd8c009e2684c86daf86ae640ceb): Total: 0.189 seconds - Initiated by StopAssetImportingV2(NoUpdateAssetOptions)
Start importing Assets/ToolkitExamples/10_RunRich_Status_Slice.prefab using Guid(c38f36c6dadf7ea4487cfa96f08929f7) (PrefabImporter) -> (artifact id: 'cb8ec574ce5884fa2c7259be3a5bce52') in 0.0181662 seconds
Refreshing native plugins compatible for Editor in 45.92 ms, found 5 plugins.
Preloading 0 native plugins for Editor in 0.00 ms.
Asset Pipeline Refresh (id=1baf116b15c589e4f9dec383f722490e): Total: 0.193 seconds - Initiated by StopAssetImportingV2(NoUpdateAssetOptions)
Start importing Assets/ToolkitExamples/11_BlobRunner_Jiggle_Slice.prefab using Guid(bb8d9be4a33942d47a5854b4c1d11528) (PrefabImporter) -> (artifact id: '68dca0009e270c5d92fab8acf1e15e7d') in 0.0303189 seconds
Refreshing native plugins compatible for Editor in 19.36 ms, found 5 plugins.
Preloading 0 native plugins for Editor in 0.00 ms.
Asset Pipeline Refresh (id=8182023ed1c6ebc4d83b403e24cadc97): Total: 0.244 seconds - Initiated by StopAssetImportingV2(NoUpdateAssetOptions)
Start importing Assets/ToolkitExamples/12_StackyDash_Grid_Slice.prefab using Guid(102f2245b2e3b4949ab3826aaef0e0aa) (PrefabImporter) -> (artifact id: 'd18cba76c7bf5b03b70709be52f647b7') in 0.0731252 seconds
Refreshing native plugins compatible for Editor in 28.41 ms, found 5 plugins.
Preloading 0 native plugins for Editor in 0.00 ms.
Asset Pipeline Refresh (id=f6e4a3b399a12ed40b63a2a92e0154e0): Total: 0.219 seconds - Initiated by StopAssetImportingV2(NoUpdateAssetOptions)
Start importing Assets/ToolkitExamples/13_ShortcutRun_Planks_Slice.prefab using Guid(3c0b272c25cc0374899ea60ccca36a27) (PrefabImporter) -> (artifact id: '632f674c03b2dd673fa813dd4ab8cc21') in 0.038924 seconds
Refreshing native plugins compatible for Editor in 42.37 ms, found 5 plugins.
Preloading 0 native plugins for Editor in 0.00 ms.
Asset Pipeline Refresh (id=f1712675e23563c4cb554f057d879350): Total: 0.238 seconds - Initiated by StopAssetImportingV2(NoUpdateAssetOptions)
Start importing Assets/ToolkitExamples/14_MoneyRush_Coins_Slice.prefab using Guid(f0d2cdc263744fb4ea8271789fdb654f) (PrefabImporter) -> (artifact id: '953edce458ac0366c5f9b126016d4474') in 0.0371565 seconds
Refreshing native plugins compatible for Editor in 33.26 ms, found 5 plugins.
Preloading 0 native plugins for Editor in 0.00 ms.
Asset Pipeline Refresh (id=c4b86e0b940be2b4ab5c90bba7b246e7): Total: 0.247 seconds - Initiated by StopAssetImportingV2(NoUpdateAssetOptions)
Start importing Assets/ToolkitExamples/15_Aquapark_Skip_Slice.prefab using Guid(09e11eec10e77ec4ca85dc5fcf0a8b47) (PrefabImporter) -> (artifact id: '8299f35edfe9e81084e6555a4b868ef0') in 0.0142926 seconds
Refreshing native plugins compatible for Editor in 24.58 ms, found 5 plugins.
Preloading 0 native plugins for Editor in 0.00 ms.
Asset Pipeline Refresh (id=3371307f7c1661a4e87c7e0aa94b5294): Total: 0.170 seconds - Initiated by StopAssetImportingV2(NoUpdateAssetOptions)
Start importing Assets/ToolkitExamples/16_MyMiniMart_Supply_Slice.prefab using Guid(4649eb3089283024bb683b1ed488a922) (PrefabImporter) -> (artifact id: '99b15a0bd038733a45a13efa254fbc03') in 0.0193696 seconds
Refreshing native plugins compatible for Editor in 38.11 ms, found 5 plugins.
Preloading 0 native plugins for Editor in 0.00 ms.
Asset Pipeline Refresh (id=a52cd64ea1b5d864d98dafec8aeb97ec): Total: 0.192 seconds - Initiated by StopAssetImportingV2(NoUpdateAssetOptions)
Start importing Assets/ToolkitExamples/17_MyPerfectHotel_Service_Slice.prefab using Guid(acd4f269517c98f44b74c3be547fc3d7) (PrefabImporter) -> (artifact id: 'df4800199f55ff8c981593ce01e822db') in 0.0185593 seconds
Refreshing native plugins compatible for Editor in 26.70 ms, found 5 plugins.
Preloading 0 native plugins for Editor in 0.00 ms.
Asset Pipeline Refresh (id=eae9f8be404a43c4fac644640f7d79b0): Total: 0.159 seconds - Initiated by StopAssetImportingV2(NoUpdateAssetOptions)
Start importing Assets/ToolkitExamples/18_BurgerPlease_Multi_Slice.prefab using Guid(3be32ab850ec8c7478a84b01fdf80728) (PrefabImporter) -> (artifact id: '8b83a1b4663d12c8d8dc78932696af4a') in 0.0184196 seconds
Refreshing native plugins compatible for Editor in 23.89 ms, found 5 plugins.
Preloading 0 native plugins for Editor in 0.00 ms.
Asset Pipeline Refresh (id=c18e86b9572f849439f0be1ee253c376): Total: 0.271 seconds - Initiated by StopAssetImportingV2(NoUpdateAssetOptions)
Start importing Assets/ToolkitExamples/19_PizzaReady_Flow_Slice.prefab using Guid(a2816388990f50940a89c206f04c9a6a) (PrefabImporter) -> (artifact id: 'fe1b019dd4fb5b700127fc9947d3abd7') in 0.017816 seconds
Refreshing native plugins compatible for Editor in 48.54 ms, found 5 plugins.
Preloading 0 native plugins for Editor in 0.00 ms.
Asset Pipeline Refresh (id=228ffbb3cc96087458ddc12d6e747f4a): Total: 0.207 seconds - Initiated by StopAssetImportingV2(NoUpdateAssetOptions)
Start importing Assets/ToolkitExamples/20_MyLittleUniverse_Build_Slice.prefab using Guid(a695ad867269cca4c88656b41e976cd7) (PrefabImporter) -> (artifact id: 'a791e44908a0ab07d9e203d8855a3b8c') in 0.0343978 seconds
Refreshing native plugins compatible for Editor in 49.87 ms, found 5 plugins.
Preloading 0 native plugins for Editor in 0.00 ms.
Asset Pipeline Refresh (id=2d58b99cbf893df4c84833ab10dbcc65): Total: 0.355 seconds - Initiated by StopAssetImportingV2(NoUpdateAssetOptions)
	Summary:
		Imports: total=1 (actual=1, local cache=0, cache server=0)
		Asset DB Process Time: managed=0 ms, native=296 ms
		Asset DB Callback time: managed=2 ms, native=55 ms
		Scripting: domain reloads=0, domain reload time=0 ms, compile time=0 ms, other=0 ms
		Project Asset Count: scripts=2112, non-scripts=3948
		Asset File Changes: new=0, changed=1, moved=0, deleted=0
		Scan Filter Count: 3
	InvokeCustomDependenciesCallbacks: 0.001ms
	InvokePackagesCallback: 0.001ms
	ApplyChangesToAssetFolders: 0.745ms
	Scan: 169.380ms
	OnSourceAssetsModified: 0.184ms
	CategorizeAssetsWithTransientArtifact: 0.012ms
	ProcessAssetsWithTransientArtifactChanges: 0.211ms
	CategorizeAssets: 14.274ms
	ImportOutOfDateAssets: 86.959ms (-23.304ms without children)
		ImportManagerImport: 75.089ms (29.747ms without children)
			ImportInProcess: 45.282ms
			UpdateCategorizedAssets: 0.060ms
		ReloadNativeAssets: 0.001ms
		UnloadImportedAssets: 0.990ms
		ReloadImportedAssets: 26.601ms
		EnsureUptoDateAssetsAreRegisteredWithGuidPM: 3.523ms
		InitializingProgressBar: 0.012ms
		PostProcessAllAssetNotificationsAddChangedAssets: 0.002ms
		OnDemandSchedulerStart: 4.045ms
	PostProcessAllAssets: 7.002ms
	Hotreload: 51.333ms
	GatherAllCurrentPrimaryArtifactRevisions: 0.928ms
	UnloadStreamsBegin: 0.178ms
	PersistCurrentRevisions: 1.038ms
	UnloadStreamsEnd: 0.003ms
	Untracked: 22.718ms

Start importing Assets/ToolkitExamples/21_WeaponMaster_Shooter_Slice.prefab using Guid(4bdfeeaf13343434cb8d4672f5fec28d) (PrefabImporter) -> (artifact id: '576582d8161ce54e49155599bd9f5c20') in 0.0356926 seconds
Refreshing native plugins compatible for Editor in 31.27 ms, found 5 plugins.
Preloading 0 native plugins for Editor in 0.00 ms.
Asset Pipeline Refresh (id=41a5fd5028f6576479db2e42dcea55b4): Total: 0.224 seconds - Initiated by StopAssetImportingV2(NoUpdateAssetOptions)
Asset Pipeline Refresh (id=8929e35988d72664ebc2fb37574a1c36): Total: 0.046 seconds - Initiated by StopAssetImportingV2(NoUpdateAssetOptions)
Asset Pipeline Refresh (id=35ac9de033c86eb43b2e5fc67c907a61): Total: 0.043 seconds - Initiated by RefreshV2(NoUpdateAssetOptions)
Successfully generated 21 Playable Slices and 1 Master Hub!
UnityEngine.Debug:ExtractStackTraceNoAlloc (byte*,int,string)
UnityEngine.StackTraceUtility:ExtractStackTrace ()
UnityEngine.DebugLogHandler:Internal_Log (UnityEngine.LogType,UnityEngine.LogOption,string,UnityEngine.Object)
UnityEngine.DebugLogHandler:LogFormat (UnityEngine.LogType,UnityEngine.Object,string,object[])
UnityEngine.Logger:Log (UnityEngine.LogType,object)
UnityEngine.Debug:Log (object)
HyperCasualRunner.Editor.ToolkitExampleGenerator:GenerateExamples () (at Assets/Scripts/Editor/ToolkitExampleGenerator.cs:576)
HyperCasualRunner.Tests.ToolkitGeneratorTests:Setup () (at Assets/Scripts/Editor/Tests/ToolkitGeneratorTests.cs:15)
System.Reflection.RuntimeMethodInfo:Invoke (object,System.Reflection.BindingFlags,System.Reflection.Binder,object[],System.Globalization.CultureInfo)
System.Reflection.MethodBase:Invoke (object,object[])
NUnit.Framework.Internal.Reflect:InvokeMethod (System.Reflection.MethodInfo,object,object[])
NUnit.Framework.Internal.Reflect:InvokeMethod (System.Reflection.MethodInfo,object)
UnityEngine.TestTools.SetUpTearDownCommand/<InvokeBefore>d__4:MoveNext () (at ./Library/PackageCache/com.unity.test-framework@bd7f943e9647/UnityEngine.TestRunner/NUnitExtensions/Commands/SetUpTearDownCommand.cs:59)
UnityEngine.TestTools.EnumeratorHelper/<ProgressOnEnumerator>d__5:MoveNext () (at ./Library/PackageCache/com.unity.test-framework@bd7f943e9647/UnityEngine.TestRunner/NUnitExtensions/Attributes/EnumeratorHelper.cs:35)
UnityEngine.TestTools.BeforeAfterTestCommandBase`1/<ExecuteEnumerable>d__16<System.Reflection.MethodInfo>:MoveNext () (at ./Library/PackageCache/com.unity.test-framework@bd7f943e9647/UnityEngine.TestRunner/NUnitExtensions/Commands/BeforeAfterTestCommandBase.cs:155)
UnityEngine.TestTools.BeforeAfterTestCommandBase`1/<ExecuteEnumerable>d__16<System.Reflection.MethodInfo>:MoveNext () (at ./Library/PackageCache/com.unity.test-framework@bd7f943e9647/UnityEngine.TestRunner/NUnitExtensions/Commands/BeforeAfterTestCommandBase.cs:212)
UnityEngine.TestTools.BeforeAfterTestCommandBase`1/<ExecuteEnumerable>d__16<UnityEngine.TestTools.IOuterUnityTestAction>:MoveNext () (at ./Library/PackageCache/com.unity.test-framework@bd7f943e9647/UnityEngine.TestRunner/NUnitExtensions/Commands/BeforeAfterTestCommandBase.cs:212)
UnityEngine.TestTools.RetryCommand/<ExecuteEnumerable>d__2:MoveNext () (at ./Library/PackageCache/com.unity.test-framework@bd7f943e9647/UnityEngine.TestRunner/NUnitExtensions/Commands/RetryCommand.cs:37)
UnityEngine.TestTools.RepeatCommand/<ExecuteEnumerable>d__2:MoveNext () (at ./Library/PackageCache/com.unity.test-framework@bd7f943e9647/UnityEngine.TestRunner/NUnitExtensions/Commands/RepeatCommand.cs:36)
UnityEngine.TestTools.IgnoreTestCommand/<ExecuteEnumerable>d__3:MoveNext () (at ./Library/PackageCache/com.unity.test-framework@bd7f943e9647/UnityEngine.TestRunner/NUnitExtensions/Commands/IgnoreTestCommand.cs:42)
UnityEngine.TestTools.StrictCheckCommand/<ExecuteEnumerable>d__2:MoveNext () (at ./Library/PackageCache/com.unity.test-framework@bd7f943e9647/UnityEngine.TestRunner/NUnitExtensions/Commands/StrictCheckCommand.cs:29)
UnityEngine.TestRunner.NUnitExtensions.Runner.DefaultTestWorkItem/<PerformWork>d__2:MoveNext () (at ./Library/PackageCache/com.unity.test-framework@bd7f943e9647/UnityEngine.TestRunner/NUnitExtensions/Runner/DefaultTestWorkItem.cs:50)
UnityEngine.TestRunner.NUnitExtensions.Runner.CompositeWorkItem/<RunChildren>d__17:MoveNext () (at ./Library/PackageCache/com.unity.test-framework@bd7f943e9647/UnityEngine.TestRunner/NUnitExtensions/Runner/CompositeWorkItem.cs:207)
UnityEngine.TestRunner.NUnitExtensions.Runner.CompositeWorkItem/<PerformWork>d__13:MoveNext () (at ./Library/PackageCache/com.unity.test-framework@bd7f943e9647/UnityEngine.TestRunner/NUnitExtensions/Runner/CompositeWorkItem.cs:82)
UnityEngine.TestRunner.NUnitExtensions.Runner.CompositeWorkItem/<RunChildren>d__17:MoveNext () (at ./Library/PackageCache/com.unity.test-framework@bd7f943e9647/UnityEngine.TestRunner/NUnitExtensions/Runner/CompositeWorkItem.cs:207)
UnityEngine.TestRunner.NUnitExtensions.Runner.CompositeWorkItem/<PerformWork>d__13:MoveNext () (at ./Library/PackageCache/com.unity.test-framework@bd7f943e9647/UnityEngine.TestRunner/NUnitExtensions/Runner/CompositeWorkItem.cs:82)
UnityEngine.TestRunner.NUnitExtensions.Runner.CompositeWorkItem/<RunChildren>d__17:MoveNext () (at ./Library/PackageCache/com.unity.test-framework@bd7f943e9647/UnityEngine.TestRunner/NUnitExtensions/Runner/CompositeWorkItem.cs:207)
UnityEngine.TestRunner.NUnitExtensions.Runner.CompositeWorkItem/<PerformWork>d__13:MoveNext () (at ./Library/PackageCache/com.unity.test-framework@bd7f943e9647/UnityEngine.TestRunner/NUnitExtensions/Runner/CompositeWorkItem.cs:82)
UnityEngine.TestRunner.NUnitExtensions.Runner.CompositeWorkItem/<RunChildren>d__17:MoveNext () (at ./Library/PackageCache/com.unity.test-framework@bd7f943e9647/UnityEngine.TestRunner/NUnitExtensions/Runner/CompositeWorkItem.cs:207)
UnityEngine.TestRunner.NUnitExtensions.Runner.CompositeWorkItem/<PerformWork>d__13:MoveNext () (at ./Library/PackageCache/com.unity.test-framework@bd7f943e9647/UnityEngine.TestRunner/NUnitExtensions/Runner/CompositeWorkItem.cs:82)
UnityEngine.TestRunner.NUnitExtensions.Runner.CompositeWorkItem/<RunChildren>d__17:MoveNext () (at ./Library/PackageCache/com.unity.test-framework@bd7f943e9647/UnityEngine.TestRunner/NUnitExtensions/Runner/CompositeWorkItem.cs:207)
UnityEngine.TestRunner.NUnitExtensions.Runner.CompositeWorkItem/<PerformWork>d__13:MoveNext () (at ./Library/PackageCache/com.unity.test-framework@bd7f943e9647/UnityEngine.TestRunner/NUnitExtensions/Runner/CompositeWorkItem.cs:82)
UnityEditor.TestTools.TestRunner.EditModeRunner:MoveNextAndUpdateYieldObject () (at ./Library/PackageCache/com.unity.test-framework@bd7f943e9647/UnityEditor.TestRunner/TestRunner/EditModeRunner.cs:167)
UnityEditor.TestTools.TestRunner.EditModeRunner:TestConsumer (UnityEditor.TestTools.TestRunner.TestRunnerStateSerializer) (at ./Library/PackageCache/com.unity.test-framework@bd7f943e9647/UnityEditor.TestRunner/TestRunner/EditModeRunner.cs:200)
UnityEditor.TestTools.TestRunner.TestRun.Tasks.EditModeRunTask/<Execute>d__1:MoveNext () (at ./Library/PackageCache/com.unity.test-framework@bd7f943e9647/UnityEditor.TestRunner/TestRun/Tasks/EditModeRunTask.cs:48)
UnityEditor.TestTools.TestRunner.TestRun.TestJobRunner:ExecuteStep () (at ./Library/PackageCache/com.unity.test-framework@bd7f943e9647/UnityEditor.TestRunner/TestRun/TestJobRunner.cs:173)
UnityEditor.TestTools.TestRunner.TestRun.TestJobRunner:ExecuteCallback () (at ./Library/PackageCache/com.unity.test-framework@bd7f943e9647/UnityEditor.TestRunner/TestRun/TestJobRunner.cs:108)
UnityEditor.EditorApplication:Internal_CallUpdateFunctions ()

(Filename: Assets/Scripts/Editor/ToolkitExampleGenerator.cs Line: 576)

Asset Pipeline Refresh (id=e51c2153f9c9f3744805aaa834990507): Total: 0.012 seconds - Initiated by RefreshV2(NoUpdateAssetOptions)
=== EMPIRICAL TOOLKIT VERIFICATION REPORT ===

[PASS] 1_SubwaySurfers_Meta -> Verified on disk (13 children)
       - LaneAuthoring verified: LaneWidth=2.5, Speed=15
[PASS] 2_IdleSlayer_Platformer -> Verified on disk (4 children)
[PASS] 3_TalkingTom_Rebuild -> Verified on disk (4 children)
[PASS] 4_CountMasters_Swarm -> Verified on disk (16 children)
[PASS] 5_JoinClash_Snake -> Verified on disk (20 children)
       - SnakeChainAuthoring verified: StartingFollowers=3, SegmentSpacing=0.8
[PASS] 6_MobControl_Cannons -> Verified on disk (16 children)
[PASS] 7_BridgeRace_Stacker -> Verified on disk (31 children)
[PASS] 8_HighHeels_Vertical -> Verified on disk (46 children)
       - StiltsAuthoring verified: HeelHeight=0.5
[PASS] 9_TallManRun_Scale -> Verified on disk (6 children)
[PASS] 10_RunRich_Status -> Verified on disk (6 children)
[PASS] 11_BlobRunner_Jiggle -> Verified on disk (4 children)
[PASS] 12_StackyDash_Grid -> Verified on disk (153 children)
       - MazeCollectorAuthoring & GridPathfinderAuthoring verified: TileHeightOffset=0.2, StepDistance=1
[PASS] 13_ShortcutRun_Planks -> Verified on disk (27 children)
       - BridgeBuilderAuthoring verified: DistancePerPlank=0.8
[PASS] 14_MoneyRush_Coins -> Verified on disk (10 children)
       - CoinSpawnerAuthoring verified: StartingCoins=1, GateCount=5
[PASS] 15_Aquapark_Skip -> Verified on disk (6 children)
       - RampAuthoring verified: JumpForce=18
[PASS] 16_MyMiniMart_Supply -> Verified on disk (6 children)
[PASS] 17_MyPerfectHotel_Service -> Verified on disk (6 children)
[PASS] 18_BurgerPlease_Multi -> Verified on disk (4 children)
[PASS] 19_PizzaReady_Flow -> Verified on disk (3 children)
[PASS] 20_MyLittleUniverse_Build -> Verified on disk (6 children)
[PASS] 21_WeaponMaster_Shooter -> Verified on disk (53 children)
       - ShooterAuthoring verified: SpreadCount=1, FireRate=0.25

SUMMARY: 21/21 Playable Slices verified successfully!
UnityEngine.Debug:ExtractStackTraceNoAlloc (byte*,int,string)
UnityEngine.StackTraceUtility:ExtractStackTrace ()
UnityEngine.DebugLogHandler:Internal_Log (UnityEngine.LogType,UnityEngine.LogOption,string,UnityEngine.Object)
UnityEngine.DebugLogHandler:LogFormat (UnityEngine.LogType,UnityEngine.Object,string,object[])
UnityEngine.Logger:Log (UnityEngine.LogType,object)
UnityEngine.Debug:Log (object)
HyperCasualRunner.Editor.ToolkitExampleGenerator:RunVerificationSuite () (at Assets/Scripts/Editor/ToolkitExampleGenerator.cs:723)
HyperCasualRunner.Tests.ToolkitGeneratorTests:Setup () (at Assets/Scripts/Editor/Tests/ToolkitGeneratorTests.cs:16)
System.Reflection.RuntimeMethodInfo:Invoke (object,System.Reflection.BindingFlags,System.Reflection.Binder,object[],System.Globalization.CultureInfo)
System.Reflection.MethodBase:Invoke (object,object[])
NUnit.Framework.Internal.Reflect:InvokeMethod (System.Reflection.MethodInfo,object,object[])
NUnit.Framework.Internal.Reflect:InvokeMethod (System.Reflection.MethodInfo,object)
UnityEngine.TestTools.SetUpTearDownCommand/<InvokeBefore>d__4:MoveNext () (at ./Library/PackageCache/com.unity.test-framework@bd7f943e9647/UnityEngine.TestRunner/NUnitExtensions/Commands/SetUpTearDownCommand.cs:59)
UnityEngine.TestTools.EnumeratorHelper/<ProgressOnEnumerator>d__5:MoveNext () (at ./Library/PackageCache/com.unity.test-framework@bd7f943e9647/UnityEngine.TestRunner/NUnitExtensions/Attributes/EnumeratorHelper.cs:35)
UnityEngine.TestTools.BeforeAfterTestCommandBase`1/<ExecuteEnumerable>d__16<System.Reflection.MethodInfo>:MoveNext () (at ./Library/PackageCache/com.unity.test-framework@bd7f943e9647/UnityEngine.TestRunner/NUnitExtensions/Commands/BeforeAfterTestCommandBase.cs:155)
UnityEngine.TestTools.BeforeAfterTestCommandBase`1/<ExecuteEnumerable>d__16<System.Reflection.MethodInfo>:MoveNext () (at ./Library/PackageCache/com.unity.test-framework@bd7f943e9647/UnityEngine.TestRunner/NUnitExtensions/Commands/BeforeAfterTestCommandBase.cs:212)
UnityEngine.TestTools.BeforeAfterTestCommandBase`1/<ExecuteEnumerable>d__16<UnityEngine.TestTools.IOuterUnityTestAction>:MoveNext () (at ./Library/PackageCache/com.unity.test-framework@bd7f943e9647/UnityEngine.TestRunner/NUnitExtensions/Commands/BeforeAfterTestCommandBase.cs:212)
UnityEngine.TestTools.RetryCommand/<ExecuteEnumerable>d__2:MoveNext () (at ./Library/PackageCache/com.unity.test-framework@bd7f943e9647/UnityEngine.TestRunner/NUnitExtensions/Commands/RetryCommand.cs:37)
UnityEngine.TestTools.RepeatCommand/<ExecuteEnumerable>d__2:MoveNext () (at ./Library/PackageCache/com.unity.test-framework@bd7f943e9647/UnityEngine.TestRunner/NUnitExtensions/Commands/RepeatCommand.cs:36)
UnityEngine.TestTools.IgnoreTestCommand/<ExecuteEnumerable>d__3:MoveNext () (at ./Library/PackageCache/com.unity.test-framework@bd7f943e9647/UnityEngine.TestRunner/NUnitExtensions/Commands/IgnoreTestCommand.cs:42)
UnityEngine.TestTools.StrictCheckCommand/<ExecuteEnumerable>d__2:MoveNext () (at ./Library/PackageCache/com.unity.test-framework@bd7f943e9647/UnityEngine.TestRunner/NUnitExtensions/Commands/StrictCheckCommand.cs:29)
UnityEngine.TestRunner.NUnitExtensions.Runner.DefaultTestWorkItem/<PerformWork>d__2:MoveNext () (at ./Library/PackageCache/com.unity.test-framework@bd7f943e9647/UnityEngine.TestRunner/NUnitExtensions/Runner/DefaultTestWorkItem.cs:50)
UnityEngine.TestRunner.NUnitExtensions.Runner.CompositeWorkItem/<RunChildren>d__17:MoveNext () (at ./Library/PackageCache/com.unity.test-framework@bd7f943e9647/UnityEngine.TestRunner/NUnitExtensions/Runner/CompositeWorkItem.cs:207)
UnityEngine.TestRunner.NUnitExtensions.Runner.CompositeWorkItem/<PerformWork>d__13:MoveNext () (at ./Library/PackageCache/com.unity.test-framework@bd7f943e9647/UnityEngine.TestRunner/NUnitExtensions/Runner/CompositeWorkItem.cs:82)
UnityEngine.TestRunner.NUnitExtensions.Runner.CompositeWorkItem/<RunChildren>d__17:MoveNext () (at ./Library/PackageCache/com.unity.test-framework@bd7f943e9647/UnityEngine.TestRunner/NUnitExtensions/Runner/CompositeWorkItem.cs:207)
UnityEngine.TestRunner.NUnitExtensions.Runner.CompositeWorkItem/<PerformWork>d__13:MoveNext () (at ./Library/PackageCache/com.unity.test-framework@bd7f943e9647/UnityEngine.TestRunner/NUnitExtensions/Runner/CompositeWorkItem.cs:82)
UnityEngine.TestRunner.NUnitExtensions.Runner.CompositeWorkItem/<RunChildren>d__17:MoveNext () (at ./Library/PackageCache/com.unity.test-framework@bd7f943e9647/UnityEngine.TestRunner/NUnitExtensions/Runner/CompositeWorkItem.cs:207)
UnityEngine.TestRunner.NUnitExtensions.Runner.CompositeWorkItem/<PerformWork>d__13:MoveNext () (at ./Library/PackageCache/com.unity.test-framework@bd7f943e9647/UnityEngine.TestRunner/NUnitExtensions/Runner/CompositeWorkItem.cs:82)
UnityEngine.TestRunner.NUnitExtensions.Runner.CompositeWorkItem/<RunChildren>d__17:MoveNext () (at ./Library/PackageCache/com.unity.test-framework@bd7f943e9647/UnityEngine.TestRunner/NUnitExtensions/Runner/CompositeWorkItem.cs:207)
UnityEngine.TestRunner.NUnitExtensions.Runner.CompositeWorkItem/<PerformWork>d__13:MoveNext () (at ./Library/PackageCache/com.unity.test-framework@bd7f943e9647/UnityEngine.TestRunner/NUnitExtensions/Runner/CompositeWorkItem.cs:82)
UnityEngine.TestRunner.NUnitExtensions.Runner.CompositeWorkItem/<RunChildren>d__17:MoveNext () (at ./Library/PackageCache/com.unity.test-framework@bd7f943e9647/UnityEngine.TestRunner/NUnitExtensions/Runner/CompositeWorkItem.cs:207)
UnityEngine.TestRunner.NUnitExtensions.Runner.CompositeWorkItem/<PerformWork>d__13:MoveNext () (at ./Library/PackageCache/com.unity.test-framework@bd7f943e9647/UnityEngine.TestRunner/NUnitExtensions/Runner/CompositeWorkItem.cs:82)
UnityEditor.TestTools.TestRunner.EditModeRunner:MoveNextAndUpdateYieldObject () (at ./Library/PackageCache/com.unity.test-framework@bd7f943e9647/UnityEditor.TestRunner/TestRunner/EditModeRunner.cs:167)
UnityEditor.TestTools.TestRunner.EditModeRunner:TestConsumer (UnityEditor.TestTools.TestRunner.TestRunnerStateSerializer) (at ./Library/PackageCache/com.unity.test-framework@bd7f943e9647/UnityEditor.TestRunner/TestRunner/EditModeRunner.cs:200)
UnityEditor.TestTools.TestRunner.TestRun.Tasks.EditModeRunTask/<Execute>d__1:MoveNext () (at ./Library/PackageCache/com.unity.test-framework@bd7f943e9647/UnityEditor.TestRunner/TestRun/Tasks/EditModeRunTask.cs:48)
UnityEditor.TestTools.TestRunner.TestRun.TestJobRunner:ExecuteStep () (at ./Library/PackageCache/com.unity.test-framework@bd7f943e9647/UnityEditor.TestRunner/TestRun/TestJobRunner.cs:173)
UnityEditor.TestTools.TestRunner.TestRun.TestJobRunner:ExecuteCallback () (at ./Library/PackageCache/com.unity.test-framework@bd7f943e9647/UnityEditor.TestRunner/TestRun/TestJobRunner.cs:108)
UnityEditor.EditorApplication:Internal_CallUpdateFunctions ()

(Filename: Assets/Scripts/Editor/ToolkitExampleGenerator.cs Line: 723)

Start importing Assets/ToolkitExamples/1_SubwaySurfers_Meta_Slice.prefab using Guid(407e08117c0890844a34477561fe5634) (PrefabImporter) -> (artifact id: 'f9cef94ba5de9d2f918404f064f37375') in 0.023709 seconds
Refreshing native plugins compatible for Editor in 28.72 ms, found 5 plugins.
Preloading 0 native plugins for Editor in 0.00 ms.
Asset Pipeline Refresh (id=6f775dd895082b546889ae53114733e4): Total: 0.176 seconds - Initiated by StopAssetImportingV2(NoUpdateAssetOptions)
Start importing Assets/ToolkitExamples/2_IdleSlayer_Platformer_Slice.prefab using Guid(19e5bd6983a0bcf48a5881852b3f0988) (PrefabImporter) -> (artifact id: '6a98c389f2308587f1ed8b6b065bd8d0') in 0.016466 seconds
Refreshing native plugins compatible for Editor in 21.99 ms, found 5 plugins.
Preloading 0 native plugins for Editor in 0.00 ms.
Asset Pipeline Refresh (id=04d4643717ce5ff40a1e19b24c4fa284): Total: 0.142 seconds - Initiated by StopAssetImportingV2(NoUpdateAssetOptions)
Start importing Assets/ToolkitExamples/3_TalkingTom_Rebuild_Slice.prefab using Guid(2dc25457ecd27fc45a74d5b0e43e191a) (PrefabImporter) -> (artifact id: '1b32715059139b019ed716632bfd418c') in 0.014859 seconds
Refreshing native plugins compatible for Editor in 19.83 ms, found 5 plugins.
Preloading 0 native plugins for Editor in 0.00 ms.
Asset Pipeline Refresh (id=4be73a40ed6a0b24cbf3f6f0a1085ef8): Total: 0.134 seconds - Initiated by StopAssetImportingV2(NoUpdateAssetOptions)
Start importing Assets/ToolkitExamples/4_CountMasters_Swarm_Slice.prefab using Guid(654cdbc3afea2b24c90e6f3fe3ff38a9) (PrefabImporter) -> (artifact id: 'a68f159b71b2b7f4b6333d3273dc93ed') in 0.0186387 seconds
Refreshing native plugins compatible for Editor in 18.40 ms, found 5 plugins.
Preloading 0 native plugins for Editor in 0.00 ms.
Asset Pipeline Refresh (id=30b2e8f4835cd534d886f46295554088): Total: 0.126 seconds - Initiated by StopAssetImportingV2(NoUpdateAssetOptions)
Start importing Assets/ToolkitExamples/5_JoinClash_Snake_Slice.prefab using Guid(a72ae365ca86d65489a86b1d98cdacd1) (PrefabImporter) -> (artifact id: 'f49f3c86bd08aa1fc70b533c354454e5') in 0.0210969 seconds
Refreshing native plugins compatible for Editor in 20.12 ms, found 5 plugins.
Preloading 0 native plugins for Editor in 0.00 ms.
Asset Pipeline Refresh (id=4b51abdabc14f2d4d9fc5315d6cf4810): Total: 0.133 seconds - Initiated by StopAssetImportingV2(NoUpdateAssetOptions)
Start importing Assets/ToolkitExamples/6_MobControl_Cannons_Slice.prefab using Guid(1a0f7b3e9eebd324c926f70ccf093bab) (PrefabImporter) -> (artifact id: '4e146b35394b3dd8a9fdb7b8ed843498') in 0.0210784 seconds
Refreshing native plugins compatible for Editor in 19.30 ms, found 5 plugins.
Preloading 0 native plugins for Editor in 0.00 ms.
Asset Pipeline Refresh (id=dfd77223e4176c64c8f0c2f1afd17de1): Total: 0.138 seconds - Initiated by StopAssetImportingV2(NoUpdateAssetOptions)
Start importing Assets/ToolkitExamples/7_BridgeRace_Stacker_Slice.prefab using Guid(c49eec4aedc85d242a8ce7bf5e02df6c) (PrefabImporter) -> (artifact id: 'd7f04240be509d1a42b4d5e645a3772c') in 0.040245 seconds
Refreshing native plugins compatible for Editor in 19.14 ms, found 5 plugins.
Preloading 0 native plugins for Editor in 0.00 ms.
Asset Pipeline Refresh (id=3de4eb301adc7ad4baadac8501540ed2): Total: 0.171 seconds - Initiated by StopAssetImportingV2(NoUpdateAssetOptions)
Start importing Assets/ToolkitExamples/8_HighHeels_Vertical_Slice.prefab using Guid(b2539b91b0f882448a5a1a7cb3b08260) (PrefabImporter) -> (artifact id: '02db2ee1e8de9d9013f8be5f980620e4') in 0.0365342 seconds
Refreshing native plugins compatible for Editor in 19.79 ms, found 5 plugins.
Preloading 0 native plugins for Editor in 0.00 ms.
Asset Pipeline Refresh (id=2f622c614e7d4cd44974b7bec59cc5b0): Total: 0.184 seconds - Initiated by StopAssetImportingV2(NoUpdateAssetOptions)
Start importing Assets/ToolkitExamples/9_TallManRun_Scale_Slice.prefab using Guid(e2d1f9080097c8d4e9ba975419d3760a) (PrefabImporter) -> (artifact id: 'b8ebb912083b9918a490033a54ebaacf') in 0.0192726 seconds
Refreshing native plugins compatible for Editor in 17.49 ms, found 5 plugins.
Preloading 0 native plugins for Editor in 0.00 ms.
Asset Pipeline Refresh (id=c5ac1ecf3d6e24640b90b01a1758372a): Total: 0.157 seconds - Initiated by StopAssetImportingV2(NoUpdateAssetOptions)
Start importing Assets/ToolkitExamples/10_RunRich_Status_Slice.prefab using Guid(c38f36c6dadf7ea4487cfa96f08929f7) (PrefabImporter) -> (artifact id: 'd1616953f253c899ca123eab7779bf74') in 0.0153681 seconds
Refreshing native plugins compatible for Editor in 21.66 ms, found 5 plugins.
Preloading 0 native plugins for Editor in 0.00 ms.
Asset Pipeline Refresh (id=0bf2153231b5bfb40a92f78f5b51fe1b): Total: 0.136 seconds - Initiated by StopAssetImportingV2(NoUpdateAssetOptions)
Start importing Assets/ToolkitExamples/11_BlobRunner_Jiggle_Slice.prefab using Guid(bb8d9be4a33942d47a5854b4c1d11528) (PrefabImporter) -> (artifact id: 'bcfc5a38e2d5430f125cf933712485cd') in 0.0219338 seconds
Refreshing native plugins compatible for Editor in 29.84 ms, found 5 plugins.
Preloading 0 native plugins for Editor in 0.00 ms.
Asset Pipeline Refresh (id=db936d785e2e7ae41bfbfdac59290539): Total: 0.179 seconds - Initiated by StopAssetImportingV2(NoUpdateAssetOptions)
Start importing Assets/ToolkitExamples/12_StackyDash_Grid_Slice.prefab using Guid(102f2245b2e3b4949ab3826aaef0e0aa) (PrefabImporter) -> (artifact id: 'f03edf8848373515abfe7bba05c668a8') in 0.0853356 seconds
Refreshing native plugins compatible for Editor in 19.18 ms, found 5 plugins.
Preloading 0 native plugins for Editor in 0.00 ms.
Asset Pipeline Refresh (id=ff5a1307c8a539540af53fe12cbedbfe): Total: 0.275 seconds - Initiated by StopAssetImportingV2(NoUpdateAssetOptions)
Start importing Assets/ToolkitExamples/13_ShortcutRun_Planks_Slice.prefab using Guid(3c0b272c25cc0374899ea60ccca36a27) (PrefabImporter) -> (artifact id: 'b03853520ea488287ec9c6691953f885') in 0.0288908 seconds
Refreshing native plugins compatible for Editor in 21.76 ms, found 5 plugins.
Preloading 0 native plugins for Editor in 0.00 ms.
Asset Pipeline Refresh (id=6beaa8a094da1c247aeb187cab75ce13): Total: 0.174 seconds - Initiated by StopAssetImportingV2(NoUpdateAssetOptions)
Start importing Assets/ToolkitExamples/14_MoneyRush_Coins_Slice.prefab using Guid(f0d2cdc263744fb4ea8271789fdb654f) (PrefabImporter) -> (artifact id: '45e67826f40caec3579110bf7060d969') in 0.0172071 seconds
Refreshing native plugins compatible for Editor in 18.96 ms, found 5 plugins.
Preloading 0 native plugins for Editor in 0.00 ms.
Asset Pipeline Refresh (id=f0fb9f0d43867d54189da52e4907a41a): Total: 0.146 seconds - Initiated by StopAssetImportingV2(NoUpdateAssetOptions)
Start importing Assets/ToolkitExamples/15_Aquapark_Skip_Slice.prefab using Guid(09e11eec10e77ec4ca85dc5fcf0a8b47) (PrefabImporter) -> (artifact id: 'fc1d83b0a3fde2e53ee0e3cdb30e916e') in 0.0180854 seconds
Refreshing native plugins compatible for Editor in 21.50 ms, found 5 plugins.
Preloading 0 native plugins for Editor in 0.00 ms.
Asset Pipeline Refresh (id=0ef1f26ece25c2a4280621c071da65fe): Total: 0.186 seconds - Initiated by StopAssetImportingV2(NoUpdateAssetOptions)
Start importing Assets/ToolkitExamples/16_MyMiniMart_Supply_Slice.prefab using Guid(4649eb3089283024bb683b1ed488a922) (PrefabImporter) -> (artifact id: '6b390c5e97fe7f49205ee63d73a47ec9') in 0.0234707 seconds
Refreshing native plugins compatible for Editor in 25.25 ms, found 5 plugins.
Preloading 0 native plugins for Editor in 0.00 ms.
Asset Pipeline Refresh (id=49fcea54f70b2ac46847c143930713aa): Total: 0.177 seconds - Initiated by StopAssetImportingV2(NoUpdateAssetOptions)
Start importing Assets/ToolkitExamples/17_MyPerfectHotel_Service_Slice.prefab using Guid(acd4f269517c98f44b74c3be547fc3d7) (PrefabImporter) -> (artifact id: '5f230f9522afb6491cb17e84a1f75065') in 0.0195746 seconds
Refreshing native plugins compatible for Editor in 20.86 ms, found 5 plugins.
Preloading 0 native plugins for Editor in 0.00 ms.
Asset Pipeline Refresh (id=d9d27198d7495eb4d98fedf0eb46f3cc): Total: 0.164 seconds - Initiated by StopAssetImportingV2(NoUpdateAssetOptions)
Start importing Assets/ToolkitExamples/18_BurgerPlease_Multi_Slice.prefab using Guid(3be32ab850ec8c7478a84b01fdf80728) (PrefabImporter) -> (artifact id: 'aefa97f80e54732632da1814f6f2b5d0') in 0.0156511 seconds
Refreshing native plugins compatible for Editor in 20.22 ms, found 5 plugins.
Preloading 0 native plugins for Editor in 0.00 ms.
Asset Pipeline Refresh (id=29b915d2513df4246bb0b5473b7960ab): Total: 0.170 seconds - Initiated by StopAssetImportingV2(NoUpdateAssetOptions)
Start importing Assets/ToolkitExamples/19_PizzaReady_Flow_Slice.prefab using Guid(a2816388990f50940a89c206f04c9a6a) (PrefabImporter) -> (artifact id: '2f0cba0acc5382b39db75c74e55a9121') in 0.0211557 seconds
Refreshing native plugins compatible for Editor in 38.61 ms, found 5 plugins.
Preloading 0 native plugins for Editor in 0.00 ms.
Asset Pipeline Refresh (id=3b5369cb9646a5b42a3be6b2f1d08baa): Total: 0.183 seconds - Initiated by StopAssetImportingV2(NoUpdateAssetOptions)
Start importing Assets/ToolkitExamples/20_MyLittleUniverse_Build_Slice.prefab using Guid(a695ad867269cca4c88656b41e976cd7) (PrefabImporter) -> (artifact id: 'c77106cf119325a9484d6987a38b0673') in 0.0161631 seconds
Refreshing native plugins compatible for Editor in 23.10 ms, found 5 plugins.
Preloading 0 native plugins for Editor in 0.00 ms.
Asset Pipeline Refresh (id=105edf70af308cc43bda4ab927ff5c6c): Total: 0.165 seconds - Initiated by StopAssetImportingV2(NoUpdateAssetOptions)
Start importing Assets/ToolkitExamples/21_WeaponMaster_Shooter_Slice.prefab using Guid(4bdfeeaf13343434cb8d4672f5fec28d) (PrefabImporter) -> (artifact id: '2a42370380093dd4923dcfd954fa1d51') in 0.03206 seconds
Refreshing native plugins compatible for Editor in 21.15 ms, found 5 plugins.
Preloading 0 native plugins for Editor in 0.00 ms.
Asset Pipeline Refresh (id=f7e0c921d4754e34ea3bb052e7eb9359): Total: 0.173 seconds - Initiated by StopAssetImportingV2(NoUpdateAssetOptions)
Asset Pipeline Refresh (id=b45e587cd16570048a82b71f4c87db76): Total: 0.023 seconds - Initiated by StopAssetImportingV2(NoUpdateAssetOptions)
Asset Pipeline Refresh (id=9ebdf14512f96c048b784d3c30062cd0): Total: 0.025 seconds - Initiated by RefreshV2(NoUpdateAssetOptions)
Successfully generated 21 Playable Slices and 1 Master Hub!
UnityEngine.Debug:ExtractStackTraceNoAlloc (byte*,int,string)
UnityEngine.StackTraceUtility:ExtractStackTrace ()
UnityEngine.DebugLogHandler:Internal_Log (UnityEngine.LogType,UnityEngine.LogOption,string,UnityEngine.Object)
UnityEngine.DebugLogHandler:LogFormat (UnityEngine.LogType,UnityEngine.Object,string,object[])
UnityEngine.Logger:Log (UnityEngine.LogType,object)
UnityEngine.Debug:Log (object)
HyperCasualRunner.Editor.ToolkitExampleGenerator:GenerateExamples () (at Assets/Scripts/Editor/ToolkitExampleGenerator.cs:576)
HyperCasualRunner.Tests.ToolkitGeneratorTests:Setup () (at Assets/Scripts/Editor/Tests/ToolkitGeneratorTests.cs:15)
System.Reflection.RuntimeMethodInfo:Invoke (object,System.Reflection.BindingFlags,System.Reflection.Binder,object[],System.Globalization.CultureInfo)
System.Reflection.MethodBase:Invoke (object,object[])
NUnit.Framework.Internal.Reflect:InvokeMethod (System.Reflection.MethodInfo,object,object[])
NUnit.Framework.Internal.Reflect:InvokeMethod (System.Reflection.MethodInfo,object)
UnityEngine.TestTools.SetUpTearDownCommand/<InvokeBefore>d__4:MoveNext () (at ./Library/PackageCache/com.unity.test-framework@bd7f943e9647/UnityEngine.TestRunner/NUnitExtensions/Commands/SetUpTearDownCommand.cs:59)
UnityEngine.TestTools.EnumeratorHelper/<ProgressOnEnumerator>d__5:MoveNext () (at ./Library/PackageCache/com.unity.test-framework@bd7f943e9647/UnityEngine.TestRunner/NUnitExtensions/Attributes/EnumeratorHelper.cs:35)
UnityEngine.TestTools.BeforeAfterTestCommandBase`1/<ExecuteEnumerable>d__16<System.Reflection.MethodInfo>:MoveNext () (at ./Library/PackageCache/com.unity.test-framework@bd7f943e9647/UnityEngine.TestRunner/NUnitExtensions/Commands/BeforeAfterTestCommandBase.cs:155)
UnityEngine.TestTools.BeforeAfterTestCommandBase`1/<ExecuteEnumerable>d__16<System.Reflection.MethodInfo>:MoveNext () (at ./Library/PackageCache/com.unity.test-framework@bd7f943e9647/UnityEngine.TestRunner/NUnitExtensions/Commands/BeforeAfterTestCommandBase.cs:212)
UnityEngine.TestTools.BeforeAfterTestCommandBase`1/<ExecuteEnumerable>d__16<UnityEngine.TestTools.IOuterUnityTestAction>:MoveNext () (at ./Library/PackageCache/com.unity.test-framework@bd7f943e9647/UnityEngine.TestRunner/NUnitExtensions/Commands/BeforeAfterTestCommandBase.cs:212)
UnityEngine.TestTools.RetryCommand/<ExecuteEnumerable>d__2:MoveNext () (at ./Library/PackageCache/com.unity.test-framework@bd7f943e9647/UnityEngine.TestRunner/NUnitExtensions/Commands/RetryCommand.cs:37)
UnityEngine.TestTools.RepeatCommand/<ExecuteEnumerable>d__2:MoveNext () (at ./Library/PackageCache/com.unity.test-framework@bd7f943e9647/UnityEngine.TestRunner/NUnitExtensions/Commands/RepeatCommand.cs:36)
UnityEngine.TestTools.IgnoreTestCommand/<ExecuteEnumerable>d__3:MoveNext () (at ./Library/PackageCache/com.unity.test-framework@bd7f943e9647/UnityEngine.TestRunner/NUnitExtensions/Commands/IgnoreTestCommand.cs:42)
UnityEngine.TestTools.StrictCheckCommand/<ExecuteEnumerable>d__2:MoveNext () (at ./Library/PackageCache/com.unity.test-framework@bd7f943e9647/UnityEngine.TestRunner/NUnitExtensions/Commands/StrictCheckCommand.cs:29)
UnityEngine.TestRunner.NUnitExtensions.Runner.DefaultTestWorkItem/<PerformWork>d__2:MoveNext () (at ./Library/PackageCache/com.unity.test-framework@bd7f943e9647/UnityEngine.TestRunner/NUnitExtensions/Runner/DefaultTestWorkItem.cs:50)
UnityEngine.TestRunner.NUnitExtensions.Runner.CompositeWorkItem/<RunChildren>d__17:MoveNext () (at ./Library/PackageCache/com.unity.test-framework@bd7f943e9647/UnityEngine.TestRunner/NUnitExtensions/Runner/CompositeWorkItem.cs:207)
UnityEngine.TestRunner.NUnitExtensions.Runner.CompositeWorkItem/<PerformWork>d__13:MoveNext () (at ./Library/PackageCache/com.unity.test-framework@bd7f943e9647/UnityEngine.TestRunner/NUnitExtensions/Runner/CompositeWorkItem.cs:82)
UnityEngine.TestRunner.NUnitExtensions.Runner.CompositeWorkItem/<RunChildren>d__17:MoveNext () (at ./Library/PackageCache/com.unity.test-framework@bd7f943e9647/UnityEngine.TestRunner/NUnitExtensions/Runner/CompositeWorkItem.cs:207)
UnityEngine.TestRunner.NUnitExtensions.Runner.CompositeWorkItem/<PerformWork>d__13:MoveNext () (at ./Library/PackageCache/com.unity.test-framework@bd7f943e9647/UnityEngine.TestRunner/NUnitExtensions/Runner/CompositeWorkItem.cs:82)
UnityEngine.TestRunner.NUnitExtensions.Runner.CompositeWorkItem/<RunChildren>d__17:MoveNext () (at ./Library/PackageCache/com.unity.test-framework@bd7f943e9647/UnityEngine.TestRunner/NUnitExtensions/Runner/CompositeWorkItem.cs:207)
UnityEngine.TestRunner.NUnitExtensions.Runner.CompositeWorkItem/<PerformWork>d__13:MoveNext () (at ./Library/PackageCache/com.unity.test-framework@bd7f943e9647/UnityEngine.TestRunner/NUnitExtensions/Runner/CompositeWorkItem.cs:82)
UnityEngine.TestRunner.NUnitExtensions.Runner.CompositeWorkItem/<RunChildren>d__17:MoveNext () (at ./Library/PackageCache/com.unity.test-framework@bd7f943e9647/UnityEngine.TestRunner/NUnitExtensions/Runner/CompositeWorkItem.cs:207)
UnityEngine.TestRunner.NUnitExtensions.Runner.CompositeWorkItem/<PerformWork>d__13:MoveNext () (at ./Library/PackageCache/com.unity.test-framework@bd7f943e9647/UnityEngine.TestRunner/NUnitExtensions/Runner/CompositeWorkItem.cs:82)
UnityEngine.TestRunner.NUnitExtensions.Runner.CompositeWorkItem/<RunChildren>d__17:MoveNext () (at ./Library/PackageCache/com.unity.test-framework@bd7f943e9647/UnityEngine.TestRunner/NUnitExtensions/Runner/CompositeWorkItem.cs:207)
UnityEngine.TestRunner.NUnitExtensions.Runner.CompositeWorkItem/<PerformWork>d__13:MoveNext () (at ./Library/PackageCache/com.unity.test-framework@bd7f943e9647/UnityEngine.TestRunner/NUnitExtensions/Runner/CompositeWorkItem.cs:82)
UnityEditor.TestTools.TestRunner.EditModeRunner:MoveNextAndUpdateYieldObject () (at ./Library/PackageCache/com.unity.test-framework@bd7f943e9647/UnityEditor.TestRunner/TestRunner/EditModeRunner.cs:167)
UnityEditor.TestTools.TestRunner.EditModeRunner:TestConsumer (UnityEditor.TestTools.TestRunner.TestRunnerStateSerializer) (at ./Library/PackageCache/com.unity.test-framework@bd7f943e9647/UnityEditor.TestRunner/TestRunner/EditModeRunner.cs:200)
UnityEditor.TestTools.TestRunner.TestRun.Tasks.EditModeRunTask/<Execute>d__1:MoveNext () (at ./Library/PackageCache/com.unity.test-framework@bd7f943e9647/UnityEditor.TestRunner/TestRun/Tasks/EditModeRunTask.cs:48)
UnityEditor.TestTools.TestRunner.TestRun.TestJobRunner:ExecuteStep () (at ./Library/PackageCache/com.unity.test-framework@bd7f943e9647/UnityEditor.TestRunner/TestRun/TestJobRunner.cs:173)
UnityEditor.TestTools.TestRunner.TestRun.TestJobRunner:ExecuteCallback () (at ./Library/PackageCache/com.unity.test-framework@bd7f943e9647/UnityEditor.TestRunner/TestRun/TestJobRunner.cs:108)
UnityEditor.EditorApplication:Internal_CallUpdateFunctions ()

(Filename: Assets/Scripts/Editor/ToolkitExampleGenerator.cs Line: 576)

Asset Pipeline Refresh (id=916055848384192448ade43a20534151): Total: 0.015 seconds - Initiated by RefreshV2(NoUpdateAssetOptions)
=== EMPIRICAL TOOLKIT VERIFICATION REPORT ===

[PASS] 1_SubwaySurfers_Meta -> Verified on disk (13 children)
       - LaneAuthoring verified: LaneWidth=2.5, Speed=15
[PASS] 2_IdleSlayer_Platformer -> Verified on disk (4 children)
[PASS] 3_TalkingTom_Rebuild -> Verified on disk (4 children)
[PASS] 4_CountMasters_Swarm -> Verified on disk (16 children)
[PASS] 5_JoinClash_Snake -> Verified on disk (20 children)
       - SnakeChainAuthoring verified: StartingFollowers=3, SegmentSpacing=0.8
[PASS] 6_MobControl_Cannons -> Verified on disk (16 children)
[PASS] 7_BridgeRace_Stacker -> Verified on disk (31 children)
[PASS] 8_HighHeels_Vertical -> Verified on disk (46 children)
       - StiltsAuthoring verified: HeelHeight=0.5
[PASS] 9_TallManRun_Scale -> Verified on disk (6 children)
[PASS] 10_RunRich_Status -> Verified on disk (6 children)
[PASS] 11_BlobRunner_Jiggle -> Verified on disk (4 children)
[PASS] 12_StackyDash_Grid -> Verified on disk (153 children)
       - MazeCollectorAuthoring & GridPathfinderAuthoring verified: TileHeightOffset=0.2, StepDistance=1
[PASS] 13_ShortcutRun_Planks -> Verified on disk (27 children)
       - BridgeBuilderAuthoring verified: DistancePerPlank=0.8
[PASS] 14_MoneyRush_Coins -> Verified on disk (10 children)
       - CoinSpawnerAuthoring verified: StartingCoins=1, GateCount=5
[PASS] 15_Aquapark_Skip -> Verified on disk (6 children)
       - RampAuthoring verified: JumpForce=18
[PASS] 16_MyMiniMart_Supply -> Verified on disk (6 children)
[PASS] 17_MyPerfectHotel_Service -> Verified on disk (6 children)
[PASS] 18_BurgerPlease_Multi -> Verified on disk (4 children)
[PASS] 19_PizzaReady_Flow -> Verified on disk (3 children)
[PASS] 20_MyLittleUniverse_Build -> Verified on disk (6 children)
[PASS] 21_WeaponMaster_Shooter -> Verified on disk (53 children)
       - ShooterAuthoring verified: SpreadCount=1, FireRate=0.25

SUMMARY: 21/21 Playable Slices verified successfully!
UnityEngine.Debug:ExtractStackTraceNoAlloc (byte*,int,string)
UnityEngine.StackTraceUtility:ExtractStackTrace ()
UnityEngine.DebugLogHandler:Internal_Log (UnityEngine.LogType,UnityEngine.LogOption,string,UnityEngine.Object)
UnityEngine.DebugLogHandler:LogFormat (UnityEngine.LogType,UnityEngine.Object,string,object[])
UnityEngine.Logger:Log (UnityEngine.LogType,object)
UnityEngine.Debug:Log (object)
HyperCasualRunner.Editor.ToolkitExampleGenerator:RunVerificationSuite () (at Assets/Scripts/Editor/ToolkitExampleGenerator.cs:723)
HyperCasualRunner.Tests.ToolkitGeneratorTests:Setup () (at Assets/Scripts/Editor/Tests/ToolkitGeneratorTests.cs:16)
System.Reflection.RuntimeMethodInfo:Invoke (object,System.Reflection.BindingFlags,System.Reflection.Binder,object[],System.Globalization.CultureInfo)
System.Reflection.MethodBase:Invoke (object,object[])
NUnit.Framework.Internal.Reflect:InvokeMethod (System.Reflection.MethodInfo,object,object[])
NUnit.Framework.Internal.Reflect:InvokeMethod (System.Reflection.MethodInfo,object)
UnityEngine.TestTools.SetUpTearDownCommand/<InvokeBefore>d__4:MoveNext () (at ./Library/PackageCache/com.unity.test-framework@bd7f943e9647/UnityEngine.TestRunner/NUnitExtensions/Commands/SetUpTearDownCommand.cs:59)
UnityEngine.TestTools.EnumeratorHelper/<ProgressOnEnumerator>d__5:MoveNext () (at ./Library/PackageCache/com.unity.test-framework@bd7f943e9647/UnityEngine.TestRunner/NUnitExtensions/Attributes/EnumeratorHelper.cs:35)
UnityEngine.TestTools.BeforeAfterTestCommandBase`1/<ExecuteEnumerable>d__16<System.Reflection.MethodInfo>:MoveNext () (at ./Library/PackageCache/com.unity.test-framework@bd7f943e9647/UnityEngine.TestRunner/NUnitExtensions/Commands/BeforeAfterTestCommandBase.cs:155)
UnityEngine.TestTools.BeforeAfterTestCommandBase`1/<ExecuteEnumerable>d__16<System.Reflection.MethodInfo>:MoveNext () (at ./Library/PackageCache/com.unity.test-framework@bd7f943e9647/UnityEngine.TestRunner/NUnitExtensions/Commands/BeforeAfterTestCommandBase.cs:212)
UnityEngine.TestTools.BeforeAfterTestCommandBase`1/<ExecuteEnumerable>d__16<UnityEngine.TestTools.IOuterUnityTestAction>:MoveNext () (at ./Library/PackageCache/com.unity.test-framework@bd7f943e9647/UnityEngine.TestRunner/NUnitExtensions/Commands/BeforeAfterTestCommandBase.cs:212)
UnityEngine.TestTools.RetryCommand/<ExecuteEnumerable>d__2:MoveNext () (at ./Library/PackageCache/com.unity.test-framework@bd7f943e9647/UnityEngine.TestRunner/NUnitExtensions/Commands/RetryCommand.cs:37)
UnityEngine.TestTools.RepeatCommand/<ExecuteEnumerable>d__2:MoveNext () (at ./Library/PackageCache/com.unity.test-framework@bd7f943e9647/UnityEngine.TestRunner/NUnitExtensions/Commands/RepeatCommand.cs:36)
UnityEngine.TestTools.IgnoreTestCommand/<ExecuteEnumerable>d__3:MoveNext () (at ./Library/PackageCache/com.unity.test-framework@bd7f943e9647/UnityEngine.TestRunner/NUnitExtensions/Commands/IgnoreTestCommand.cs:42)
UnityEngine.TestTools.StrictCheckCommand/<ExecuteEnumerable>d__2:MoveNext () (at ./Library/PackageCache/com.unity.test-framework@bd7f943e9647/UnityEngine.TestRunner/NUnitExtensions/Commands/StrictCheckCommand.cs:29)
UnityEngine.TestRunner.NUnitExtensions.Runner.DefaultTestWorkItem/<PerformWork>d__2:MoveNext () (at ./Library/PackageCache/com.unity.test-framework@bd7f943e9647/UnityEngine.TestRunner/NUnitExtensions/Runner/DefaultTestWorkItem.cs:50)
UnityEngine.TestRunner.NUnitExtensions.Runner.CompositeWorkItem/<RunChildren>d__17:MoveNext () (at ./Library/PackageCache/com.unity.test-framework@bd7f943e9647/UnityEngine.TestRunner/NUnitExtensions/Runner/CompositeWorkItem.cs:207)
UnityEngine.TestRunner.NUnitExtensions.Runner.CompositeWorkItem/<PerformWork>d__13:MoveNext () (at ./Library/PackageCache/com.unity.test-framework@bd7f943e9647/UnityEngine.TestRunner/NUnitExtensions/Runner/CompositeWorkItem.cs:82)
UnityEngine.TestRunner.NUnitExtensions.Runner.CompositeWorkItem/<RunChildren>d__17:MoveNext () (at ./Library/PackageCache/com.unity.test-framework@bd7f943e9647/UnityEngine.TestRunner/NUnitExtensions/Runner/CompositeWorkItem.cs:207)
UnityEngine.TestRunner.NUnitExtensions.Runner.CompositeWorkItem/<PerformWork>d__13:MoveNext () (at ./Library/PackageCache/com.unity.test-framework@bd7f943e9647/UnityEngine.TestRunner/NUnitExtensions/Runner/CompositeWorkItem.cs:82)
UnityEngine.TestRunner.NUnitExtensions.Runner.CompositeWorkItem/<RunChildren>d__17:MoveNext () (at ./Library/PackageCache/com.unity.test-framework@bd7f943e9647/UnityEngine.TestRunner/NUnitExtensions/Runner/CompositeWorkItem.cs:207)
UnityEngine.TestRunner.NUnitExtensions.Runner.CompositeWorkItem/<PerformWork>d__13:MoveNext () (at ./Library/PackageCache/com.unity.test-framework@bd7f943e9647/UnityEngine.TestRunner/NUnitExtensions/Runner/CompositeWorkItem.cs:82)
UnityEngine.TestRunner.NUnitExtensions.Runner.CompositeWorkItem/<RunChildren>d__17:MoveNext () (at ./Library/PackageCache/com.unity.test-framework@bd7f943e9647/UnityEngine.TestRunner/NUnitExtensions/Runner/CompositeWorkItem.cs:207)
UnityEngine.TestRunner.NUnitExtensions.Runner.CompositeWorkItem/<PerformWork>d__13:MoveNext () (at ./Library/PackageCache/com.unity.test-framework@bd7f943e9647/UnityEngine.TestRunner/NUnitExtensions/Runner/CompositeWorkItem.cs:82)
UnityEngine.TestRunner.NUnitExtensions.Runner.CompositeWorkItem/<RunChildren>d__17:MoveNext () (at ./Library/PackageCache/com.unity.test-framework@bd7f943e9647/UnityEngine.TestRunner/NUnitExtensions/Runner/CompositeWorkItem.cs:207)
UnityEngine.TestRunner.NUnitExtensions.Runner.CompositeWorkItem/<PerformWork>d__13:MoveNext () (at ./Library/PackageCache/com.unity.test-framework@bd7f943e9647/UnityEngine.TestRunner/NUnitExtensions/Runner/CompositeWorkItem.cs:82)
UnityEditor.TestTools.TestRunner.EditModeRunner:MoveNextAndUpdateYieldObject () (at ./Library/PackageCache/com.unity.test-framework@bd7f943e9647/UnityEditor.TestRunner/TestRunner/EditModeRunner.cs:167)
UnityEditor.TestTools.TestRunner.EditModeRunner:TestConsumer (UnityEditor.TestTools.TestRunner.TestRunnerStateSerializer) (at ./Library/PackageCache/com.unity.test-framework@bd7f943e9647/UnityEditor.TestRunner/TestRunner/EditModeRunner.cs:200)
UnityEditor.TestTools.TestRunner.TestRun.Tasks.EditModeRunTask/<Execute>d__1:MoveNext () (at ./Library/PackageCache/com.unity.test-framework@bd7f943e9647/UnityEditor.TestRunner/TestRun/Tasks/EditModeRunTask.cs:48)
UnityEditor.TestTools.TestRunner.TestRun.TestJobRunner:ExecuteStep () (at ./Library/PackageCache/com.unity.test-framework@bd7f943e9647/UnityEditor.TestRunner/TestRun/TestJobRunner.cs:173)
UnityEditor.TestTools.TestRunner.TestRun.TestJobRunner:ExecuteCallback () (at ./Library/PackageCache/com.unity.test-framework@bd7f943e9647/UnityEditor.TestRunner/TestRun/TestJobRunner.cs:108)
UnityEditor.EditorApplication:Internal_CallUpdateFunctions ()

(Filename: Assets/Scripts/Editor/ToolkitExampleGenerator.cs Line: 723)

Start importing Assets/ToolkitExamples/1_SubwaySurfers_Meta_Slice.prefab using Guid(407e08117c0890844a34477561fe5634) (PrefabImporter) -> (artifact id: 'a656444fce7e8293644cf4bd9b7d0cd2') in 0.0222043 seconds
Refreshing native plugins compatible for Editor in 21.52 ms, found 5 plugins.
Preloading 0 native plugins for Editor in 0.00 ms.
Asset Pipeline Refresh (id=003fe31cc84b3c7479b7f9d8f0b1d02b): Total: 0.176 seconds - Initiated by StopAssetImportingV2(NoUpdateAssetOptions)
Start importing Assets/ToolkitExamples/2_IdleSlayer_Platformer_Slice.prefab using Guid(19e5bd6983a0bcf48a5881852b3f0988) (PrefabImporter) -> (artifact id: 'e60fb9fc09eec58db75bbe5a98a3700c') in 0.0190774 seconds
Refreshing native plugins compatible for Editor in 22.20 ms, found 5 plugins.
Preloading 0 native plugins for Editor in 0.00 ms.
Asset Pipeline Refresh (id=bc325eebe5c2a554d995321d6db6cf08): Total: 0.261 seconds - Initiated by StopAssetImportingV2(NoUpdateAssetOptions)
Start importing Assets/ToolkitExamples/3_TalkingTom_Rebuild_Slice.prefab using Guid(2dc25457ecd27fc45a74d5b0e43e191a) (PrefabImporter) -> (artifact id: 'ab3a85bd84c523b634448a8c17545df1') in 0.019527 seconds
Refreshing native plugins compatible for Editor in 20.95 ms, found 5 plugins.
Preloading 0 native plugins for Editor in 0.00 ms.
Asset Pipeline Refresh (id=1329f9f2d45bbf34794e3a2ff8319f60): Total: 0.163 seconds - Initiated by StopAssetImportingV2(NoUpdateAssetOptions)
Start importing Assets/ToolkitExamples/4_CountMasters_Swarm_Slice.prefab using Guid(654cdbc3afea2b24c90e6f3fe3ff38a9) (PrefabImporter) -> (artifact id: 'cdc073e22434400c43e7140dbaa920d0') in 0.0231147 seconds
Refreshing native plugins compatible for Editor in 30.14 ms, found 5 plugins.
Preloading 0 native plugins for Editor in 0.00 ms.
Asset Pipeline Refresh (id=8ecb7a9e9e47bbb41be1dc87e1dc7056): Total: 0.165 seconds - Initiated by StopAssetImportingV2(NoUpdateAssetOptions)
Start importing Assets/ToolkitExamples/5_JoinClash_Snake_Slice.prefab using Guid(a72ae365ca86d65489a86b1d98cdacd1) (PrefabImporter) -> (artifact id: 'e040bbd683f38d99b6818293dcf663fb') in 0.0278675 seconds
Refreshing native plugins compatible for Editor in 21.07 ms, found 5 plugins.
Preloading 0 native plugins for Editor in 0.00 ms.
Asset Pipeline Refresh (id=f40ee4434a97f9b47a47b0d8a0b9d90a): Total: 0.196 seconds - Initiated by StopAssetImportingV2(NoUpdateAssetOptions)
Start importing Assets/ToolkitExamples/6_MobControl_Cannons_Slice.prefab using Guid(1a0f7b3e9eebd324c926f70ccf093bab) (PrefabImporter) -> (artifact id: 'e446079366ed4cca5e6ee95e8cdfd5f6') in 0.0208117 seconds
Refreshing native plugins compatible for Editor in 18.74 ms, found 5 plugins.
Preloading 0 native plugins for Editor in 0.00 ms.
Asset Pipeline Refresh (id=5acfc0b264931a24ca63e1e0ba6750cb): Total: 0.146 seconds - Initiated by StopAssetImportingV2(NoUpdateAssetOptions)
Start importing Assets/ToolkitExamples/7_BridgeRace_Stacker_Slice.prefab using Guid(c49eec4aedc85d242a8ce7bf5e02df6c) (PrefabImporter) -> (artifact id: '6692969f2dcff985cf2af741903873d2') in 0.0333962 seconds
Refreshing native plugins compatible for Editor in 60.15 ms, found 5 plugins.
Preloading 0 native plugins for Editor in 0.00 ms.
Asset Pipeline Refresh (id=a88d1603a17aa6745b87b63bf9da088d): Total: 0.229 seconds - Initiated by StopAssetImportingV2(NoUpdateAssetOptions)
Start importing Assets/ToolkitExamples/8_HighHeels_Vertical_Slice.prefab using Guid(b2539b91b0f882448a5a1a7cb3b08260) (PrefabImporter) -> (artifact id: '1d5292b4db2e2265552432636649ca77') in 0.0347736 seconds
Refreshing native plugins compatible for Editor in 27.96 ms, found 5 plugins.
Preloading 0 native plugins for Editor in 0.00 ms.
Asset Pipeline Refresh (id=8a86104a2606f7943a678f241a66edf2): Total: 0.239 seconds - Initiated by StopAssetImportingV2(NoUpdateAssetOptions)
Start importing Assets/ToolkitExamples/9_TallManRun_Scale_Slice.prefab using Guid(e2d1f9080097c8d4e9ba975419d3760a) (PrefabImporter) -> (artifact id: '6ee00deb4f56a84c6ed2bdad15403567') in 0.015791 seconds
Refreshing native plugins compatible for Editor in 19.97 ms, found 5 plugins.
Preloading 0 native plugins for Editor in 0.00 ms.
Asset Pipeline Refresh (id=08efc78f39fbd6146a03a71000ae1f6d): Total: 0.136 seconds - Initiated by StopAssetImportingV2(NoUpdateAssetOptions)
Start importing Assets/ToolkitExamples/10_RunRich_Status_Slice.prefab using Guid(c38f36c6dadf7ea4487cfa96f08929f7) (PrefabImporter) -> (artifact id: '7069c0faf348b3c82396949c9ddf135b') in 0.0167276 seconds
Refreshing native plugins compatible for Editor in 25.41 ms, found 5 plugins.
Preloading 0 native plugins for Editor in 0.00 ms.
Asset Pipeline Refresh (id=dd008e6a663ecec40932a04e08ab3469): Total: 0.184 seconds - Initiated by StopAssetImportingV2(NoUpdateAssetOptions)
Start importing Assets/ToolkitExamples/11_BlobRunner_Jiggle_Slice.prefab using Guid(bb8d9be4a33942d47a5854b4c1d11528) (PrefabImporter) -> (artifact id: '3d39c155291bd2348941f3a5d982ce87') in 0.0173127 seconds
Refreshing native plugins compatible for Editor in 19.58 ms, found 5 plugins.
Preloading 0 native plugins for Editor in 0.00 ms.
Asset Pipeline Refresh (id=6b9acc836c67b7b4e8b60199f58053b6): Total: 0.206 seconds - Initiated by StopAssetImportingV2(NoUpdateAssetOptions)
Start importing Assets/ToolkitExamples/12_StackyDash_Grid_Slice.prefab using Guid(102f2245b2e3b4949ab3826aaef0e0aa) (PrefabImporter) -> (artifact id: 'e950847ef95b64376968eb9d6c306790') in 0.1033042 seconds
Refreshing native plugins compatible for Editor in 23.29 ms, found 5 plugins.
Preloading 0 native plugins for Editor in 0.00 ms.
Asset Pipeline Refresh (id=3f33db6d8cfda454285f0410903e7bcd): Total: 0.268 seconds - Initiated by StopAssetImportingV2(NoUpdateAssetOptions)
Start importing Assets/ToolkitExamples/13_ShortcutRun_Planks_Slice.prefab using Guid(3c0b272c25cc0374899ea60ccca36a27) (PrefabImporter) -> (artifact id: '440273edd22f829975010f2b68b811d9') in 0.0326708 seconds
Refreshing native plugins compatible for Editor in 22.67 ms, found 5 plugins.
Preloading 0 native plugins for Editor in 0.00 ms.
Asset Pipeline Refresh (id=75dc89a5857955e47a355ebbe39a47ea): Total: 0.181 seconds - Initiated by StopAssetImportingV2(NoUpdateAssetOptions)
Start importing Assets/ToolkitExamples/14_MoneyRush_Coins_Slice.prefab using Guid(f0d2cdc263744fb4ea8271789fdb654f) (PrefabImporter) -> (artifact id: 'b2dffa71614100e6c4d06b4a4b421329') in 0.0335109 seconds
Refreshing native plugins compatible for Editor in 47.38 ms, found 5 plugins.
Preloading 0 native plugins for Editor in 0.00 ms.
Asset Pipeline Refresh (id=deec3ebf26c3ccf4e806773ed2581e2d): Total: 0.209 seconds - Initiated by StopAssetImportingV2(NoUpdateAssetOptions)
Start importing Assets/ToolkitExamples/15_Aquapark_Skip_Slice.prefab using Guid(09e11eec10e77ec4ca85dc5fcf0a8b47) (PrefabImporter) -> (artifact id: '18277acafcfc7004f3512a9f791cec97') in 0.0235815 seconds
Refreshing native plugins compatible for Editor in 21.26 ms, found 5 plugins.
Preloading 0 native plugins for Editor in 0.00 ms.
Asset Pipeline Refresh (id=ad7758efb6d62bc43ad173e317693c04): Total: 0.291 seconds - Initiated by StopAssetImportingV2(NoUpdateAssetOptions)
Start importing Assets/ToolkitExamples/16_MyMiniMart_Supply_Slice.prefab using Guid(4649eb3089283024bb683b1ed488a922) (PrefabImporter) -> (artifact id: '464cee4f8a1db0127b3371ceac29c660') in 0.0141207 seconds
Refreshing native plugins compatible for Editor in 18.71 ms, found 5 plugins.
Preloading 0 native plugins for Editor in 0.00 ms.
Asset Pipeline Refresh (id=d6e65295d41ac6b4c8e8c731096603e5): Total: 0.155 seconds - Initiated by StopAssetImportingV2(NoUpdateAssetOptions)
Start importing Assets/ToolkitExamples/17_MyPerfectHotel_Service_Slice.prefab using Guid(acd4f269517c98f44b74c3be547fc3d7) (PrefabImporter) -> (artifact id: '67e90b27b8d768cb925a799a83807acc') in 0.0160047 seconds
Refreshing native plugins compatible for Editor in 19.23 ms, found 5 plugins.
Preloading 0 native plugins for Editor in 0.00 ms.
Asset Pipeline Refresh (id=8843b6e51c8c6f447b16ec07ad7852fb): Total: 0.156 seconds - Initiated by StopAssetImportingV2(NoUpdateAssetOptions)
Start importing Assets/ToolkitExamples/18_BurgerPlease_Multi_Slice.prefab using Guid(3be32ab850ec8c7478a84b01fdf80728) (PrefabImporter) -> (artifact id: 'aa0c3174d9582cd1add4f66276af67d3') in 0.0143281 seconds
Refreshing native plugins compatible for Editor in 19.83 ms, found 5 plugins.
Preloading 0 native plugins for Editor in 0.00 ms.
Asset Pipeline Refresh (id=cd62b59d2b7931a488d672fe527339d2): Total: 0.143 seconds - Initiated by StopAssetImportingV2(NoUpdateAssetOptions)
Start importing Assets/ToolkitExamples/19_PizzaReady_Flow_Slice.prefab using Guid(a2816388990f50940a89c206f04c9a6a) (PrefabImporter) -> (artifact id: '3ea6ae21a4e2fbf2807f6471de06a4fa') in 0.0135858 seconds
Refreshing native plugins compatible for Editor in 23.83 ms, found 5 plugins.
Preloading 0 native plugins for Editor in 0.00 ms.
Asset Pipeline Refresh (id=cdf5c36a71e8b5748973892035cd5da1): Total: 0.170 seconds - Initiated by StopAssetImportingV2(NoUpdateAssetOptions)
Start importing Assets/ToolkitExamples/20_MyLittleUniverse_Build_Slice.prefab using Guid(a695ad867269cca4c88656b41e976cd7) (PrefabImporter) -> (artifact id: '55aa516a0431b41dd9fb041ccd387723') in 0.0162082 seconds
Refreshing native plugins compatible for Editor in 41.85 ms, found 5 plugins.
Preloading 0 native plugins for Editor in 0.00 ms.
Asset Pipeline Refresh (id=dffb9120709591e44805b6a9b2e487f2): Total: 0.212 seconds - Initiated by StopAssetImportingV2(NoUpdateAssetOptions)
Start importing Assets/ToolkitExamples/21_WeaponMaster_Shooter_Slice.prefab using Guid(4bdfeeaf13343434cb8d4672f5fec28d) (PrefabImporter) -> (artifact id: '5bc2abd31df37ce5a67d9c3e154d9b0f') in 0.0354795 seconds
Refreshing native plugins compatible for Editor in 39.61 ms, found 5 plugins.
Preloading 0 native plugins for Editor in 0.00 ms.
Asset Pipeline Refresh (id=73481b4e169755243a875e1667ea9fa5): Total: 0.229 seconds - Initiated by StopAssetImportingV2(NoUpdateAssetOptions)
Asset Pipeline Refresh (id=019a8ba03c3b6834b88ec3991a1cba4a): Total: 0.032 seconds - Initiated by StopAssetImportingV2(NoUpdateAssetOptions)
Asset Pipeline Refresh (id=6164f37c619cf084f80d2aeb55ef71c1): Total: 0.027 seconds - Initiated by RefreshV2(NoUpdateAssetOptions)
Successfully generated 21 Playable Slices and 1 Master Hub!
UnityEngine.Debug:ExtractStackTraceNoAlloc (byte*,int,string)
UnityEngine.StackTraceUtility:ExtractStackTrace ()
UnityEngine.DebugLogHandler:Internal_Log (UnityEngine.LogType,UnityEngine.LogOption,string,UnityEngine.Object)
UnityEngine.DebugLogHandler:LogFormat (UnityEngine.LogType,UnityEngine.Object,string,object[])
UnityEngine.Logger:Log (UnityEngine.LogType,object)
UnityEngine.Debug:Log (object)
HyperCasualRunner.Editor.ToolkitExampleGenerator:GenerateExamples () (at Assets/Scripts/Editor/ToolkitExampleGenerator.cs:576)
HyperCasualRunner.Tests.ToolkitGeneratorTests:Setup () (at Assets/Scripts/Editor/Tests/ToolkitGeneratorTests.cs:15)
System.Reflection.RuntimeMethodInfo:Invoke (object,System.Reflection.BindingFlags,System.Reflection.Binder,object[],System.Globalization.CultureInfo)
System.Reflection.MethodBase:Invoke (object,object[])
NUnit.Framework.Internal.Reflect:InvokeMethod (System.Reflection.MethodInfo,object,object[])
NUnit.Framework.Internal.Reflect:InvokeMethod (System.Reflection.MethodInfo,object)
UnityEngine.TestTools.SetUpTearDownCommand/<InvokeBefore>d__4:MoveNext () (at ./Library/PackageCache/com.unity.test-framework@bd7f943e9647/UnityEngine.TestRunner/NUnitExtensions/Commands/SetUpTearDownCommand.cs:59)
UnityEngine.TestTools.EnumeratorHelper/<ProgressOnEnumerator>d__5:MoveNext () (at ./Library/PackageCache/com.unity.test-framework@bd7f943e9647/UnityEngine.TestRunner/NUnitExtensions/Attributes/EnumeratorHelper.cs:35)
UnityEngine.TestTools.BeforeAfterTestCommandBase`1/<ExecuteEnumerable>d__16<System.Reflection.MethodInfo>:MoveNext () (at ./Library/PackageCache/com.unity.test-framework@bd7f943e9647/UnityEngine.TestRunner/NUnitExtensions/Commands/BeforeAfterTestCommandBase.cs:155)
UnityEngine.TestTools.BeforeAfterTestCommandBase`1/<ExecuteEnumerable>d__16<System.Reflection.MethodInfo>:MoveNext () (at ./Library/PackageCache/com.unity.test-framework@bd7f943e9647/UnityEngine.TestRunner/NUnitExtensions/Commands/BeforeAfterTestCommandBase.cs:212)
UnityEngine.TestTools.BeforeAfterTestCommandBase`1/<ExecuteEnumerable>d__16<UnityEngine.TestTools.IOuterUnityTestAction>:MoveNext () (at ./Library/PackageCache/com.unity.test-framework@bd7f943e9647/UnityEngine.TestRunner/NUnitExtensions/Commands/BeforeAfterTestCommandBase.cs:212)
UnityEngine.TestTools.RetryCommand/<ExecuteEnumerable>d__2:MoveNext () (at ./Library/PackageCache/com.unity.test-framework@bd7f943e9647/UnityEngine.TestRunner/NUnitExtensions/Commands/RetryCommand.cs:37)
UnityEngine.TestTools.RepeatCommand/<ExecuteEnumerable>d__2:MoveNext () (at ./Library/PackageCache/com.unity.test-framework@bd7f943e9647/UnityEngine.TestRunner/NUnitExtensions/Commands/RepeatCommand.cs:36)
UnityEngine.TestTools.IgnoreTestCommand/<ExecuteEnumerable>d__3:MoveNext () (at ./Library/PackageCache/com.unity.test-framework@bd7f943e9647/UnityEngine.TestRunner/NUnitExtensions/Commands/IgnoreTestCommand.cs:42)
UnityEngine.TestTools.StrictCheckCommand/<ExecuteEnumerable>d__2:MoveNext () (at ./Library/PackageCache/com.unity.test-framework@bd7f943e9647/UnityEngine.TestRunner/NUnitExtensions/Commands/StrictCheckCommand.cs:29)
UnityEngine.TestRunner.NUnitExtensions.Runner.DefaultTestWorkItem/<PerformWork>d__2:MoveNext () (at ./Library/PackageCache/com.unity.test-framework@bd7f943e9647/UnityEngine.TestRunner/NUnitExtensions/Runner/DefaultTestWorkItem.cs:50)
UnityEngine.TestRunner.NUnitExtensions.Runner.CompositeWorkItem/<RunChildren>d__17:MoveNext () (at ./Library/PackageCache/com.unity.test-framework@bd7f943e9647/UnityEngine.TestRunner/NUnitExtensions/Runner/CompositeWorkItem.cs:207)
UnityEngine.TestRunner.NUnitExtensions.Runner.CompositeWorkItem/<PerformWork>d__13:MoveNext () (at ./Library/PackageCache/com.unity.test-framework@bd7f943e9647/UnityEngine.TestRunner/NUnitExtensions/Runner/CompositeWorkItem.cs:82)
UnityEngine.TestRunner.NUnitExtensions.Runner.CompositeWorkItem/<RunChildren>d__17:MoveNext () (at ./Library/PackageCache/com.unity.test-framework@bd7f943e9647/UnityEngine.TestRunner/NUnitExtensions/Runner/CompositeWorkItem.cs:207)
UnityEngine.TestRunner.NUnitExtensions.Runner.CompositeWorkItem/<PerformWork>d__13:MoveNext () (at ./Library/PackageCache/com.unity.test-framework@bd7f943e9647/UnityEngine.TestRunner/NUnitExtensions/Runner/CompositeWorkItem.cs:82)
UnityEngine.TestRunner.NUnitExtensions.Runner.CompositeWorkItem/<RunChildren>d__17:MoveNext () (at ./Library/PackageCache/com.unity.test-framework@bd7f943e9647/UnityEngine.TestRunner/NUnitExtensions/Runner/CompositeWorkItem.cs:207)
UnityEngine.TestRunner.NUnitExtensions.Runner.CompositeWorkItem/<PerformWork>d__13:MoveNext () (at ./Library/PackageCache/com.unity.test-framework@bd7f943e9647/UnityEngine.TestRunner/NUnitExtensions/Runner/CompositeWorkItem.cs:82)
UnityEngine.TestRunner.NUnitExtensions.Runner.CompositeWorkItem/<RunChildren>d__17:MoveNext () (at ./Library/PackageCache/com.unity.test-framework@bd7f943e9647/UnityEngine.TestRunner/NUnitExtensions/Runner/CompositeWorkItem.cs:207)
UnityEngine.TestRunner.NUnitExtensions.Runner.CompositeWorkItem/<PerformWork>d__13:MoveNext () (at ./Library/PackageCache/com.unity.test-framework@bd7f943e9647/UnityEngine.TestRunner/NUnitExtensions/Runner/CompositeWorkItem.cs:82)
UnityEngine.TestRunner.NUnitExtensions.Runner.CompositeWorkItem/<RunChildren>d__17:MoveNext () (at ./Library/PackageCache/com.unity.test-framework@bd7f943e9647/UnityEngine.TestRunner/NUnitExtensions/Runner/CompositeWorkItem.cs:207)
UnityEngine.TestRunner.NUnitExtensions.Runner.CompositeWorkItem/<PerformWork>d__13:MoveNext () (at ./Library/PackageCache/com.unity.test-framework@bd7f943e9647/UnityEngine.TestRunner/NUnitExtensions/Runner/CompositeWorkItem.cs:82)
UnityEditor.TestTools.TestRunner.EditModeRunner:MoveNextAndUpdateYieldObject () (at ./Library/PackageCache/com.unity.test-framework@bd7f943e9647/UnityEditor.TestRunner/TestRunner/EditModeRunner.cs:167)
UnityEditor.TestTools.TestRunner.EditModeRunner:TestConsumer (UnityEditor.TestTools.TestRunner.TestRunnerStateSerializer) (at ./Library/PackageCache/com.unity.test-framework@bd7f943e9647/UnityEditor.TestRunner/TestRunner/EditModeRunner.cs:200)
UnityEditor.TestTools.TestRunner.TestRun.Tasks.EditModeRunTask/<Execute>d__1:MoveNext () (at ./Library/PackageCache/com.unity.test-framework@bd7f943e9647/UnityEditor.TestRunner/TestRun/Tasks/EditModeRunTask.cs:48)
UnityEditor.TestTools.TestRunner.TestRun.TestJobRunner:ExecuteStep () (at ./Library/PackageCache/com.unity.test-framework@bd7f943e9647/UnityEditor.TestRunner/TestRun/TestJobRunner.cs:173)
UnityEditor.TestTools.TestRunner.TestRun.TestJobRunner:ExecuteCallback () (at ./Library/PackageCache/com.unity.test-framework@bd7f943e9647/UnityEditor.TestRunner/TestRun/TestJobRunner.cs:108)
UnityEditor.EditorApplication:Internal_CallUpdateFunctions ()

(Filename: Assets/Scripts/Editor/ToolkitExampleGenerator.cs Line: 576)

Asset Pipeline Refresh (id=bf26aae70a757b94fae70fadfb57aba4): Total: 0.011 seconds - Initiated by RefreshV2(NoUpdateAssetOptions)
=== EMPIRICAL TOOLKIT VERIFICATION REPORT ===

[PASS] 1_SubwaySurfers_Meta -> Verified on disk (13 children)
       - LaneAuthoring verified: LaneWidth=2.5, Speed=15
[PASS] 2_IdleSlayer_Platformer -> Verified on disk (4 children)
[PASS] 3_TalkingTom_Rebuild -> Verified on disk (4 children)
[PASS] 4_CountMasters_Swarm -> Verified on disk (16 children)
[PASS] 5_JoinClash_Snake -> Verified on disk (20 children)
       - SnakeChainAuthoring verified: StartingFollowers=3, SegmentSpacing=0.8
[PASS] 6_MobControl_Cannons -> Verified on disk (16 children)
[PASS] 7_BridgeRace_Stacker -> Verified on disk (31 children)
[PASS] 8_HighHeels_Vertical -> Verified on disk (46 children)
       - StiltsAuthoring verified: HeelHeight=0.5
[PASS] 9_TallManRun_Scale -> Verified on disk (6 children)
[PASS] 10_RunRich_Status -> Verified on disk (6 children)
[PASS] 11_BlobRunner_Jiggle -> Verified on disk (4 children)
[PASS] 12_StackyDash_Grid -> Verified on disk (153 children)
       - MazeCollectorAuthoring & GridPathfinderAuthoring verified: TileHeightOffset=0.2, StepDistance=1
[PASS] 13_ShortcutRun_Planks -> Verified on disk (27 children)
       - BridgeBuilderAuthoring verified: DistancePerPlank=0.8
[PASS] 14_MoneyRush_Coins -> Verified on disk (10 children)
       - CoinSpawnerAuthoring verified: StartingCoins=1, GateCount=5
[PASS] 15_Aquapark_Skip -> Verified on disk (6 children)
       - RampAuthoring verified: JumpForce=18
[PASS] 16_MyMiniMart_Supply -> Verified on disk (6 children)
[PASS] 17_MyPerfectHotel_Service -> Verified on disk (6 children)
[PASS] 18_BurgerPlease_Multi -> Verified on disk (4 children)
[PASS] 19_PizzaReady_Flow -> Verified on disk (3 children)
[PASS] 20_MyLittleUniverse_Build -> Verified on disk (6 children)
[PASS] 21_WeaponMaster_Shooter -> Verified on disk (53 children)
       - ShooterAuthoring verified: SpreadCount=1, FireRate=0.25

SUMMARY: 21/21 Playable Slices verified successfully!
UnityEngine.Debug:ExtractStackTraceNoAlloc (byte*,int,string)
UnityEngine.StackTraceUtility:ExtractStackTrace ()
UnityEngine.DebugLogHandler:Internal_Log (UnityEngine.LogType,UnityEngine.LogOption,string,UnityEngine.Object)
UnityEngine.DebugLogHandler:LogFormat (UnityEngine.LogType,UnityEngine.Object,string,object[])
UnityEngine.Logger:Log (UnityEngine.LogType,object)
UnityEngine.Debug:Log (object)
HyperCasualRunner.Editor.ToolkitExampleGenerator:RunVerificationSuite () (at Assets/Scripts/Editor/ToolkitExampleGenerator.cs:723)
HyperCasualRunner.Tests.ToolkitGeneratorTests:Setup () (at Assets/Scripts/Editor/Tests/ToolkitGeneratorTests.cs:16)
System.Reflection.RuntimeMethodInfo:Invoke (object,System.Reflection.BindingFlags,System.Reflection.Binder,object[],System.Globalization.CultureInfo)
System.Reflection.MethodBase:Invoke (object,object[])
NUnit.Framework.Internal.Reflect:InvokeMethod (System.Reflection.MethodInfo,object,object[])
NUnit.Framework.Internal.Reflect:InvokeMethod (System.Reflection.MethodInfo,object)
UnityEngine.TestTools.SetUpTearDownCommand/<InvokeBefore>d__4:MoveNext () (at ./Library/PackageCache/com.unity.test-framework@bd7f943e9647/UnityEngine.TestRunner/NUnitExtensions/Commands/SetUpTearDownCommand.cs:59)
UnityEngine.TestTools.EnumeratorHelper/<ProgressOnEnumerator>d__5:MoveNext () (at ./Library/PackageCache/com.unity.test-framework@bd7f943e9647/UnityEngine.TestRunner/NUnitExtensions/Attributes/EnumeratorHelper.cs:35)
UnityEngine.TestTools.BeforeAfterTestCommandBase`1/<ExecuteEnumerable>d__16<System.Reflection.MethodInfo>:MoveNext () (at ./Library/PackageCache/com.unity.test-framework@bd7f943e9647/UnityEngine.TestRunner/NUnitExtensions/Commands/BeforeAfterTestCommandBase.cs:155)
UnityEngine.TestTools.BeforeAfterTestCommandBase`1/<ExecuteEnumerable>d__16<System.Reflection.MethodInfo>:MoveNext () (at ./Library/PackageCache/com.unity.test-framework@bd7f943e9647/UnityEngine.TestRunner/NUnitExtensions/Commands/BeforeAfterTestCommandBase.cs:212)
UnityEngine.TestTools.BeforeAfterTestCommandBase`1/<ExecuteEnumerable>d__16<UnityEngine.TestTools.IOuterUnityTestAction>:MoveNext () (at ./Library/PackageCache/com.unity.test-framework@bd7f943e9647/UnityEngine.TestRunner/NUnitExtensions/Commands/BeforeAfterTestCommandBase.cs:212)
UnityEngine.TestTools.RetryCommand/<ExecuteEnumerable>d__2:MoveNext () (at ./Library/PackageCache/com.unity.test-framework@bd7f943e9647/UnityEngine.TestRunner/NUnitExtensions/Commands/RetryCommand.cs:37)
UnityEngine.TestTools.RepeatCommand/<ExecuteEnumerable>d__2:MoveNext () (at ./Library/PackageCache/com.unity.test-framework@bd7f943e9647/UnityEngine.TestRunner/NUnitExtensions/Commands/RepeatCommand.cs:36)
UnityEngine.TestTools.IgnoreTestCommand/<ExecuteEnumerable>d__3:MoveNext () (at ./Library/PackageCache/com.unity.test-framework@bd7f943e9647/UnityEngine.TestRunner/NUnitExtensions/Commands/IgnoreTestCommand.cs:42)
UnityEngine.TestTools.StrictCheckCommand/<ExecuteEnumerable>d__2:MoveNext () (at ./Library/PackageCache/com.unity.test-framework@bd7f943e9647/UnityEngine.TestRunner/NUnitExtensions/Commands/StrictCheckCommand.cs:29)
UnityEngine.TestRunner.NUnitExtensions.Runner.DefaultTestWorkItem/<PerformWork>d__2:MoveNext () (at ./Library/PackageCache/com.unity.test-framework@bd7f943e9647/UnityEngine.TestRunner/NUnitExtensions/Runner/DefaultTestWorkItem.cs:50)
UnityEngine.TestRunner.NUnitExtensions.Runner.CompositeWorkItem/<RunChildren>d__17:MoveNext () (at ./Library/PackageCache/com.unity.test-framework@bd7f943e9647/UnityEngine.TestRunner/NUnitExtensions/Runner/CompositeWorkItem.cs:207)
UnityEngine.TestRunner.NUnitExtensions.Runner.CompositeWorkItem/<PerformWork>d__13:MoveNext () (at ./Library/PackageCache/com.unity.test-framework@bd7f943e9647/UnityEngine.TestRunner/NUnitExtensions/Runner/CompositeWorkItem.cs:82)
UnityEngine.TestRunner.NUnitExtensions.Runner.CompositeWorkItem/<RunChildren>d__17:MoveNext () (at ./Library/PackageCache/com.unity.test-framework@bd7f943e9647/UnityEngine.TestRunner/NUnitExtensions/Runner/CompositeWorkItem.cs:207)
UnityEngine.TestRunner.NUnitExtensions.Runner.CompositeWorkItem/<PerformWork>d__13:MoveNext () (at ./Library/PackageCache/com.unity.test-framework@bd7f943e9647/UnityEngine.TestRunner/NUnitExtensions/Runner/CompositeWorkItem.cs:82)
UnityEngine.TestRunner.NUnitExtensions.Runner.CompositeWorkItem/<RunChildren>d__17:MoveNext () (at ./Library/PackageCache/com.unity.test-framework@bd7f943e9647/UnityEngine.TestRunner/NUnitExtensions/Runner/CompositeWorkItem.cs:207)
UnityEngine.TestRunner.NUnitExtensions.Runner.CompositeWorkItem/<PerformWork>d__13:MoveNext () (at ./Library/PackageCache/com.unity.test-framework@bd7f943e9647/UnityEngine.TestRunner/NUnitExtensions/Runner/CompositeWorkItem.cs:82)
UnityEngine.TestRunner.NUnitExtensions.Runner.CompositeWorkItem/<RunChildren>d__17:MoveNext () (at ./Library/PackageCache/com.unity.test-framework@bd7f943e9647/UnityEngine.TestRunner/NUnitExtensions/Runner/CompositeWorkItem.cs:207)
UnityEngine.TestRunner.NUnitExtensions.Runner.CompositeWorkItem/<PerformWork>d__13:MoveNext () (at ./Library/PackageCache/com.unity.test-framework@bd7f943e9647/UnityEngine.TestRunner/NUnitExtensions/Runner/CompositeWorkItem.cs:82)
UnityEngine.TestRunner.NUnitExtensions.Runner.CompositeWorkItem/<RunChildren>d__17:MoveNext () (at ./Library/PackageCache/com.unity.test-framework@bd7f943e9647/UnityEngine.TestRunner/NUnitExtensions/Runner/CompositeWorkItem.cs:207)
UnityEngine.TestRunner.NUnitExtensions.Runner.CompositeWorkItem/<PerformWork>d__13:MoveNext () (at ./Library/PackageCache/com.unity.test-framework@bd7f943e9647/UnityEngine.TestRunner/NUnitExtensions/Runner/CompositeWorkItem.cs:82)
UnityEditor.TestTools.TestRunner.EditModeRunner:MoveNextAndUpdateYieldObject () (at ./Library/PackageCache/com.unity.test-framework@bd7f943e9647/UnityEditor.TestRunner/TestRunner/EditModeRunner.cs:167)
UnityEditor.TestTools.TestRunner.EditModeRunner:TestConsumer (UnityEditor.TestTools.TestRunner.TestRunnerStateSerializer) (at ./Library/PackageCache/com.unity.test-framework@bd7f943e9647/UnityEditor.TestRunner/TestRunner/EditModeRunner.cs:200)
UnityEditor.TestTools.TestRunner.TestRun.Tasks.EditModeRunTask/<Execute>d__1:MoveNext () (at ./Library/PackageCache/com.unity.test-framework@bd7f943e9647/UnityEditor.TestRunner/TestRun/Tasks/EditModeRunTask.cs:48)
UnityEditor.TestTools.TestRunner.TestRun.TestJobRunner:ExecuteStep () (at ./Library/PackageCache/com.unity.test-framework@bd7f943e9647/UnityEditor.TestRunner/TestRun/TestJobRunner.cs:173)
UnityEditor.TestTools.TestRunner.TestRun.TestJobRunner:ExecuteCallback () (at ./Library/PackageCache/com.unity.test-framework@bd7f943e9647/UnityEditor.TestRunner/TestRun/TestJobRunner.cs:108)
UnityEditor.EditorApplication:Internal_CallUpdateFunctions ()

(Filename: Assets/Scripts/Editor/ToolkitExampleGenerator.cs Line: 723)

Start importing Assets/ToolkitExamples/1_SubwaySurfers_Meta_Slice.prefab using Guid(407e08117c0890844a34477561fe5634) (PrefabImporter) -> (artifact id: '6b3d81fb3e75ba841ea115d43b82896c') in 0.02877 seconds
Refreshing native plugins compatible for Editor in 40.05 ms, found 5 plugins.
Preloading 0 native plugins for Editor in 0.00 ms.
Asset Pipeline Refresh (id=5b5516ce1ae18d34d9be8eb6a67d736d): Total: 0.278 seconds - Initiated by StopAssetImportingV2(NoUpdateAssetOptions)
Start importing Assets/ToolkitExamples/2_IdleSlayer_Platformer_Slice.prefab using Guid(19e5bd6983a0bcf48a5881852b3f0988) (PrefabImporter) -> (artifact id: '09ce5832fed7f8686da50806f6c62ea8') in 0.0154517 seconds
Refreshing native plugins compatible for Editor in 48.36 ms, found 5 plugins.
Preloading 0 native plugins for Editor in 0.00 ms.
Asset Pipeline Refresh (id=604290eefb3d8d34c812bc11f530bca9): Total: 0.198 seconds - Initiated by StopAssetImportingV2(NoUpdateAssetOptions)
Start importing Assets/ToolkitExamples/3_TalkingTom_Rebuild_Slice.prefab using Guid(2dc25457ecd27fc45a74d5b0e43e191a) (PrefabImporter) -> (artifact id: 'f16cee033aa4bd64c2cc4066bd7a99a0') in 0.0157487 seconds
Refreshing native plugins compatible for Editor in 37.09 ms, found 5 plugins.
Preloading 0 native plugins for Editor in 0.00 ms.
Asset Pipeline Refresh (id=97d98344043f223418671e29dab7fe22): Total: 0.237 seconds - Initiated by StopAssetImportingV2(NoUpdateAssetOptions)
Start importing Assets/ToolkitExamples/4_CountMasters_Swarm_Slice.prefab using Guid(654cdbc3afea2b24c90e6f3fe3ff38a9) (PrefabImporter) -> (artifact id: '906c59b599ef654154ca695a6e225b3c') in 0.0189904 seconds
Refreshing native plugins compatible for Editor in 19.85 ms, found 5 plugins.
Preloading 0 native plugins for Editor in 0.00 ms.
Asset Pipeline Refresh (id=85b4d2ed6d78ba14aba83fca63f339d1): Total: 0.204 seconds - Initiated by StopAssetImportingV2(NoUpdateAssetOptions)
Start importing Assets/ToolkitExamples/5_JoinClash_Snake_Slice.prefab using Guid(a72ae365ca86d65489a86b1d98cdacd1) (PrefabImporter) -> (artifact id: 'a0b2bf584c29e6f20df7cd01dedbf2f6') in 0.0270998 seconds
Refreshing native plugins compatible for Editor in 17.87 ms, found 5 plugins.
Preloading 0 native plugins for Editor in 0.00 ms.
Asset Pipeline Refresh (id=32a9de8c9ff743f4e9ca8f1b0fc7f9f2): Total: 0.156 seconds - Initiated by StopAssetImportingV2(NoUpdateAssetOptions)
Start importing Assets/ToolkitExamples/6_MobControl_Cannons_Slice.prefab using Guid(1a0f7b3e9eebd324c926f70ccf093bab) (PrefabImporter) -> (artifact id: 'e804a5483927150e88634fe3bee4919b') in 0.0197377 seconds
Refreshing native plugins compatible for Editor in 25.77 ms, found 5 plugins.
Preloading 0 native plugins for Editor in 0.00 ms.
Asset Pipeline Refresh (id=eff0b9e230f7ec445b6a1363418235c5): Total: 0.156 seconds - Initiated by StopAssetImportingV2(NoUpdateAssetOptions)
Start importing Assets/ToolkitExamples/7_BridgeRace_Stacker_Slice.prefab using Guid(c49eec4aedc85d242a8ce7bf5e02df6c) (PrefabImporter) -> (artifact id: '75ac8167d289f897d87bece97a1befb4') in 0.028382 seconds
Refreshing native plugins compatible for Editor in 22.16 ms, found 5 plugins.
Preloading 0 native plugins for Editor in 0.00 ms.
Asset Pipeline Refresh (id=9409800bd4f5e754b9a0fd0bd09b9743): Total: 0.166 seconds - Initiated by StopAssetImportingV2(NoUpdateAssetOptions)
Start importing Assets/ToolkitExamples/8_HighHeels_Vertical_Slice.prefab using Guid(b2539b91b0f882448a5a1a7cb3b08260) (PrefabImporter) -> (artifact id: '9b7f8d3c3215d93b3af8c0d8c0d69eda') in 0.0314789 seconds
Refreshing native plugins compatible for Editor in 20.23 ms, found 5 plugins.
Preloading 0 native plugins for Editor in 0.00 ms.
Asset Pipeline Refresh (id=e0aa5ae3d57c99d469dba7d810e68a95): Total: 0.161 seconds - Initiated by StopAssetImportingV2(NoUpdateAssetOptions)
Start importing Assets/ToolkitExamples/9_TallManRun_Scale_Slice.prefab using Guid(e2d1f9080097c8d4e9ba975419d3760a) (PrefabImporter) -> (artifact id: 'c6a8e92f02b365bc8b09ec479f316051') in 0.013717 seconds
Refreshing native plugins compatible for Editor in 17.64 ms, found 5 plugins.
Preloading 0 native plugins for Editor in 0.00 ms.
Asset Pipeline Refresh (id=27f012b81c27a4a45b4ee9b95ae22989): Total: 0.110 seconds - Initiated by StopAssetImportingV2(NoUpdateAssetOptions)
Start importing Assets/ToolkitExamples/10_RunRich_Status_Slice.prefab using Guid(c38f36c6dadf7ea4487cfa96f08929f7) (PrefabImporter) -> (artifact id: 'f252a7ff43d1cfaac35d2f1940f1dcb6') in 0.0113884 seconds
Refreshing native plugins compatible for Editor in 21.58 ms, found 5 plugins.
Preloading 0 native plugins for Editor in 0.00 ms.
Asset Pipeline Refresh (id=9378cd336276304408001b5450dfe90e): Total: 0.113 seconds - Initiated by StopAssetImportingV2(NoUpdateAssetOptions)
Start importing Assets/ToolkitExamples/11_BlobRunner_Jiggle_Slice.prefab using Guid(bb8d9be4a33942d47a5854b4c1d11528) (PrefabImporter) -> (artifact id: 'ee3f132c3fb8533155c50ff274a88a4b') in 0.0161805 seconds
Refreshing native plugins compatible for Editor in 22.01 ms, found 5 plugins.
Preloading 0 native plugins for Editor in 0.00 ms.
Asset Pipeline Refresh (id=3f30c7e72286b0149b01c1982ccf53c4): Total: 0.164 seconds - Initiated by StopAssetImportingV2(NoUpdateAssetOptions)
Start importing Assets/ToolkitExamples/12_StackyDash_Grid_Slice.prefab using Guid(102f2245b2e3b4949ab3826aaef0e0aa) (PrefabImporter) -> (artifact id: '3b56c30d6860dae77528e84fdc5371b2') in 0.0860092 seconds
Refreshing native plugins compatible for Editor in 69.72 ms, found 5 plugins.
Preloading 0 native plugins for Editor in 0.00 ms.
Asset Pipeline Refresh (id=9544df695d24fe14bb4d96ed1a930799): Total: 0.321 seconds - Initiated by StopAssetImportingV2(NoUpdateAssetOptions)
	Summary:
		Imports: total=1 (actual=1, local cache=0, cache server=0)
		Asset DB Process Time: managed=0 ms, native=236 ms
		Asset DB Callback time: managed=6 ms, native=78 ms
		Scripting: domain reloads=0, domain reload time=0 ms, compile time=0 ms, other=0 ms
		Project Asset Count: scripts=2112, non-scripts=3948
		Asset File Changes: new=0, changed=1, moved=0, deleted=0
		Scan Filter Count: 3
	InvokeCustomDependenciesCallbacks: 0.001ms
	InvokePackagesCallback: 0.001ms
	ApplyChangesToAssetFolders: 0.308ms
	Scan: 30.127ms
	OnSourceAssetsModified: 0.127ms
	CategorizeAssetsWithTransientArtifact: 0.008ms
	ProcessAssetsWithTransientArtifactChanges: 0.166ms
	CategorizeAssets: 33.160ms
	ImportOutOfDateAssets: 158.760ms (-37.983ms without children)
		ImportManagerImport: 143.429ms (54.388ms without children)
			ImportInProcess: 88.905ms
			UpdateCategorizedAssets: 0.136ms
		ReloadNativeAssets: 0.001ms
		UnloadImportedAssets: 4.206ms
		ReloadImportedAssets: 41.926ms
		EnsureUptoDateAssetsAreRegisteredWithGuidPM: 3.059ms
		InitializingProgressBar: 0.093ms
		PostProcessAllAssetNotificationsAddChangedAssets: 0.002ms
		OnDemandSchedulerStart: 4.027ms
	PostProcessAllAssets: 11.580ms
	Hotreload: 72.956ms
	GatherAllCurrentPrimaryArtifactRevisions: 0.671ms
	UnloadStreamsBegin: 0.369ms
	PersistCurrentRevisions: 1.415ms
	UnloadStreamsEnd: 0.002ms
	Untracked: 11.713ms

Start importing Assets/ToolkitExamples/13_ShortcutRun_Planks_Slice.prefab using Guid(3c0b272c25cc0374899ea60ccca36a27) (PrefabImporter) -> (artifact id: '8c0755ff465b62585895fcc05895b844') in 0.0246379 seconds
Refreshing native plugins compatible for Editor in 20.36 ms, found 5 plugins.
Preloading 0 native plugins for Editor in 0.00 ms.
Asset Pipeline Refresh (id=23ab60c9b0ad9204a90a71a8ce516455): Total: 0.151 seconds - Initiated by StopAssetImportingV2(NoUpdateAssetOptions)
Start importing Assets/ToolkitExamples/14_MoneyRush_Coins_Slice.prefab using Guid(f0d2cdc263744fb4ea8271789fdb654f) (PrefabImporter) -> (artifact id: 'd12003e1e3c4578932dbd2b9ea9680f1') in 0.0182759 seconds
Refreshing native plugins compatible for Editor in 79.36 ms, found 5 plugins.
Preloading 0 native plugins for Editor in 0.00 ms.
Asset Pipeline Refresh (id=6565da40ea438474e9db7562afa6220d): Total: 0.198 seconds - Initiated by StopAssetImportingV2(NoUpdateAssetOptions)
Start importing Assets/ToolkitExamples/15_Aquapark_Skip_Slice.prefab using Guid(09e11eec10e77ec4ca85dc5fcf0a8b47) (PrefabImporter) -> (artifact id: '62e5cfe236a7f6fa7ecaf5c10d415600') in 0.0150887 seconds
Refreshing native plugins compatible for Editor in 18.82 ms, found 5 plugins.
Preloading 0 native plugins for Editor in 0.00 ms.
Asset Pipeline Refresh (id=591f1e90332cdc846b504cf0f392c374): Total: 0.206 seconds - Initiated by StopAssetImportingV2(NoUpdateAssetOptions)
Start importing Assets/ToolkitExamples/16_MyMiniMart_Supply_Slice.prefab using Guid(4649eb3089283024bb683b1ed488a922) (PrefabImporter) -> (artifact id: 'e6b04fadc4a36aa903a6c2a682fd68c3') in 0.0176884 seconds
Refreshing native plugins compatible for Editor in 21.87 ms, found 5 plugins.
Preloading 0 native plugins for Editor in 0.00 ms.
Asset Pipeline Refresh (id=23b002b81718fd642817b0c3fcc5e36e): Total: 0.156 seconds - Initiated by StopAssetImportingV2(NoUpdateAssetOptions)
Start importing Assets/ToolkitExamples/17_MyPerfectHotel_Service_Slice.prefab using Guid(acd4f269517c98f44b74c3be547fc3d7) (PrefabImporter) -> (artifact id: '5d758c21b00a97815b9c31063a326bca') in 0.0155898 seconds
Refreshing native plugins compatible for Editor in 19.87 ms, found 5 plugins.
Preloading 0 native plugins for Editor in 0.00 ms.
Asset Pipeline Refresh (id=644c3e7bd366f7c49b5bc387a6715a09): Total: 0.140 seconds - Initiated by StopAssetImportingV2(NoUpdateAssetOptions)
Start importing Assets/ToolkitExamples/18_BurgerPlease_Multi_Slice.prefab using Guid(3be32ab850ec8c7478a84b01fdf80728) (PrefabImporter) -> (artifact id: '53d53a6dee36be5a7421392c7c03588f') in 0.0187401 seconds
Refreshing native plugins compatible for Editor in 23.28 ms, found 5 plugins.
Preloading 0 native plugins for Editor in 0.00 ms.
Asset Pipeline Refresh (id=78a3abd9c52dcef4cb56cdc40e7bac19): Total: 0.158 seconds - Initiated by StopAssetImportingV2(NoUpdateAssetOptions)
Start importing Assets/ToolkitExamples/19_PizzaReady_Flow_Slice.prefab using Guid(a2816388990f50940a89c206f04c9a6a) (PrefabImporter) -> (artifact id: '4a48606fe131456beb7d5ad9b28aae79') in 0.0263836 seconds
Refreshing native plugins compatible for Editor in 33.80 ms, found 5 plugins.
Preloading 0 native plugins for Editor in 0.00 ms.
Asset Pipeline Refresh (id=f4c75ac00ee56c14892067246ab176ba): Total: 0.208 seconds - Initiated by StopAssetImportingV2(NoUpdateAssetOptions)
Start importing Assets/ToolkitExamples/20_MyLittleUniverse_Build_Slice.prefab using Guid(a695ad867269cca4c88656b41e976cd7) (PrefabImporter) -> (artifact id: 'c592becec543197f680428de56086d16') in 0.019793 seconds
Refreshing native plugins compatible for Editor in 18.20 ms, found 5 plugins.
Preloading 0 native plugins for Editor in 0.00 ms.
Asset Pipeline Refresh (id=bf5d3ce4c96df67478e5cbe9e8308d4f): Total: 0.165 seconds - Initiated by StopAssetImportingV2(NoUpdateAssetOptions)
Start importing Assets/ToolkitExamples/21_WeaponMaster_Shooter_Slice.prefab using Guid(4bdfeeaf13343434cb8d4672f5fec28d) (PrefabImporter) -> (artifact id: 'e1f90f6d3ac030d3bb3193f285f034aa') in 0.0399647 seconds
Refreshing native plugins compatible for Editor in 29.63 ms, found 5 plugins.
Preloading 0 native plugins for Editor in 0.00 ms.
Asset Pipeline Refresh (id=a76924da94038ba48adcfe3bd5653d38): Total: 0.227 seconds - Initiated by StopAssetImportingV2(NoUpdateAssetOptions)
Asset Pipeline Refresh (id=d0954ac63f4f8a947a4980e4662cd781): Total: 0.028 seconds - Initiated by StopAssetImportingV2(NoUpdateAssetOptions)
Asset Pipeline Refresh (id=74c7026a527303a46afd22f5829aa13e): Total: 0.028 seconds - Initiated by RefreshV2(NoUpdateAssetOptions)
Successfully generated 21 Playable Slices and 1 Master Hub!
UnityEngine.Debug:ExtractStackTraceNoAlloc (byte*,int,string)
UnityEngine.StackTraceUtility:ExtractStackTrace ()
UnityEngine.DebugLogHandler:Internal_Log (UnityEngine.LogType,UnityEngine.LogOption,string,UnityEngine.Object)
UnityEngine.DebugLogHandler:LogFormat (UnityEngine.LogType,UnityEngine.Object,string,object[])
UnityEngine.Logger:Log (UnityEngine.LogType,object)
UnityEngine.Debug:Log (object)
HyperCasualRunner.Editor.ToolkitExampleGenerator:GenerateExamples () (at Assets/Scripts/Editor/ToolkitExampleGenerator.cs:576)
HyperCasualRunner.Tests.ToolkitGeneratorTests:Setup () (at Assets/Scripts/Editor/Tests/ToolkitGeneratorTests.cs:15)
System.Reflection.RuntimeMethodInfo:Invoke (object,System.Reflection.BindingFlags,System.Reflection.Binder,object[],System.Globalization.CultureInfo)
System.Reflection.MethodBase:Invoke (object,object[])
NUnit.Framework.Internal.Reflect:InvokeMethod (System.Reflection.MethodInfo,object,object[])
NUnit.Framework.Internal.Reflect:InvokeMethod (System.Reflection.MethodInfo,object)
UnityEngine.TestTools.SetUpTearDownCommand/<InvokeBefore>d__4:MoveNext () (at ./Library/PackageCache/com.unity.test-framework@bd7f943e9647/UnityEngine.TestRunner/NUnitExtensions/Commands/SetUpTearDownCommand.cs:59)
UnityEngine.TestTools.EnumeratorHelper/<ProgressOnEnumerator>d__5:MoveNext () (at ./Library/PackageCache/com.unity.test-framework@bd7f943e9647/UnityEngine.TestRunner/NUnitExtensions/Attributes/EnumeratorHelper.cs:35)
UnityEngine.TestTools.BeforeAfterTestCommandBase`1/<ExecuteEnumerable>d__16<System.Reflection.MethodInfo>:MoveNext () (at ./Library/PackageCache/com.unity.test-framework@bd7f943e9647/UnityEngine.TestRunner/NUnitExtensions/Commands/BeforeAfterTestCommandBase.cs:155)
UnityEngine.TestTools.BeforeAfterTestCommandBase`1/<ExecuteEnumerable>d__16<System.Reflection.MethodInfo>:MoveNext () (at ./Library/PackageCache/com.unity.test-framework@bd7f943e9647/UnityEngine.TestRunner/NUnitExtensions/Commands/BeforeAfterTestCommandBase.cs:212)
UnityEngine.TestTools.BeforeAfterTestCommandBase`1/<ExecuteEnumerable>d__16<UnityEngine.TestTools.IOuterUnityTestAction>:MoveNext () (at ./Library/PackageCache/com.unity.test-framework@bd7f943e9647/UnityEngine.TestRunner/NUnitExtensions/Commands/BeforeAfterTestCommandBase.cs:212)
UnityEngine.TestTools.RetryCommand/<ExecuteEnumerable>d__2:MoveNext () (at ./Library/PackageCache/com.unity.test-framework@bd7f943e9647/UnityEngine.TestRunner/NUnitExtensions/Commands/RetryCommand.cs:37)
UnityEngine.TestTools.RepeatCommand/<ExecuteEnumerable>d__2:MoveNext () (at ./Library/PackageCache/com.unity.test-framework@bd7f943e9647/UnityEngine.TestRunner/NUnitExtensions/Commands/RepeatCommand.cs:36)
UnityEngine.TestTools.IgnoreTestCommand/<ExecuteEnumerable>d__3:MoveNext () (at ./Library/PackageCache/com.unity.test-framework@bd7f943e9647/UnityEngine.TestRunner/NUnitExtensions/Commands/IgnoreTestCommand.cs:42)
UnityEngine.TestTools.StrictCheckCommand/<ExecuteEnumerable>d__2:MoveNext () (at ./Library/PackageCache/com.unity.test-framework@bd7f943e9647/UnityEngine.TestRunner/NUnitExtensions/Commands/StrictCheckCommand.cs:29)
UnityEngine.TestRunner.NUnitExtensions.Runner.DefaultTestWorkItem/<PerformWork>d__2:MoveNext () (at ./Library/PackageCache/com.unity.test-framework@bd7f943e9647/UnityEngine.TestRunner/NUnitExtensions/Runner/DefaultTestWorkItem.cs:50)
UnityEngine.TestRunner.NUnitExtensions.Runner.CompositeWorkItem/<RunChildren>d__17:MoveNext () (at ./Library/PackageCache/com.unity.test-framework@bd7f943e9647/UnityEngine.TestRunner/NUnitExtensions/Runner/CompositeWorkItem.cs:207)
UnityEngine.TestRunner.NUnitExtensions.Runner.CompositeWorkItem/<PerformWork>d__13:MoveNext () (at ./Library/PackageCache/com.unity.test-framework@bd7f943e9647/UnityEngine.TestRunner/NUnitExtensions/Runner/CompositeWorkItem.cs:82)
UnityEngine.TestRunner.NUnitExtensions.Runner.CompositeWorkItem/<RunChildren>d__17:MoveNext () (at ./Library/PackageCache/com.unity.test-framework@bd7f943e9647/UnityEngine.TestRunner/NUnitExtensions/Runner/CompositeWorkItem.cs:207)
UnityEngine.TestRunner.NUnitExtensions.Runner.CompositeWorkItem/<PerformWork>d__13:MoveNext () (at ./Library/PackageCache/com.unity.test-framework@bd7f943e9647/UnityEngine.TestRunner/NUnitExtensions/Runner/CompositeWorkItem.cs:82)
UnityEngine.TestRunner.NUnitExtensions.Runner.CompositeWorkItem/<RunChildren>d__17:MoveNext () (at ./Library/PackageCache/com.unity.test-framework@bd7f943e9647/UnityEngine.TestRunner/NUnitExtensions/Runner/CompositeWorkItem.cs:207)
UnityEngine.TestRunner.NUnitExtensions.Runner.CompositeWorkItem/<PerformWork>d__13:MoveNext () (at ./Library/PackageCache/com.unity.test-framework@bd7f943e9647/UnityEngine.TestRunner/NUnitExtensions/Runner/CompositeWorkItem.cs:82)
UnityEngine.TestRunner.NUnitExtensions.Runner.CompositeWorkItem/<RunChildren>d__17:MoveNext () (at ./Library/PackageCache/com.unity.test-framework@bd7f943e9647/UnityEngine.TestRunner/NUnitExtensions/Runner/CompositeWorkItem.cs:207)
UnityEngine.TestRunner.NUnitExtensions.Runner.CompositeWorkItem/<PerformWork>d__13:MoveNext () (at ./Library/PackageCache/com.unity.test-framework@bd7f943e9647/UnityEngine.TestRunner/NUnitExtensions/Runner/CompositeWorkItem.cs:82)
UnityEngine.TestRunner.NUnitExtensions.Runner.CompositeWorkItem/<RunChildren>d__17:MoveNext () (at ./Library/PackageCache/com.unity.test-framework@bd7f943e9647/UnityEngine.TestRunner/NUnitExtensions/Runner/CompositeWorkItem.cs:207)
UnityEngine.TestRunner.NUnitExtensions.Runner.CompositeWorkItem/<PerformWork>d__13:MoveNext () (at ./Library/PackageCache/com.unity.test-framework@bd7f943e9647/UnityEngine.TestRunner/NUnitExtensions/Runner/CompositeWorkItem.cs:82)
UnityEditor.TestTools.TestRunner.EditModeRunner:MoveNextAndUpdateYieldObject () (at ./Library/PackageCache/com.unity.test-framework@bd7f943e9647/UnityEditor.TestRunner/TestRunner/EditModeRunner.cs:167)
UnityEditor.TestTools.TestRunner.EditModeRunner:TestConsumer (UnityEditor.TestTools.TestRunner.TestRunnerStateSerializer) (at ./Library/PackageCache/com.unity.test-framework@bd7f943e9647/UnityEditor.TestRunner/TestRunner/EditModeRunner.cs:200)
UnityEditor.TestTools.TestRunner.TestRun.Tasks.EditModeRunTask/<Execute>d__1:MoveNext () (at ./Library/PackageCache/com.unity.test-framework@bd7f943e9647/UnityEditor.TestRunner/TestRun/Tasks/EditModeRunTask.cs:48)
UnityEditor.TestTools.TestRunner.TestRun.TestJobRunner:ExecuteStep () (at ./Library/PackageCache/com.unity.test-framework@bd7f943e9647/UnityEditor.TestRunner/TestRun/TestJobRunner.cs:173)
UnityEditor.TestTools.TestRunner.TestRun.TestJobRunner:ExecuteCallback () (at ./Library/PackageCache/com.unity.test-framework@bd7f943e9647/UnityEditor.TestRunner/TestRun/TestJobRunner.cs:108)
UnityEditor.EditorApplication:Internal_CallUpdateFunctions ()

(Filename: Assets/Scripts/Editor/ToolkitExampleGenerator.cs Line: 576)

Asset Pipeline Refresh (id=504204f9efe5487429b95399ded5ef71): Total: 0.011 seconds - Initiated by RefreshV2(NoUpdateAssetOptions)
=== EMPIRICAL TOOLKIT VERIFICATION REPORT ===

[PASS] 1_SubwaySurfers_Meta -> Verified on disk (13 children)
       - LaneAuthoring verified: LaneWidth=2.5, Speed=15
[PASS] 2_IdleSlayer_Platformer -> Verified on disk (4 children)
[PASS] 3_TalkingTom_Rebuild -> Verified on disk (4 children)
[PASS] 4_CountMasters_Swarm -> Verified on disk (16 children)
[PASS] 5_JoinClash_Snake -> Verified on disk (20 children)
       - SnakeChainAuthoring verified: StartingFollowers=3, SegmentSpacing=0.8
[PASS] 6_MobControl_Cannons -> Verified on disk (16 children)
[PASS] 7_BridgeRace_Stacker -> Verified on disk (31 children)
[PASS] 8_HighHeels_Vertical -> Verified on disk (46 children)
       - StiltsAuthoring verified: HeelHeight=0.5
[PASS] 9_TallManRun_Scale -> Verified on disk (6 children)
[PASS] 10_RunRich_Status -> Verified on disk (6 children)
[PASS] 11_BlobRunner_Jiggle -> Verified on disk (4 children)
[PASS] 12_StackyDash_Grid -> Verified on disk (153 children)
       - MazeCollectorAuthoring & GridPathfinderAuthoring verified: TileHeightOffset=0.2, StepDistance=1
[PASS] 13_ShortcutRun_Planks -> Verified on disk (27 children)
       - BridgeBuilderAuthoring verified: DistancePerPlank=0.8
[PASS] 14_MoneyRush_Coins -> Verified on disk (10 children)
       - CoinSpawnerAuthoring verified: StartingCoins=1, GateCount=5
[PASS] 15_Aquapark_Skip -> Verified on disk (6 children)
       - RampAuthoring verified: JumpForce=18
[PASS] 16_MyMiniMart_Supply -> Verified on disk (6 children)
[PASS] 17_MyPerfectHotel_Service -> Verified on disk (6 children)
[PASS] 18_BurgerPlease_Multi -> Verified on disk (4 children)
[PASS] 19_PizzaReady_Flow -> Verified on disk (3 children)
[PASS] 20_MyLittleUniverse_Build -> Verified on disk (6 children)
[PASS] 21_WeaponMaster_Shooter -> Verified on disk (53 children)
       - ShooterAuthoring verified: SpreadCount=1, FireRate=0.25

SUMMARY: 21/21 Playable Slices verified successfully!
UnityEngine.Debug:ExtractStackTraceNoAlloc (byte*,int,string)
UnityEngine.StackTraceUtility:ExtractStackTrace ()
UnityEngine.DebugLogHandler:Internal_Log (UnityEngine.LogType,UnityEngine.LogOption,string,UnityEngine.Object)
UnityEngine.DebugLogHandler:LogFormat (UnityEngine.LogType,UnityEngine.Object,string,object[])
UnityEngine.Logger:Log (UnityEngine.LogType,object)
UnityEngine.Debug:Log (object)
HyperCasualRunner.Editor.ToolkitExampleGenerator:RunVerificationSuite () (at Assets/Scripts/Editor/ToolkitExampleGenerator.cs:723)
HyperCasualRunner.Tests.ToolkitGeneratorTests:Setup () (at Assets/Scripts/Editor/Tests/ToolkitGeneratorTests.cs:16)
System.Reflection.RuntimeMethodInfo:Invoke (object,System.Reflection.BindingFlags,System.Reflection.Binder,object[],System.Globalization.CultureInfo)
System.Reflection.MethodBase:Invoke (object,object[])
NUnit.Framework.Internal.Reflect:InvokeMethod (System.Reflection.MethodInfo,object,object[])
NUnit.Framework.Internal.Reflect:InvokeMethod (System.Reflection.MethodInfo,object)
UnityEngine.TestTools.SetUpTearDownCommand/<InvokeBefore>d__4:MoveNext () (at ./Library/PackageCache/com.unity.test-framework@bd7f943e9647/UnityEngine.TestRunner/NUnitExtensions/Commands/SetUpTearDownCommand.cs:59)
UnityEngine.TestTools.EnumeratorHelper/<ProgressOnEnumerator>d__5:MoveNext () (at ./Library/PackageCache/com.unity.test-framework@bd7f943e9647/UnityEngine.TestRunner/NUnitExtensions/Attributes/EnumeratorHelper.cs:35)
UnityEngine.TestTools.BeforeAfterTestCommandBase`1/<ExecuteEnumerable>d__16<System.Reflection.MethodInfo>:MoveNext () (at ./Library/PackageCache/com.unity.test-framework@bd7f943e9647/UnityEngine.TestRunner/NUnitExtensions/Commands/BeforeAfterTestCommandBase.cs:155)
UnityEngine.TestTools.BeforeAfterTestCommandBase`1/<ExecuteEnumerable>d__16<System.Reflection.MethodInfo>:MoveNext () (at ./Library/PackageCache/com.unity.test-framework@bd7f943e9647/UnityEngine.TestRunner/NUnitExtensions/Commands/BeforeAfterTestCommandBase.cs:212)
UnityEngine.TestTools.BeforeAfterTestCommandBase`1/<ExecuteEnumerable>d__16<UnityEngine.TestTools.IOuterUnityTestAction>:MoveNext () (at ./Library/PackageCache/com.unity.test-framework@bd7f943e9647/UnityEngine.TestRunner/NUnitExtensions/Commands/BeforeAfterTestCommandBase.cs:212)
UnityEngine.TestTools.RetryCommand/<ExecuteEnumerable>d__2:MoveNext () (at ./Library/PackageCache/com.unity.test-framework@bd7f943e9647/UnityEngine.TestRunner/NUnitExtensions/Commands/RetryCommand.cs:37)
UnityEngine.TestTools.RepeatCommand/<ExecuteEnumerable>d__2:MoveNext () (at ./Library/PackageCache/com.unity.test-framework@bd7f943e9647/UnityEngine.TestRunner/NUnitExtensions/Commands/RepeatCommand.cs:36)
UnityEngine.TestTools.IgnoreTestCommand/<ExecuteEnumerable>d__3:MoveNext () (at ./Library/PackageCache/com.unity.test-framework@bd7f943e9647/UnityEngine.TestRunner/NUnitExtensions/Commands/IgnoreTestCommand.cs:42)
UnityEngine.TestTools.StrictCheckCommand/<ExecuteEnumerable>d__2:MoveNext () (at ./Library/PackageCache/com.unity.test-framework@bd7f943e9647/UnityEngine.TestRunner/NUnitExtensions/Commands/StrictCheckCommand.cs:29)
UnityEngine.TestRunner.NUnitExtensions.Runner.DefaultTestWorkItem/<PerformWork>d__2:MoveNext () (at ./Library/PackageCache/com.unity.test-framework@bd7f943e9647/UnityEngine.TestRunner/NUnitExtensions/Runner/DefaultTestWorkItem.cs:50)
UnityEngine.TestRunner.NUnitExtensions.Runner.CompositeWorkItem/<RunChildren>d__17:MoveNext () (at ./Library/PackageCache/com.unity.test-framework@bd7f943e9647/UnityEngine.TestRunner/NUnitExtensions/Runner/CompositeWorkItem.cs:207)
UnityEngine.TestRunner.NUnitExtensions.Runner.CompositeWorkItem/<PerformWork>d__13:MoveNext () (at ./Library/PackageCache/com.unity.test-framework@bd7f943e9647/UnityEngine.TestRunner/NUnitExtensions/Runner/CompositeWorkItem.cs:82)
UnityEngine.TestRunner.NUnitExtensions.Runner.CompositeWorkItem/<RunChildren>d__17:MoveNext () (at ./Library/PackageCache/com.unity.test-framework@bd7f943e9647/UnityEngine.TestRunner/NUnitExtensions/Runner/CompositeWorkItem.cs:207)
UnityEngine.TestRunner.NUnitExtensions.Runner.CompositeWorkItem/<PerformWork>d__13:MoveNext () (at ./Library/PackageCache/com.unity.test-framework@bd7f943e9647/UnityEngine.TestRunner/NUnitExtensions/Runner/CompositeWorkItem.cs:82)
UnityEngine.TestRunner.NUnitExtensions.Runner.CompositeWorkItem/<RunChildren>d__17:MoveNext () (at ./Library/PackageCache/com.unity.test-framework@bd7f943e9647/UnityEngine.TestRunner/NUnitExtensions/Runner/CompositeWorkItem.cs:207)
UnityEngine.TestRunner.NUnitExtensions.Runner.CompositeWorkItem/<PerformWork>d__13:MoveNext () (at ./Library/PackageCache/com.unity.test-framework@bd7f943e9647/UnityEngine.TestRunner/NUnitExtensions/Runner/CompositeWorkItem.cs:82)
UnityEngine.TestRunner.NUnitExtensions.Runner.CompositeWorkItem/<RunChildren>d__17:MoveNext () (at ./Library/PackageCache/com.unity.test-framework@bd7f943e9647/UnityEngine.TestRunner/NUnitExtensions/Runner/CompositeWorkItem.cs:207)
UnityEngine.TestRunner.NUnitExtensions.Runner.CompositeWorkItem/<PerformWork>d__13:MoveNext () (at ./Library/PackageCache/com.unity.test-framework@bd7f943e9647/UnityEngine.TestRunner/NUnitExtensions/Runner/CompositeWorkItem.cs:82)
UnityEngine.TestRunner.NUnitExtensions.Runner.CompositeWorkItem/<RunChildren>d__17:MoveNext () (at ./Library/PackageCache/com.unity.test-framework@bd7f943e9647/UnityEngine.TestRunner/NUnitExtensions/Runner/CompositeWorkItem.cs:207)
UnityEngine.TestRunner.NUnitExtensions.Runner.CompositeWorkItem/<PerformWork>d__13:MoveNext () (at ./Library/PackageCache/com.unity.test-framework@bd7f943e9647/UnityEngine.TestRunner/NUnitExtensions/Runner/CompositeWorkItem.cs:82)
UnityEditor.TestTools.TestRunner.EditModeRunner:MoveNextAndUpdateYieldObject () (at ./Library/PackageCache/com.unity.test-framework@bd7f943e9647/UnityEditor.TestRunner/TestRunner/EditModeRunner.cs:167)
UnityEditor.TestTools.TestRunner.EditModeRunner:TestConsumer (UnityEditor.TestTools.TestRunner.TestRunnerStateSerializer) (at ./Library/PackageCache/com.unity.test-framework@bd7f943e9647/UnityEditor.TestRunner/TestRunner/EditModeRunner.cs:200)
UnityEditor.TestTools.TestRunner.TestRun.Tasks.EditModeRunTask/<Execute>d__1:MoveNext () (at ./Library/PackageCache/com.unity.test-framework@bd7f943e9647/UnityEditor.TestRunner/TestRun/Tasks/EditModeRunTask.cs:48)
UnityEditor.TestTools.TestRunner.TestRun.TestJobRunner:ExecuteStep () (at ./Library/PackageCache/com.unity.test-framework@bd7f943e9647/UnityEditor.TestRunner/TestRun/TestJobRunner.cs:173)
UnityEditor.TestTools.TestRunner.TestRun.TestJobRunner:ExecuteCallback () (at ./Library/PackageCache/com.unity.test-framework@bd7f943e9647/UnityEditor.TestRunner/TestRun/TestJobRunner.cs:108)
UnityEditor.EditorApplication:Internal_CallUpdateFunctions ()

(Filename: Assets/Scripts/Editor/ToolkitExampleGenerator.cs Line: 723)

Start importing Assets/ToolkitExamples/1_SubwaySurfers_Meta_Slice.prefab using Guid(407e08117c0890844a34477561fe5634) (PrefabImporter) -> (artifact id: 'f8f6f5c535de00d3f45b4432f0851749') in 0.0181105 seconds
Refreshing native plugins compatible for Editor in 21.32 ms, found 5 plugins.
Preloading 0 native plugins for Editor in 0.00 ms.
Asset Pipeline Refresh (id=15ba4cfac8bec46408e6a90fc9eb3f99): Total: 0.145 seconds - Initiated by StopAssetImportingV2(NoUpdateAssetOptions)
Start importing Assets/ToolkitExamples/2_IdleSlayer_Platformer_Slice.prefab using Guid(19e5bd6983a0bcf48a5881852b3f0988) (PrefabImporter) -> (artifact id: 'b2202babee7dc8d834d5baa5472b6d1e') in 0.0177708 seconds
Refreshing native plugins compatible for Editor in 20.83 ms, found 5 plugins.
Preloading 0 native plugins for Editor in 0.00 ms.
Asset Pipeline Refresh (id=7c54fa832eb216548a05c3a3f0482060): Total: 0.155 seconds - Initiated by StopAssetImportingV2(NoUpdateAssetOptions)
Start importing Assets/ToolkitExamples/3_TalkingTom_Rebuild_Slice.prefab using Guid(2dc25457ecd27fc45a74d5b0e43e191a) (PrefabImporter) -> (artifact id: 'f9a289bf01b7d9fa73d43f44692f9e88') in 0.0147986 seconds
Refreshing native plugins compatible for Editor in 19.17 ms, found 5 plugins.
Preloading 0 native plugins for Editor in 0.00 ms.
Asset Pipeline Refresh (id=ff2b68ead15cd3346bf3ef54ba00b55f): Total: 0.145 seconds - Initiated by StopAssetImportingV2(NoUpdateAssetOptions)
Start importing Assets/ToolkitExamples/4_CountMasters_Swarm_Slice.prefab using Guid(654cdbc3afea2b24c90e6f3fe3ff38a9) (PrefabImporter) -> (artifact id: '274f4d11c90109c2fed0f3f564f568c0') in 0.0217201 seconds
Refreshing native plugins compatible for Editor in 22.86 ms, found 5 plugins.
Preloading 0 native plugins for Editor in 0.00 ms.
Asset Pipeline Refresh (id=a92ef0638934f10468a9661d75fd2444): Total: 0.142 seconds - Initiated by StopAssetImportingV2(NoUpdateAssetOptions)
Start importing Assets/ToolkitExamples/5_JoinClash_Snake_Slice.prefab using Guid(a72ae365ca86d65489a86b1d98cdacd1) (PrefabImporter) -> (artifact id: '83a935e6c67cb99df92b40b8363cade9') in 0.0244039 seconds
Refreshing native plugins compatible for Editor in 22.57 ms, found 5 plugins.
Preloading 0 native plugins for Editor in 0.00 ms.
Asset Pipeline Refresh (id=3316805dc660de5499e983d65a2c227d): Total: 0.161 seconds - Initiated by StopAssetImportingV2(NoUpdateAssetOptions)
Start importing Assets/ToolkitExamples/6_MobControl_Cannons_Slice.prefab using Guid(1a0f7b3e9eebd324c926f70ccf093bab) (PrefabImporter) -> (artifact id: '44f10fc4d6af3365c5511717ed25bacd') in 0.0194257 seconds
Refreshing native plugins compatible for Editor in 15.92 ms, found 5 plugins.
Preloading 0 native plugins for Editor in 0.00 ms.
Asset Pipeline Refresh (id=7f9ce1c6cf447894e9ddb0c13fa680d3): Total: 0.125 seconds - Initiated by StopAssetImportingV2(NoUpdateAssetOptions)
Start importing Assets/ToolkitExamples/7_BridgeRace_Stacker_Slice.prefab using Guid(c49eec4aedc85d242a8ce7bf5e02df6c) (PrefabImporter) -> (artifact id: '82758cfb462429811fae881dd1694b72') in 0.0250581 seconds
Refreshing native plugins compatible for Editor in 20.20 ms, found 5 plugins.
Preloading 0 native plugins for Editor in 0.00 ms.
Asset Pipeline Refresh (id=a07356d6f015cda49b7fb03cc6f27098): Total: 0.144 seconds - Initiated by StopAssetImportingV2(NoUpdateAssetOptions)
Start importing Assets/ToolkitExamples/8_HighHeels_Vertical_Slice.prefab using Guid(b2539b91b0f882448a5a1a7cb3b08260) (PrefabImporter) -> (artifact id: '1425906ab3a0b4f1575e6aa090d632ed') in 0.0288211 seconds
Refreshing native plugins compatible for Editor in 16.75 ms, found 5 plugins.
Preloading 0 native plugins for Editor in 0.00 ms.
Asset Pipeline Refresh (id=57eb2fe126257594093c03143691520d): Total: 0.143 seconds - Initiated by StopAssetImportingV2(NoUpdateAssetOptions)
Start importing Assets/ToolkitExamples/9_TallManRun_Scale_Slice.prefab using Guid(e2d1f9080097c8d4e9ba975419d3760a) (PrefabImporter) -> (artifact id: 'e7645c46c6f5da81193033976f07566e') in 0.0142734 seconds
Refreshing native plugins compatible for Editor in 18.90 ms, found 5 plugins.
Preloading 0 native plugins for Editor in 0.00 ms.
Asset Pipeline Refresh (id=0d9d088338ec461419b3f0052cf3ee74): Total: 0.132 seconds - Initiated by StopAssetImportingV2(NoUpdateAssetOptions)
Start importing Assets/ToolkitExamples/10_RunRich_Status_Slice.prefab using Guid(c38f36c6dadf7ea4487cfa96f08929f7) (PrefabImporter) -> (artifact id: '6a822a367371fbb525cfede71950d5b9') in 0.0166089 seconds
Refreshing native plugins compatible for Editor in 29.11 ms, found 5 plugins.
Preloading 0 native plugins for Editor in 0.00 ms.
Asset Pipeline Refresh (id=1e8d92df80a012141bbe5d524102bf20): Total: 0.153 seconds - Initiated by StopAssetImportingV2(NoUpdateAssetOptions)
Start importing Assets/ToolkitExamples/11_BlobRunner_Jiggle_Slice.prefab using Guid(bb8d9be4a33942d47a5854b4c1d11528) (PrefabImporter) -> (artifact id: 'a2775059101eb13bd56d8aa05f7a8f3a') in 0.0166804 seconds
Refreshing native plugins compatible for Editor in 21.87 ms, found 5 plugins.
Preloading 0 native plugins for Editor in 0.00 ms.
Asset Pipeline Refresh (id=00d9ff21a0d02cd40b0e9b664ce5bd28): Total: 0.137 seconds - Initiated by StopAssetImportingV2(NoUpdateAssetOptions)
Start importing Assets/ToolkitExamples/12_StackyDash_Grid_Slice.prefab using Guid(102f2245b2e3b4949ab3826aaef0e0aa) (PrefabImporter) -> (artifact id: '4ac08b1753f10c5427135fc329a6aec2') in 0.0802097 seconds
Refreshing native plugins compatible for Editor in 17.76 ms, found 5 plugins.
Preloading 0 native plugins for Editor in 0.00 ms.
Asset Pipeline Refresh (id=114b7b36452a3ad428db460653a1be3b): Total: 0.211 seconds - Initiated by StopAssetImportingV2(NoUpdateAssetOptions)
Start importing Assets/ToolkitExamples/13_ShortcutRun_Planks_Slice.prefab using Guid(3c0b272c25cc0374899ea60ccca36a27) (PrefabImporter) -> (artifact id: 'b50408eca2f7843f785d79afb93a4989') in 0.0533139 seconds
Refreshing native plugins compatible for Editor in 23.25 ms, found 5 plugins.
Preloading 0 native plugins for Editor in 0.00 ms.
Asset Pipeline Refresh (id=6a9ba6f5d56c75643bfb24a8201b8309): Total: 0.210 seconds - Initiated by StopAssetImportingV2(NoUpdateAssetOptions)
Start importing Assets/ToolkitExamples/14_MoneyRush_Coins_Slice.prefab using Guid(f0d2cdc263744fb4ea8271789fdb654f) (PrefabImporter) -> (artifact id: '52818b27ec6e43ce38534eac2904c1f9') in 0.0207885 seconds
Refreshing native plugins compatible for Editor in 19.38 ms, found 5 plugins.
Preloading 0 native plugins for Editor in 0.00 ms.
Asset Pipeline Refresh (id=17f5874714a5775458620390b71d38e3): Total: 0.208 seconds - Initiated by StopAssetImportingV2(NoUpdateAssetOptions)
Start importing Assets/ToolkitExamples/15_Aquapark_Skip_Slice.prefab using Guid(09e11eec10e77ec4ca85dc5fcf0a8b47) (PrefabImporter) -> (artifact id: 'e4a64bb9bc51ec1de8051cf8bc612f4e') in 0.0167693 seconds
Refreshing native plugins compatible for Editor in 22.08 ms, found 5 plugins.
Preloading 0 native plugins for Editor in 0.00 ms.
Asset Pipeline Refresh (id=b425a7bce32de604ab59af23aeb2a702): Total: 0.138 seconds - Initiated by StopAssetImportingV2(NoUpdateAssetOptions)
Start importing Assets/ToolkitExamples/16_MyMiniMart_Supply_Slice.prefab using Guid(4649eb3089283024bb683b1ed488a922) (PrefabImporter) -> (artifact id: '1964e4e6190cd356ef1e583cd5f4c1a1') in 0.0194031 seconds
Refreshing native plugins compatible for Editor in 20.86 ms, found 5 plugins.
Preloading 0 native plugins for Editor in 0.00 ms.
Asset Pipeline Refresh (id=082573fc4342651478fa6fcc4464fd8a): Total: 0.138 seconds - Initiated by StopAssetImportingV2(NoUpdateAssetOptions)
Start importing Assets/ToolkitExamples/17_MyPerfectHotel_Service_Slice.prefab using Guid(acd4f269517c98f44b74c3be547fc3d7) (PrefabImporter) -> (artifact id: '6bbc0a912fc692e9c64e613caed4f14c') in 0.0143374 seconds
Refreshing native plugins compatible for Editor in 22.70 ms, found 5 plugins.
Preloading 0 native plugins for Editor in 0.00 ms.
Asset Pipeline Refresh (id=5d90e3ec1d55ac14eb4b76a5c39fdbb2): Total: 0.154 seconds - Initiated by StopAssetImportingV2(NoUpdateAssetOptions)
Start importing Assets/ToolkitExamples/18_BurgerPlease_Multi_Slice.prefab using Guid(3be32ab850ec8c7478a84b01fdf80728) (PrefabImporter) -> (artifact id: '9503f6b447b4f6da48d4058ad26b45cc') in 0.0181212 seconds
Refreshing native plugins compatible for Editor in 19.44 ms, found 5 plugins.
Preloading 0 native plugins for Editor in 0.00 ms.
Asset Pipeline Refresh (id=e8a755629476131458984c21747e5b47): Total: 0.148 seconds - Initiated by StopAssetImportingV2(NoUpdateAssetOptions)
Start importing Assets/ToolkitExamples/19_PizzaReady_Flow_Slice.prefab using Guid(a2816388990f50940a89c206f04c9a6a) (PrefabImporter) -> (artifact id: '47de4e8b30608ba77a7a8ae71243c0cb') in 0.0142322 seconds
Refreshing native plugins compatible for Editor in 23.34 ms, found 5 plugins.
Preloading 0 native plugins for Editor in 0.00 ms.
Asset Pipeline Refresh (id=257441cb6b5a10147af4f44eb2fa4571): Total: 0.140 seconds - Initiated by StopAssetImportingV2(NoUpdateAssetOptions)
Start importing Assets/ToolkitExamples/20_MyLittleUniverse_Build_Slice.prefab using Guid(a695ad867269cca4c88656b41e976cd7) (PrefabImporter) -> (artifact id: '99a0b4838d9fb4a01ca5130e95ff1be3') in 0.0173391 seconds
Refreshing native plugins compatible for Editor in 22.96 ms, found 5 plugins.
Preloading 0 native plugins for Editor in 0.00 ms.
Asset Pipeline Refresh (id=d0c8d6659198478408bf257218e75051): Total: 0.145 seconds - Initiated by StopAssetImportingV2(NoUpdateAssetOptions)
Start importing Assets/ToolkitExamples/21_WeaponMaster_Shooter_Slice.prefab using Guid(4bdfeeaf13343434cb8d4672f5fec28d) (PrefabImporter) -> (artifact id: '36bc75969799aca492224381e4661719') in 0.0390202 seconds
Refreshing native plugins compatible for Editor in 21.41 ms, found 5 plugins.
Preloading 0 native plugins for Editor in 0.00 ms.
Asset Pipeline Refresh (id=8d88d15963784e94699d6ed91b46b1ad): Total: 0.181 seconds - Initiated by StopAssetImportingV2(NoUpdateAssetOptions)
Asset Pipeline Refresh (id=ea82ea6b30d4f044fa3f4971809fd9ba): Total: 0.023 seconds - Initiated by StopAssetImportingV2(NoUpdateAssetOptions)
Asset Pipeline Refresh (id=24e0a2c2108ad2c4ea9fed2dd16b4930): Total: 0.025 seconds - Initiated by RefreshV2(NoUpdateAssetOptions)
Successfully generated 21 Playable Slices and 1 Master Hub!
UnityEngine.Debug:ExtractStackTraceNoAlloc (byte*,int,string)
UnityEngine.StackTraceUtility:ExtractStackTrace ()
UnityEngine.DebugLogHandler:Internal_Log (UnityEngine.LogType,UnityEngine.LogOption,string,UnityEngine.Object)
UnityEngine.DebugLogHandler:LogFormat (UnityEngine.LogType,UnityEngine.Object,string,object[])
UnityEngine.Logger:Log (UnityEngine.LogType,object)
UnityEngine.Debug:Log (object)
HyperCasualRunner.Editor.ToolkitExampleGenerator:GenerateExamples () (at Assets/Scripts/Editor/ToolkitExampleGenerator.cs:576)
HyperCasualRunner.Tests.ToolkitGeneratorTests:Setup () (at Assets/Scripts/Editor/Tests/ToolkitGeneratorTests.cs:15)
System.Reflection.RuntimeMethodInfo:Invoke (object,System.Reflection.BindingFlags,System.Reflection.Binder,object[],System.Globalization.CultureInfo)
System.Reflection.MethodBase:Invoke (object,object[])
NUnit.Framework.Internal.Reflect:InvokeMethod (System.Reflection.MethodInfo,object,object[])
NUnit.Framework.Internal.Reflect:InvokeMethod (System.Reflection.MethodInfo,object)
UnityEngine.TestTools.SetUpTearDownCommand/<InvokeBefore>d__4:MoveNext () (at ./Library/PackageCache/com.unity.test-framework@bd7f943e9647/UnityEngine.TestRunner/NUnitExtensions/Commands/SetUpTearDownCommand.cs:59)
UnityEngine.TestTools.EnumeratorHelper/<ProgressOnEnumerator>d__5:MoveNext () (at ./Library/PackageCache/com.unity.test-framework@bd7f943e9647/UnityEngine.TestRunner/NUnitExtensions/Attributes/EnumeratorHelper.cs:35)
UnityEngine.TestTools.BeforeAfterTestCommandBase`1/<ExecuteEnumerable>d__16<System.Reflection.MethodInfo>:MoveNext () (at ./Library/PackageCache/com.unity.test-framework@bd7f943e9647/UnityEngine.TestRunner/NUnitExtensions/Commands/BeforeAfterTestCommandBase.cs:155)
UnityEngine.TestTools.BeforeAfterTestCommandBase`1/<ExecuteEnumerable>d__16<System.Reflection.MethodInfo>:MoveNext () (at ./Library/PackageCache/com.unity.test-framework@bd7f943e9647/UnityEngine.TestRunner/NUnitExtensions/Commands/BeforeAfterTestCommandBase.cs:212)
UnityEngine.TestTools.BeforeAfterTestCommandBase`1/<ExecuteEnumerable>d__16<UnityEngine.TestTools.IOuterUnityTestAction>:MoveNext () (at ./Library/PackageCache/com.unity.test-framework@bd7f943e9647/UnityEngine.TestRunner/NUnitExtensions/Commands/BeforeAfterTestCommandBase.cs:212)
UnityEngine.TestTools.RetryCommand/<ExecuteEnumerable>d__2:MoveNext () (at ./Library/PackageCache/com.unity.test-framework@bd7f943e9647/UnityEngine.TestRunner/NUnitExtensions/Commands/RetryCommand.cs:37)
UnityEngine.TestTools.RepeatCommand/<ExecuteEnumerable>d__2:MoveNext () (at ./Library/PackageCache/com.unity.test-framework@bd7f943e9647/UnityEngine.TestRunner/NUnitExtensions/Commands/RepeatCommand.cs:36)
UnityEngine.TestTools.IgnoreTestCommand/<ExecuteEnumerable>d__3:MoveNext () (at ./Library/PackageCache/com.unity.test-framework@bd7f943e9647/UnityEngine.TestRunner/NUnitExtensions/Commands/IgnoreTestCommand.cs:42)
UnityEngine.TestTools.StrictCheckCommand/<ExecuteEnumerable>d__2:MoveNext () (at ./Library/PackageCache/com.unity.test-framework@bd7f943e9647/UnityEngine.TestRunner/NUnitExtensions/Commands/StrictCheckCommand.cs:29)
UnityEngine.TestRunner.NUnitExtensions.Runner.DefaultTestWorkItem/<PerformWork>d__2:MoveNext () (at ./Library/PackageCache/com.unity.test-framework@bd7f943e9647/UnityEngine.TestRunner/NUnitExtensions/Runner/DefaultTestWorkItem.cs:50)
UnityEngine.TestRunner.NUnitExtensions.Runner.CompositeWorkItem/<RunChildren>d__17:MoveNext () (at ./Library/PackageCache/com.unity.test-framework@bd7f943e9647/UnityEngine.TestRunner/NUnitExtensions/Runner/CompositeWorkItem.cs:207)
UnityEngine.TestRunner.NUnitExtensions.Runner.CompositeWorkItem/<PerformWork>d__13:MoveNext () (at ./Library/PackageCache/com.unity.test-framework@bd7f943e9647/UnityEngine.TestRunner/NUnitExtensions/Runner/CompositeWorkItem.cs:82)
UnityEngine.TestRunner.NUnitExtensions.Runner.CompositeWorkItem/<RunChildren>d__17:MoveNext () (at ./Library/PackageCache/com.unity.test-framework@bd7f943e9647/UnityEngine.TestRunner/NUnitExtensions/Runner/CompositeWorkItem.cs:207)
UnityEngine.TestRunner.NUnitExtensions.Runner.CompositeWorkItem/<PerformWork>d__13:MoveNext () (at ./Library/PackageCache/com.unity.test-framework@bd7f943e9647/UnityEngine.TestRunner/NUnitExtensions/Runner/CompositeWorkItem.cs:82)
UnityEngine.TestRunner.NUnitExtensions.Runner.CompositeWorkItem/<RunChildren>d__17:MoveNext () (at ./Library/PackageCache/com.unity.test-framework@bd7f943e9647/UnityEngine.TestRunner/NUnitExtensions/Runner/CompositeWorkItem.cs:207)
UnityEngine.TestRunner.NUnitExtensions.Runner.CompositeWorkItem/<PerformWork>d__13:MoveNext () (at ./Library/PackageCache/com.unity.test-framework@bd7f943e9647/UnityEngine.TestRunner/NUnitExtensions/Runner/CompositeWorkItem.cs:82)
UnityEngine.TestRunner.NUnitExtensions.Runner.CompositeWorkItem/<RunChildren>d__17:MoveNext () (at ./Library/PackageCache/com.unity.test-framework@bd7f943e9647/UnityEngine.TestRunner/NUnitExtensions/Runner/CompositeWorkItem.cs:207)
UnityEngine.TestRunner.NUnitExtensions.Runner.CompositeWorkItem/<PerformWork>d__13:MoveNext () (at ./Library/PackageCache/com.unity.test-framework@bd7f943e9647/UnityEngine.TestRunner/NUnitExtensions/Runner/CompositeWorkItem.cs:82)
UnityEngine.TestRunner.NUnitExtensions.Runner.CompositeWorkItem/<RunChildren>d__17:MoveNext () (at ./Library/PackageCache/com.unity.test-framework@bd7f943e9647/UnityEngine.TestRunner/NUnitExtensions/Runner/CompositeWorkItem.cs:207)
UnityEngine.TestRunner.NUnitExtensions.Runner.CompositeWorkItem/<PerformWork>d__13:MoveNext () (at ./Library/PackageCache/com.unity.test-framework@bd7f943e9647/UnityEngine.TestRunner/NUnitExtensions/Runner/CompositeWorkItem.cs:82)
UnityEditor.TestTools.TestRunner.EditModeRunner:MoveNextAndUpdateYieldObject () (at ./Library/PackageCache/com.unity.test-framework@bd7f943e9647/UnityEditor.TestRunner/TestRunner/EditModeRunner.cs:167)
UnityEditor.TestTools.TestRunner.EditModeRunner:TestConsumer (UnityEditor.TestTools.TestRunner.TestRunnerStateSerializer) (at ./Library/PackageCache/com.unity.test-framework@bd7f943e9647/UnityEditor.TestRunner/TestRunner/EditModeRunner.cs:200)
UnityEditor.TestTools.TestRunner.TestRun.Tasks.EditModeRunTask/<Execute>d__1:MoveNext () (at ./Library/PackageCache/com.unity.test-framework@bd7f943e9647/UnityEditor.TestRunner/TestRun/Tasks/EditModeRunTask.cs:48)
UnityEditor.TestTools.TestRunner.TestRun.TestJobRunner:ExecuteStep () (at ./Library/PackageCache/com.unity.test-framework@bd7f943e9647/UnityEditor.TestRunner/TestRun/TestJobRunner.cs:173)
UnityEditor.TestTools.TestRunner.TestRun.TestJobRunner:ExecuteCallback () (at ./Library/PackageCache/com.unity.test-framework@bd7f943e9647/UnityEditor.TestRunner/TestRun/TestJobRunner.cs:108)
UnityEditor.EditorApplication:Internal_CallUpdateFunctions ()

(Filename: Assets/Scripts/Editor/ToolkitExampleGenerator.cs Line: 576)

Asset Pipeline Refresh (id=366a0327ab87df1449e9212ad4f966b3): Total: 0.011 seconds - Initiated by RefreshV2(NoUpdateAssetOptions)
=== EMPIRICAL TOOLKIT VERIFICATION REPORT ===

[PASS] 1_SubwaySurfers_Meta -> Verified on disk (13 children)
       - LaneAuthoring verified: LaneWidth=2.5, Speed=15
[PASS] 2_IdleSlayer_Platformer -> Verified on disk (4 children)
[PASS] 3_TalkingTom_Rebuild -> Verified on disk (4 children)
[PASS] 4_CountMasters_Swarm -> Verified on disk (16 children)
[PASS] 5_JoinClash_Snake -> Verified on disk (20 children)
       - SnakeChainAuthoring verified: StartingFollowers=3, SegmentSpacing=0.8
[PASS] 6_MobControl_Cannons -> Verified on disk (16 children)
[PASS] 7_BridgeRace_Stacker -> Verified on disk (31 children)
[PASS] 8_HighHeels_Vertical -> Verified on disk (46 children)
       - StiltsAuthoring verified: HeelHeight=0.5
[PASS] 9_TallManRun_Scale -> Verified on disk (6 children)
[PASS] 10_RunRich_Status -> Verified on disk (6 children)
[PASS] 11_BlobRunner_Jiggle -> Verified on disk (4 children)
[PASS] 12_StackyDash_Grid -> Verified on disk (153 children)
       - MazeCollectorAuthoring & GridPathfinderAuthoring verified: TileHeightOffset=0.2, StepDistance=1
[PASS] 13_ShortcutRun_Planks -> Verified on disk (27 children)
       - BridgeBuilderAuthoring verified: DistancePerPlank=0.8
[PASS] 14_MoneyRush_Coins -> Verified on disk (10 children)
       - CoinSpawnerAuthoring verified: StartingCoins=1, GateCount=5
[PASS] 15_Aquapark_Skip -> Verified on disk (6 children)
       - RampAuthoring verified: JumpForce=18
[PASS] 16_MyMiniMart_Supply -> Verified on disk (6 children)
[PASS] 17_MyPerfectHotel_Service -> Verified on disk (6 children)
[PASS] 18_BurgerPlease_Multi -> Verified on disk (4 children)
[PASS] 19_PizzaReady_Flow -> Verified on disk (3 children)
[PASS] 20_MyLittleUniverse_Build -> Verified on disk (6 children)
[PASS] 21_WeaponMaster_Shooter -> Verified on disk (53 children)
       - ShooterAuthoring verified: SpreadCount=1, FireRate=0.25

SUMMARY: 21/21 Playable Slices verified successfully!
UnityEngine.Debug:ExtractStackTraceNoAlloc (byte*,int,string)
UnityEngine.StackTraceUtility:ExtractStackTrace ()
UnityEngine.DebugLogHandler:Internal_Log (UnityEngine.LogType,UnityEngine.LogOption,string,UnityEngine.Object)
UnityEngine.DebugLogHandler:LogFormat (UnityEngine.LogType,UnityEngine.Object,string,object[])
UnityEngine.Logger:Log (UnityEngine.LogType,object)
UnityEngine.Debug:Log (object)
HyperCasualRunner.Editor.ToolkitExampleGenerator:RunVerificationSuite () (at Assets/Scripts/Editor/ToolkitExampleGenerator.cs:723)
HyperCasualRunner.Tests.ToolkitGeneratorTests:Setup () (at Assets/Scripts/Editor/Tests/ToolkitGeneratorTests.cs:16)
System.Reflection.RuntimeMethodInfo:Invoke (object,System.Reflection.BindingFlags,System.Reflection.Binder,object[],System.Globalization.CultureInfo)
System.Reflection.MethodBase:Invoke (object,object[])
NUnit.Framework.Internal.Reflect:InvokeMethod (System.Reflection.MethodInfo,object,object[])
NUnit.Framework.Internal.Reflect:InvokeMethod (System.Reflection.MethodInfo,object)
UnityEngine.TestTools.SetUpTearDownCommand/<InvokeBefore>d__4:MoveNext () (at ./Library/PackageCache/com.unity.test-framework@bd7f943e9647/UnityEngine.TestRunner/NUnitExtensions/Commands/SetUpTearDownCommand.cs:59)
UnityEngine.TestTools.EnumeratorHelper/<ProgressOnEnumerator>d__5:MoveNext () (at ./Library/PackageCache/com.unity.test-framework@bd7f943e9647/UnityEngine.TestRunner/NUnitExtensions/Attributes/EnumeratorHelper.cs:35)
UnityEngine.TestTools.BeforeAfterTestCommandBase`1/<ExecuteEnumerable>d__16<System.Reflection.MethodInfo>:MoveNext () (at ./Library/PackageCache/com.unity.test-framework@bd7f943e9647/UnityEngine.TestRunner/NUnitExtensions/Commands/BeforeAfterTestCommandBase.cs:155)
UnityEngine.TestTools.BeforeAfterTestCommandBase`1/<ExecuteEnumerable>d__16<System.Reflection.MethodInfo>:MoveNext () (at ./Library/PackageCache/com.unity.test-framework@bd7f943e9647/UnityEngine.TestRunner/NUnitExtensions/Commands/BeforeAfterTestCommandBase.cs:212)
UnityEngine.TestTools.BeforeAfterTestCommandBase`1/<ExecuteEnumerable>d__16<UnityEngine.TestTools.IOuterUnityTestAction>:MoveNext () (at ./Library/PackageCache/com.unity.test-framework@bd7f943e9647/UnityEngine.TestRunner/NUnitExtensions/Commands/BeforeAfterTestCommandBase.cs:212)
UnityEngine.TestTools.RetryCommand/<ExecuteEnumerable>d__2:MoveNext () (at ./Library/PackageCache/com.unity.test-framework@bd7f943e9647/UnityEngine.TestRunner/NUnitExtensions/Commands/RetryCommand.cs:37)
UnityEngine.TestTools.RepeatCommand/<ExecuteEnumerable>d__2:MoveNext () (at ./Library/PackageCache/com.unity.test-framework@bd7f943e9647/UnityEngine.TestRunner/NUnitExtensions/Commands/RepeatCommand.cs:36)
UnityEngine.TestTools.IgnoreTestCommand/<ExecuteEnumerable>d__3:MoveNext () (at ./Library/PackageCache/com.unity.test-framework@bd7f943e9647/UnityEngine.TestRunner/NUnitExtensions/Commands/IgnoreTestCommand.cs:42)
UnityEngine.TestTools.StrictCheckCommand/<ExecuteEnumerable>d__2:MoveNext () (at ./Library/PackageCache/com.unity.test-framework@bd7f943e9647/UnityEngine.TestRunner/NUnitExtensions/Commands/StrictCheckCommand.cs:29)
UnityEngine.TestRunner.NUnitExtensions.Runner.DefaultTestWorkItem/<PerformWork>d__2:MoveNext () (at ./Library/PackageCache/com.unity.test-framework@bd7f943e9647/UnityEngine.TestRunner/NUnitExtensions/Runner/DefaultTestWorkItem.cs:50)
UnityEngine.TestRunner.NUnitExtensions.Runner.CompositeWorkItem/<RunChildren>d__17:MoveNext () (at ./Library/PackageCache/com.unity.test-framework@bd7f943e9647/UnityEngine.TestRunner/NUnitExtensions/Runner/CompositeWorkItem.cs:207)
UnityEngine.TestRunner.NUnitExtensions.Runner.CompositeWorkItem/<PerformWork>d__13:MoveNext () (at ./Library/PackageCache/com.unity.test-framework@bd7f943e9647/UnityEngine.TestRunner/NUnitExtensions/Runner/CompositeWorkItem.cs:82)
UnityEngine.TestRunner.NUnitExtensions.Runner.CompositeWorkItem/<RunChildren>d__17:MoveNext () (at ./Library/PackageCache/com.unity.test-framework@bd7f943e9647/UnityEngine.TestRunner/NUnitExtensions/Runner/CompositeWorkItem.cs:207)
UnityEngine.TestRunner.NUnitExtensions.Runner.CompositeWorkItem/<PerformWork>d__13:MoveNext () (at ./Library/PackageCache/com.unity.test-framework@bd7f943e9647/UnityEngine.TestRunner/NUnitExtensions/Runner/CompositeWorkItem.cs:82)
UnityEngine.TestRunner.NUnitExtensions.Runner.CompositeWorkItem/<RunChildren>d__17:MoveNext () (at ./Library/PackageCache/com.unity.test-framework@bd7f943e9647/UnityEngine.TestRunner/NUnitExtensions/Runner/CompositeWorkItem.cs:207)
UnityEngine.TestRunner.NUnitExtensions.Runner.CompositeWorkItem/<PerformWork>d__13:MoveNext () (at ./Library/PackageCache/com.unity.test-framework@bd7f943e9647/UnityEngine.TestRunner/NUnitExtensions/Runner/CompositeWorkItem.cs:82)
UnityEngine.TestRunner.NUnitExtensions.Runner.CompositeWorkItem/<RunChildren>d__17:MoveNext () (at ./Library/PackageCache/com.unity.test-framework@bd7f943e9647/UnityEngine.TestRunner/NUnitExtensions/Runner/CompositeWorkItem.cs:207)
UnityEngine.TestRunner.NUnitExtensions.Runner.CompositeWorkItem/<PerformWork>d__13:MoveNext () (at ./Library/PackageCache/com.unity.test-framework@bd7f943e9647/UnityEngine.TestRunner/NUnitExtensions/Runner/CompositeWorkItem.cs:82)
UnityEngine.TestRunner.NUnitExtensions.Runner.CompositeWorkItem/<RunChildren>d__17:MoveNext () (at ./Library/PackageCache/com.unity.test-framework@bd7f943e9647/UnityEngine.TestRunner/NUnitExtensions/Runner/CompositeWorkItem.cs:207)
UnityEngine.TestRunner.NUnitExtensions.Runner.CompositeWorkItem/<PerformWork>d__13:MoveNext () (at ./Library/PackageCache/com.unity.test-framework@bd7f943e9647/UnityEngine.TestRunner/NUnitExtensions/Runner/CompositeWorkItem.cs:82)
UnityEditor.TestTools.TestRunner.EditModeRunner:MoveNextAndUpdateYieldObject () (at ./Library/PackageCache/com.unity.test-framework@bd7f943e9647/UnityEditor.TestRunner/TestRunner/EditModeRunner.cs:167)
UnityEditor.TestTools.TestRunner.EditModeRunner:TestConsumer (UnityEditor.TestTools.TestRunner.TestRunnerStateSerializer) (at ./Library/PackageCache/com.unity.test-framework@bd7f943e9647/UnityEditor.TestRunner/TestRunner/EditModeRunner.cs:200)
UnityEditor.TestTools.TestRunner.TestRun.Tasks.EditModeRunTask/<Execute>d__1:MoveNext () (at ./Library/PackageCache/com.unity.test-framework@bd7f943e9647/UnityEditor.TestRunner/TestRun/Tasks/EditModeRunTask.cs:48)
UnityEditor.TestTools.TestRunner.TestRun.TestJobRunner:ExecuteStep () (at ./Library/PackageCache/com.unity.test-framework@bd7f943e9647/UnityEditor.TestRunner/TestRun/TestJobRunner.cs:173)
UnityEditor.TestTools.TestRunner.TestRun.TestJobRunner:ExecuteCallback () (at ./Library/PackageCache/com.unity.test-framework@bd7f943e9647/UnityEditor.TestRunner/TestRun/TestJobRunner.cs:108)
UnityEditor.EditorApplication:Internal_CallUpdateFunctions ()

(Filename: Assets/Scripts/Editor/ToolkitExampleGenerator.cs Line: 723)

Start importing Assets/ToolkitExamples/1_SubwaySurfers_Meta_Slice.prefab using Guid(407e08117c0890844a34477561fe5634) (PrefabImporter) -> (artifact id: 'b66a9f48cd01c4a4d64a32d416ba58ff') in 0.0192992 seconds
Refreshing native plugins compatible for Editor in 24.49 ms, found 5 plugins.
Preloading 0 native plugins for Editor in 0.00 ms.
Asset Pipeline Refresh (id=e033125b00071f74a8319235f7ca2407): Total: 0.184 seconds - Initiated by StopAssetImportingV2(NoUpdateAssetOptions)
Start importing Assets/ToolkitExamples/2_IdleSlayer_Platformer_Slice.prefab using Guid(19e5bd6983a0bcf48a5881852b3f0988) (PrefabImporter) -> (artifact id: '1c9a69df768265ee0067b80f5aebd8e6') in 0.0164153 seconds
Refreshing native plugins compatible for Editor in 37.05 ms, found 5 plugins.
Preloading 0 native plugins for Editor in 0.00 ms.
Asset Pipeline Refresh (id=aad33699a6c47e347ba7d2e4b8c6ffb3): Total: 0.195 seconds - Initiated by StopAssetImportingV2(NoUpdateAssetOptions)
Start importing Assets/ToolkitExamples/3_TalkingTom_Rebuild_Slice.prefab using Guid(2dc25457ecd27fc45a74d5b0e43e191a) (PrefabImporter) -> (artifact id: '2388e2b267f24f6bcefa6e30c8280e74') in 0.0229613 seconds
Refreshing native plugins compatible for Editor in 41.16 ms, found 5 plugins.
Preloading 0 native plugins for Editor in 0.00 ms.
Asset Pipeline Refresh (id=3518d54a7ac486c4dbaa2e9c7ccd8b45): Total: 0.181 seconds - Initiated by StopAssetImportingV2(NoUpdateAssetOptions)
Start importing Assets/ToolkitExamples/4_CountMasters_Swarm_Slice.prefab using Guid(654cdbc3afea2b24c90e6f3fe3ff38a9) (PrefabImporter) -> (artifact id: '3683875d764d12a83b7e4435bb6dc8a7') in 0.0249742 seconds
Refreshing native plugins compatible for Editor in 19.88 ms, found 5 plugins.
Preloading 0 native plugins for Editor in 0.00 ms.
Asset Pipeline Refresh (id=4afb5f83df001e348b9fe8722b5f5d9b): Total: 0.184 seconds - Initiated by StopAssetImportingV2(NoUpdateAssetOptions)
Start importing Assets/ToolkitExamples/5_JoinClash_Snake_Slice.prefab using Guid(a72ae365ca86d65489a86b1d98cdacd1) (PrefabImporter) -> (artifact id: '9ce090694e8e87c122a55e5f9ef38d0e') in 0.0364042 seconds
Refreshing native plugins compatible for Editor in 22.48 ms, found 5 plugins.
Preloading 0 native plugins for Editor in 0.00 ms.
Asset Pipeline Refresh (id=6baf734d35131ef47bb34d42fefc001b): Total: 0.195 seconds - Initiated by StopAssetImportingV2(NoUpdateAssetOptions)
Start importing Assets/ToolkitExamples/6_MobControl_Cannons_Slice.prefab using Guid(1a0f7b3e9eebd324c926f70ccf093bab) (PrefabImporter) -> (artifact id: 'bf2487c314a243e3e57d7f4f492179b4') in 0.0174319 seconds
Refreshing native plugins compatible for Editor in 20.85 ms, found 5 plugins.
Preloading 0 native plugins for Editor in 0.00 ms.
Asset Pipeline Refresh (id=7539707ff5547db4ba480e57e28c0122): Total: 0.139 seconds - Initiated by StopAssetImportingV2(NoUpdateAssetOptions)
Start importing Assets/ToolkitExamples/7_BridgeRace_Stacker_Slice.prefab using Guid(c49eec4aedc85d242a8ce7bf5e02df6c) (PrefabImporter) -> (artifact id: 'a4ea0a2ca8e65338fd1432ab1503d641') in 0.0340016 seconds
Refreshing native plugins compatible for Editor in 29.25 ms, found 5 plugins.
Preloading 0 native plugins for Editor in 0.00 ms.
Asset Pipeline Refresh (id=5dc52c6f9b42f324597926af7d31ae39): Total: 0.182 seconds - Initiated by StopAssetImportingV2(NoUpdateAssetOptions)
Start importing Assets/ToolkitExamples/8_HighHeels_Vertical_Slice.prefab using Guid(b2539b91b0f882448a5a1a7cb3b08260) (PrefabImporter) -> (artifact id: 'a71c50d1452f80a3055f8dea4aa754ee') in 0.0326995 seconds
Refreshing native plugins compatible for Editor in 23.28 ms, found 5 plugins.
Preloading 0 native plugins for Editor in 0.00 ms.
Asset Pipeline Refresh (id=d2207185a05168e4e993d735526083f3): Total: 0.177 seconds - Initiated by StopAssetImportingV2(NoUpdateAssetOptions)
Start importing Assets/ToolkitExamples/9_TallManRun_Scale_Slice.prefab using Guid(e2d1f9080097c8d4e9ba975419d3760a) (PrefabImporter) -> (artifact id: 'f20397321da52fab80479134f21ebf99') in 0.0160982 seconds
Refreshing native plugins compatible for Editor in 18.05 ms, found 5 plugins.
Preloading 0 native plugins for Editor in 0.00 ms.
Asset Pipeline Refresh (id=24dec3b6f01fdf84ca4873b5b32cf2a5): Total: 0.157 seconds - Initiated by StopAssetImportingV2(NoUpdateAssetOptions)
Start importing Assets/ToolkitExamples/10_RunRich_Status_Slice.prefab using Guid(c38f36c6dadf7ea4487cfa96f08929f7) (PrefabImporter) -> (artifact id: '2b4e1e5f6f3c491972495a3e06e77564') in 0.015066 seconds
Refreshing native plugins compatible for Editor in 18.94 ms, found 5 plugins.
Preloading 0 native plugins for Editor in 0.00 ms.
Asset Pipeline Refresh (id=21f429a78fb4b3f48a943042ca094551): Total: 0.135 seconds - Initiated by StopAssetImportingV2(NoUpdateAssetOptions)
Start importing Assets/ToolkitExamples/11_BlobRunner_Jiggle_Slice.prefab using Guid(bb8d9be4a33942d47a5854b4c1d11528) (PrefabImporter) -> (artifact id: '5bef3e4dacb14ffc210bae8a1f82c31d') in 0.0133795 seconds
Refreshing native plugins compatible for Editor in 20.95 ms, found 5 plugins.
Preloading 0 native plugins for Editor in 0.00 ms.
Asset Pipeline Refresh (id=eca68eda6e2706c468ce6e5bb4aa321d): Total: 0.147 seconds - Initiated by StopAssetImportingV2(NoUpdateAssetOptions)
Start importing Assets/ToolkitExamples/12_StackyDash_Grid_Slice.prefab using Guid(102f2245b2e3b4949ab3826aaef0e0aa) (PrefabImporter) -> (artifact id: '6b19b79e2b59c778a17076bb17e8b7d2') in 0.1086839 seconds
Refreshing native plugins compatible for Editor in 19.05 ms, found 5 plugins.
Preloading 0 native plugins for Editor in 0.00 ms.
Asset Pipeline Refresh (id=23b4a41fe88e9f94ea5101900f36ee20): Total: 0.326 seconds - Initiated by StopAssetImportingV2(NoUpdateAssetOptions)
	Summary:
		Imports: total=1 (actual=1, local cache=0, cache server=0)
		Asset DB Process Time: managed=0 ms, native=297 ms
		Asset DB Callback time: managed=2 ms, native=25 ms
		Scripting: domain reloads=0, domain reload time=0 ms, compile time=0 ms, other=0 ms
		Project Asset Count: scripts=2112, non-scripts=3948
		Asset File Changes: new=0, changed=1, moved=0, deleted=0
		Scan Filter Count: 3
	InvokeCustomDependenciesCallbacks: 0.001ms
	InvokePackagesCallback: 0.001ms
	ApplyChangesToAssetFolders: 0.326ms
	Scan: 61.270ms
	OnSourceAssetsModified: 0.153ms
	CategorizeAssetsWithTransientArtifact: 0.013ms
	ProcessAssetsWithTransientArtifactChanges: 0.260ms
	CategorizeAssets: 15.784ms
	ImportOutOfDateAssets: 203.784ms (-50.876ms without children)
		ImportManagerImport: 183.102ms (73.708ms without children)
			ImportInProcess: 109.331ms
			UpdateCategorizedAssets: 0.064ms
		ReloadNativeAssets: 0.002ms
		UnloadImportedAssets: 3.762ms
		ReloadImportedAssets: 59.953ms
		EnsureUptoDateAssetsAreRegisteredWithGuidPM: 3.543ms
		InitializingProgressBar: 0.013ms
		PostProcessAllAssetNotificationsAddChangedAssets: 0.002ms
		OnDemandSchedulerStart: 4.282ms
	PostProcessAllAssets: 6.996ms
	Hotreload: 21.158ms
	GatherAllCurrentPrimaryArtifactRevisions: 0.695ms
	UnloadStreamsBegin: 0.376ms
	PersistCurrentRevisions: 0.934ms
	UnloadStreamsEnd: 0.002ms
	Untracked: 14.299ms

Start importing Assets/ToolkitExamples/13_ShortcutRun_Planks_Slice.prefab using Guid(3c0b272c25cc0374899ea60ccca36a27) (PrefabImporter) -> (artifact id: '8676ff5ca2a56bf92c643b3a20f8e334') in 0.0333901 seconds
Refreshing native plugins compatible for Editor in 20.30 ms, found 5 plugins.
Preloading 0 native plugins for Editor in 0.00 ms.
Asset Pipeline Refresh (id=7007566daa94bd640b0ec5cece8a25f9): Total: 0.176 seconds - Initiated by StopAssetImportingV2(NoUpdateAssetOptions)
Start importing Assets/ToolkitExamples/14_MoneyRush_Coins_Slice.prefab using Guid(f0d2cdc263744fb4ea8271789fdb654f) (PrefabImporter) -> (artifact id: 'ac85e36281cf665f29c14cb794e0f9d4') in 0.0306262 seconds
Refreshing native plugins compatible for Editor in 25.71 ms, found 5 plugins.
Preloading 0 native plugins for Editor in 0.00 ms.
Asset Pipeline Refresh (id=3af8c34f05df7614eaa3afd0ee6701d5): Total: 0.233 seconds - Initiated by StopAssetImportingV2(NoUpdateAssetOptions)
Start importing Assets/ToolkitExamples/15_Aquapark_Skip_Slice.prefab using Guid(09e11eec10e77ec4ca85dc5fcf0a8b47) (PrefabImporter) -> (artifact id: 'f601cca1f8492a29bb5c039717621232') in 0.0148654 seconds
Refreshing native plugins compatible for Editor in 24.01 ms, found 5 plugins.
Preloading 0 native plugins for Editor in 0.00 ms.
Asset Pipeline Refresh (id=6d30da4d7218afe4fbb6f06c2615bea3): Total: 0.174 seconds - Initiated by StopAssetImportingV2(NoUpdateAssetOptions)
Start importing Assets/ToolkitExamples/16_MyMiniMart_Supply_Slice.prefab using Guid(4649eb3089283024bb683b1ed488a922) (PrefabImporter) -> (artifact id: '042e956cee3ec33ff7b9b2bc1342e61a') in 0.0152917 seconds
Refreshing native plugins compatible for Editor in 26.93 ms, found 5 plugins.
Preloading 0 native plugins for Editor in 0.00 ms.
Asset Pipeline Refresh (id=0920679ff2cf42f4b9527b4a0441a5af): Total: 0.157 seconds - Initiated by StopAssetImportingV2(NoUpdateAssetOptions)
Start importing Assets/ToolkitExamples/17_MyPerfectHotel_Service_Slice.prefab using Guid(acd4f269517c98f44b74c3be547fc3d7) (PrefabImporter) -> (artifact id: '80944fe71da6de6e02e4a675b635f59b') in 0.0373761 seconds
Refreshing native plugins compatible for Editor in 45.25 ms, found 5 plugins.
Preloading 0 native plugins for Editor in 0.00 ms.
Asset Pipeline Refresh (id=fdeb6ce0f6901c340844897a778c22f1): Total: 0.275 seconds - Initiated by StopAssetImportingV2(NoUpdateAssetOptions)
Start importing Assets/ToolkitExamples/18_BurgerPlease_Multi_Slice.prefab using Guid(3be32ab850ec8c7478a84b01fdf80728) (PrefabImporter) -> (artifact id: '5f82c9026fdf3c2b440199108159ac6b') in 0.0249038 seconds
Refreshing native plugins compatible for Editor in 21.98 ms, found 5 plugins.
Preloading 0 native plugins for Editor in 0.00 ms.
Asset Pipeline Refresh (id=8a631c262e4ce3d41b15aaa7d8b597a1): Total: 0.141 seconds - Initiated by StopAssetImportingV2(NoUpdateAssetOptions)
Start importing Assets/ToolkitExamples/19_PizzaReady_Flow_Slice.prefab using Guid(a2816388990f50940a89c206f04c9a6a) (PrefabImporter) -> (artifact id: 'e3effd292065ca41fe5c3101886dabda') in 0.0137721 seconds
Refreshing native plugins compatible for Editor in 25.66 ms, found 5 plugins.
Preloading 0 native plugins for Editor in 0.00 ms.
Asset Pipeline Refresh (id=d4ed7c2dbb2f0b74fa8804245e5430f2): Total: 0.147 seconds - Initiated by StopAssetImportingV2(NoUpdateAssetOptions)
Start importing Assets/ToolkitExamples/20_MyLittleUniverse_Build_Slice.prefab using Guid(a695ad867269cca4c88656b41e976cd7) (PrefabImporter) -> (artifact id: 'd756801c872683a8c8a59a4dbd375f0b') in 0.0168227 seconds
Refreshing native plugins compatible for Editor in 20.09 ms, found 5 plugins.
Preloading 0 native plugins for Editor in 0.00 ms.
Asset Pipeline Refresh (id=b466b253688f3b14c86c3135f32e4563): Total: 0.141 seconds - Initiated by StopAssetImportingV2(NoUpdateAssetOptions)
Start importing Assets/ToolkitExamples/21_WeaponMaster_Shooter_Slice.prefab using Guid(4bdfeeaf13343434cb8d4672f5fec28d) (PrefabImporter) -> (artifact id: '5291cde16f9774865789468c1bd32b33') in 0.0332469 seconds
Refreshing native plugins compatible for Editor in 20.28 ms, found 5 plugins.
Preloading 0 native plugins for Editor in 0.00 ms.
Asset Pipeline Refresh (id=3b9486e5779850144866798762654d70): Total: 0.203 seconds - Initiated by StopAssetImportingV2(NoUpdateAssetOptions)
Asset Pipeline Refresh (id=7b8ec7f2d8e533246b864fa1f697175b): Total: 0.049 seconds - Initiated by StopAssetImportingV2(NoUpdateAssetOptions)
Asset Pipeline Refresh (id=6cbbcb5888006074da6e304446c770eb): Total: 0.024 seconds - Initiated by RefreshV2(NoUpdateAssetOptions)
Successfully generated 21 Playable Slices and 1 Master Hub!
UnityEngine.Debug:ExtractStackTraceNoAlloc (byte*,int,string)
UnityEngine.StackTraceUtility:ExtractStackTrace ()
UnityEngine.DebugLogHandler:Internal_Log (UnityEngine.LogType,UnityEngine.LogOption,string,UnityEngine.Object)
UnityEngine.DebugLogHandler:LogFormat (UnityEngine.LogType,UnityEngine.Object,string,object[])
UnityEngine.Logger:Log (UnityEngine.LogType,object)
UnityEngine.Debug:Log (object)
HyperCasualRunner.Editor.ToolkitExampleGenerator:GenerateExamples () (at Assets/Scripts/Editor/ToolkitExampleGenerator.cs:576)
HyperCasualRunner.Tests.ToolkitGeneratorTests:Setup () (at Assets/Scripts/Editor/Tests/ToolkitGeneratorTests.cs:15)
System.Reflection.RuntimeMethodInfo:Invoke (object,System.Reflection.BindingFlags,System.Reflection.Binder,object[],System.Globalization.CultureInfo)
System.Reflection.MethodBase:Invoke (object,object[])
NUnit.Framework.Internal.Reflect:InvokeMethod (System.Reflection.MethodInfo,object,object[])
NUnit.Framework.Internal.Reflect:InvokeMethod (System.Reflection.MethodInfo,object)
UnityEngine.TestTools.SetUpTearDownCommand/<InvokeBefore>d__4:MoveNext () (at ./Library/PackageCache/com.unity.test-framework@bd7f943e9647/UnityEngine.TestRunner/NUnitExtensions/Commands/SetUpTearDownCommand.cs:59)
UnityEngine.TestTools.EnumeratorHelper/<ProgressOnEnumerator>d__5:MoveNext () (at ./Library/PackageCache/com.unity.test-framework@bd7f943e9647/UnityEngine.TestRunner/NUnitExtensions/Attributes/EnumeratorHelper.cs:35)
UnityEngine.TestTools.BeforeAfterTestCommandBase`1/<ExecuteEnumerable>d__16<System.Reflection.MethodInfo>:MoveNext () (at ./Library/PackageCache/com.unity.test-framework@bd7f943e9647/UnityEngine.TestRunner/NUnitExtensions/Commands/BeforeAfterTestCommandBase.cs:155)
UnityEngine.TestTools.BeforeAfterTestCommandBase`1/<ExecuteEnumerable>d__16<System.Reflection.MethodInfo>:MoveNext () (at ./Library/PackageCache/com.unity.test-framework@bd7f943e9647/UnityEngine.TestRunner/NUnitExtensions/Commands/BeforeAfterTestCommandBase.cs:212)
UnityEngine.TestTools.BeforeAfterTestCommandBase`1/<ExecuteEnumerable>d__16<UnityEngine.TestTools.IOuterUnityTestAction>:MoveNext () (at ./Library/PackageCache/com.unity.test-framework@bd7f943e9647/UnityEngine.TestRunner/NUnitExtensions/Commands/BeforeAfterTestCommandBase.cs:212)
UnityEngine.TestTools.RetryCommand/<ExecuteEnumerable>d__2:MoveNext () (at ./Library/PackageCache/com.unity.test-framework@bd7f943e9647/UnityEngine.TestRunner/NUnitExtensions/Commands/RetryCommand.cs:37)
UnityEngine.TestTools.RepeatCommand/<ExecuteEnumerable>d__2:MoveNext () (at ./Library/PackageCache/com.unity.test-framework@bd7f943e9647/UnityEngine.TestRunner/NUnitExtensions/Commands/RepeatCommand.cs:36)
UnityEngine.TestTools.IgnoreTestCommand/<ExecuteEnumerable>d__3:MoveNext () (at ./Library/PackageCache/com.unity.test-framework@bd7f943e9647/UnityEngine.TestRunner/NUnitExtensions/Commands/IgnoreTestCommand.cs:42)
UnityEngine.TestTools.StrictCheckCommand/<ExecuteEnumerable>d__2:MoveNext () (at ./Library/PackageCache/com.unity.test-framework@bd7f943e9647/UnityEngine.TestRunner/NUnitExtensions/Commands/StrictCheckCommand.cs:29)
UnityEngine.TestRunner.NUnitExtensions.Runner.DefaultTestWorkItem/<PerformWork>d__2:MoveNext () (at ./Library/PackageCache/com.unity.test-framework@bd7f943e9647/UnityEngine.TestRunner/NUnitExtensions/Runner/DefaultTestWorkItem.cs:50)
UnityEngine.TestRunner.NUnitExtensions.Runner.CompositeWorkItem/<RunChildren>d__17:MoveNext () (at ./Library/PackageCache/com.unity.test-framework@bd7f943e9647/UnityEngine.TestRunner/NUnitExtensions/Runner/CompositeWorkItem.cs:207)
UnityEngine.TestRunner.NUnitExtensions.Runner.CompositeWorkItem/<PerformWork>d__13:MoveNext () (at ./Library/PackageCache/com.unity.test-framework@bd7f943e9647/UnityEngine.TestRunner/NUnitExtensions/Runner/CompositeWorkItem.cs:82)
UnityEngine.TestRunner.NUnitExtensions.Runner.CompositeWorkItem/<RunChildren>d__17:MoveNext () (at ./Library/PackageCache/com.unity.test-framework@bd7f943e9647/UnityEngine.TestRunner/NUnitExtensions/Runner/CompositeWorkItem.cs:207)
UnityEngine.TestRunner.NUnitExtensions.Runner.CompositeWorkItem/<PerformWork>d__13:MoveNext () (at ./Library/PackageCache/com.unity.test-framework@bd7f943e9647/UnityEngine.TestRunner/NUnitExtensions/Runner/CompositeWorkItem.cs:82)
UnityEngine.TestRunner.NUnitExtensions.Runner.CompositeWorkItem/<RunChildren>d__17:MoveNext () (at ./Library/PackageCache/com.unity.test-framework@bd7f943e9647/UnityEngine.TestRunner/NUnitExtensions/Runner/CompositeWorkItem.cs:207)
UnityEngine.TestRunner.NUnitExtensions.Runner.CompositeWorkItem/<PerformWork>d__13:MoveNext () (at ./Library/PackageCache/com.unity.test-framework@bd7f943e9647/UnityEngine.TestRunner/NUnitExtensions/Runner/CompositeWorkItem.cs:82)
UnityEngine.TestRunner.NUnitExtensions.Runner.CompositeWorkItem/<RunChildren>d__17:MoveNext () (at ./Library/PackageCache/com.unity.test-framework@bd7f943e9647/UnityEngine.TestRunner/NUnitExtensions/Runner/CompositeWorkItem.cs:207)
UnityEngine.TestRunner.NUnitExtensions.Runner.CompositeWorkItem/<PerformWork>d__13:MoveNext () (at ./Library/PackageCache/com.unity.test-framework@bd7f943e9647/UnityEngine.TestRunner/NUnitExtensions/Runner/CompositeWorkItem.cs:82)
UnityEngine.TestRunner.NUnitExtensions.Runner.CompositeWorkItem/<RunChildren>d__17:MoveNext () (at ./Library/PackageCache/com.unity.test-framework@bd7f943e9647/UnityEngine.TestRunner/NUnitExtensions/Runner/CompositeWorkItem.cs:207)
UnityEngine.TestRunner.NUnitExtensions.Runner.CompositeWorkItem/<PerformWork>d__13:MoveNext () (at ./Library/PackageCache/com.unity.test-framework@bd7f943e9647/UnityEngine.TestRunner/NUnitExtensions/Runner/CompositeWorkItem.cs:82)
UnityEditor.TestTools.TestRunner.EditModeRunner:MoveNextAndUpdateYieldObject () (at ./Library/PackageCache/com.unity.test-framework@bd7f943e9647/UnityEditor.TestRunner/TestRunner/EditModeRunner.cs:167)
UnityEditor.TestTools.TestRunner.EditModeRunner:TestConsumer (UnityEditor.TestTools.TestRunner.TestRunnerStateSerializer) (at ./Library/PackageCache/com.unity.test-framework@bd7f943e9647/UnityEditor.TestRunner/TestRunner/EditModeRunner.cs:200)
UnityEditor.TestTools.TestRunner.TestRun.Tasks.EditModeRunTask/<Execute>d__1:MoveNext () (at ./Library/PackageCache/com.unity.test-framework@bd7f943e9647/UnityEditor.TestRunner/TestRun/Tasks/EditModeRunTask.cs:48)
UnityEditor.TestTools.TestRunner.TestRun.TestJobRunner:ExecuteStep () (at ./Library/PackageCache/com.unity.test-framework@bd7f943e9647/UnityEditor.TestRunner/TestRun/TestJobRunner.cs:173)
UnityEditor.TestTools.TestRunner.TestRun.TestJobRunner:ExecuteCallback () (at ./Library/PackageCache/com.unity.test-framework@bd7f943e9647/UnityEditor.TestRunner/TestRun/TestJobRunner.cs:108)
UnityEditor.EditorApplication:Internal_CallUpdateFunctions ()

(Filename: Assets/Scripts/Editor/ToolkitExampleGenerator.cs Line: 576)

Asset Pipeline Refresh (id=a8a65d6681692034d831568ad955d900): Total: 0.010 seconds - Initiated by RefreshV2(NoUpdateAssetOptions)
=== EMPIRICAL TOOLKIT VERIFICATION REPORT ===

[PASS] 1_SubwaySurfers_Meta -> Verified on disk (13 children)
       - LaneAuthoring verified: LaneWidth=2.5, Speed=15
[PASS] 2_IdleSlayer_Platformer -> Verified on disk (4 children)
[PASS] 3_TalkingTom_Rebuild -> Verified on disk (4 children)
[PASS] 4_CountMasters_Swarm -> Verified on disk (16 children)
[PASS] 5_JoinClash_Snake -> Verified on disk (20 children)
       - SnakeChainAuthoring verified: StartingFollowers=3, SegmentSpacing=0.8
[PASS] 6_MobControl_Cannons -> Verified on disk (16 children)
[PASS] 7_BridgeRace_Stacker -> Verified on disk (31 children)
[PASS] 8_HighHeels_Vertical -> Verified on disk (46 children)
       - StiltsAuthoring verified: HeelHeight=0.5
[PASS] 9_TallManRun_Scale -> Verified on disk (6 children)
[PASS] 10_RunRich_Status -> Verified on disk (6 children)
[PASS] 11_BlobRunner_Jiggle -> Verified on disk (4 children)
[PASS] 12_StackyDash_Grid -> Verified on disk (153 children)
       - MazeCollectorAuthoring & GridPathfinderAuthoring verified: TileHeightOffset=0.2, StepDistance=1
[PASS] 13_ShortcutRun_Planks -> Verified on disk (27 children)
       - BridgeBuilderAuthoring verified: DistancePerPlank=0.8
[PASS] 14_MoneyRush_Coins -> Verified on disk (10 children)
       - CoinSpawnerAuthoring verified: StartingCoins=1, GateCount=5
[PASS] 15_Aquapark_Skip -> Verified on disk (6 children)
       - RampAuthoring verified: JumpForce=18
[PASS] 16_MyMiniMart_Supply -> Verified on disk (6 children)
[PASS] 17_MyPerfectHotel_Service -> Verified on disk (6 children)
[PASS] 18_BurgerPlease_Multi -> Verified on disk (4 children)
[PASS] 19_PizzaReady_Flow -> Verified on disk (3 children)
[PASS] 20_MyLittleUniverse_Build -> Verified on disk (6 children)
[PASS] 21_WeaponMaster_Shooter -> Verified on disk (53 children)
       - ShooterAuthoring verified: SpreadCount=1, FireRate=0.25

SUMMARY: 21/21 Playable Slices verified successfully!
UnityEngine.Debug:ExtractStackTraceNoAlloc (byte*,int,string)
UnityEngine.StackTraceUtility:ExtractStackTrace ()
UnityEngine.DebugLogHandler:Internal_Log (UnityEngine.LogType,UnityEngine.LogOption,string,UnityEngine.Object)
UnityEngine.DebugLogHandler:LogFormat (UnityEngine.LogType,UnityEngine.Object,string,object[])
UnityEngine.Logger:Log (UnityEngine.LogType,object)
UnityEngine.Debug:Log (object)
HyperCasualRunner.Editor.ToolkitExampleGenerator:RunVerificationSuite () (at Assets/Scripts/Editor/ToolkitExampleGenerator.cs:723)
HyperCasualRunner.Tests.ToolkitGeneratorTests:Setup () (at Assets/Scripts/Editor/Tests/ToolkitGeneratorTests.cs:16)
System.Reflection.RuntimeMethodInfo:Invoke (object,System.Reflection.BindingFlags,System.Reflection.Binder,object[],System.Globalization.CultureInfo)
System.Reflection.MethodBase:Invoke (object,object[])
NUnit.Framework.Internal.Reflect:InvokeMethod (System.Reflection.MethodInfo,object,object[])
NUnit.Framework.Internal.Reflect:InvokeMethod (System.Reflection.MethodInfo,object)
UnityEngine.TestTools.SetUpTearDownCommand/<InvokeBefore>d__4:MoveNext () (at ./Library/PackageCache/com.unity.test-framework@bd7f943e9647/UnityEngine.TestRunner/NUnitExtensions/Commands/SetUpTearDownCommand.cs:59)
UnityEngine.TestTools.EnumeratorHelper/<ProgressOnEnumerator>d__5:MoveNext () (at ./Library/PackageCache/com.unity.test-framework@bd7f943e9647/UnityEngine.TestRunner/NUnitExtensions/Attributes/EnumeratorHelper.cs:35)
UnityEngine.TestTools.BeforeAfterTestCommandBase`1/<ExecuteEnumerable>d__16<System.Reflection.MethodInfo>:MoveNext () (at ./Library/PackageCache/com.unity.test-framework@bd7f943e9647/UnityEngine.TestRunner/NUnitExtensions/Commands/BeforeAfterTestCommandBase.cs:155)
UnityEngine.TestTools.BeforeAfterTestCommandBase`1/<ExecuteEnumerable>d__16<System.Reflection.MethodInfo>:MoveNext () (at ./Library/PackageCache/com.unity.test-framework@bd7f943e9647/UnityEngine.TestRunner/NUnitExtensions/Commands/BeforeAfterTestCommandBase.cs:212)
UnityEngine.TestTools.BeforeAfterTestCommandBase`1/<ExecuteEnumerable>d__16<UnityEngine.TestTools.IOuterUnityTestAction>:MoveNext () (at ./Library/PackageCache/com.unity.test-framework@bd7f943e9647/UnityEngine.TestRunner/NUnitExtensions/Commands/BeforeAfterTestCommandBase.cs:212)
UnityEngine.TestTools.RetryCommand/<ExecuteEnumerable>d__2:MoveNext () (at ./Library/PackageCache/com.unity.test-framework@bd7f943e9647/UnityEngine.TestRunner/NUnitExtensions/Commands/RetryCommand.cs:37)
UnityEngine.TestTools.RepeatCommand/<ExecuteEnumerable>d__2:MoveNext () (at ./Library/PackageCache/com.unity.test-framework@bd7f943e9647/UnityEngine.TestRunner/NUnitExtensions/Commands/RepeatCommand.cs:36)
UnityEngine.TestTools.IgnoreTestCommand/<ExecuteEnumerable>d__3:MoveNext () (at ./Library/PackageCache/com.unity.test-framework@bd7f943e9647/UnityEngine.TestRunner/NUnitExtensions/Commands/IgnoreTestCommand.cs:42)
UnityEngine.TestTools.StrictCheckCommand/<ExecuteEnumerable>d__2:MoveNext () (at ./Library/PackageCache/com.unity.test-framework@bd7f943e9647/UnityEngine.TestRunner/NUnitExtensions/Commands/StrictCheckCommand.cs:29)
UnityEngine.TestRunner.NUnitExtensions.Runner.DefaultTestWorkItem/<PerformWork>d__2:MoveNext () (at ./Library/PackageCache/com.unity.test-framework@bd7f943e9647/UnityEngine.TestRunner/NUnitExtensions/Runner/DefaultTestWorkItem.cs:50)
UnityEngine.TestRunner.NUnitExtensions.Runner.CompositeWorkItem/<RunChildren>d__17:MoveNext () (at ./Library/PackageCache/com.unity.test-framework@bd7f943e9647/UnityEngine.TestRunner/NUnitExtensions/Runner/CompositeWorkItem.cs:207)
UnityEngine.TestRunner.NUnitExtensions.Runner.CompositeWorkItem/<PerformWork>d__13:MoveNext () (at ./Library/PackageCache/com.unity.test-framework@bd7f943e9647/UnityEngine.TestRunner/NUnitExtensions/Runner/CompositeWorkItem.cs:82)
UnityEngine.TestRunner.NUnitExtensions.Runner.CompositeWorkItem/<RunChildren>d__17:MoveNext () (at ./Library/PackageCache/com.unity.test-framework@bd7f943e9647/UnityEngine.TestRunner/NUnitExtensions/Runner/CompositeWorkItem.cs:207)
UnityEngine.TestRunner.NUnitExtensions.Runner.CompositeWorkItem/<PerformWork>d__13:MoveNext () (at ./Library/PackageCache/com.unity.test-framework@bd7f943e9647/UnityEngine.TestRunner/NUnitExtensions/Runner/CompositeWorkItem.cs:82)
UnityEngine.TestRunner.NUnitExtensions.Runner.CompositeWorkItem/<RunChildren>d__17:MoveNext () (at ./Library/PackageCache/com.unity.test-framework@bd7f943e9647/UnityEngine.TestRunner/NUnitExtensions/Runner/CompositeWorkItem.cs:207)
UnityEngine.TestRunner.NUnitExtensions.Runner.CompositeWorkItem/<PerformWork>d__13:MoveNext () (at ./Library/PackageCache/com.unity.test-framework@bd7f943e9647/UnityEngine.TestRunner/NUnitExtensions/Runner/CompositeWorkItem.cs:82)
UnityEngine.TestRunner.NUnitExtensions.Runner.CompositeWorkItem/<RunChildren>d__17:MoveNext () (at ./Library/PackageCache/com.unity.test-framework@bd7f943e9647/UnityEngine.TestRunner/NUnitExtensions/Runner/CompositeWorkItem.cs:207)
UnityEngine.TestRunner.NUnitExtensions.Runner.CompositeWorkItem/<PerformWork>d__13:MoveNext () (at ./Library/PackageCache/com.unity.test-framework@bd7f943e9647/UnityEngine.TestRunner/NUnitExtensions/Runner/CompositeWorkItem.cs:82)
UnityEngine.TestRunner.NUnitExtensions.Runner.CompositeWorkItem/<RunChildren>d__17:MoveNext () (at ./Library/PackageCache/com.unity.test-framework@bd7f943e9647/UnityEngine.TestRunner/NUnitExtensions/Runner/CompositeWorkItem.cs:207)
UnityEngine.TestRunner.NUnitExtensions.Runner.CompositeWorkItem/<PerformWork>d__13:MoveNext () (at ./Library/PackageCache/com.unity.test-framework@bd7f943e9647/UnityEngine.TestRunner/NUnitExtensions/Runner/CompositeWorkItem.cs:82)
UnityEditor.TestTools.TestRunner.EditModeRunner:MoveNextAndUpdateYieldObject () (at ./Library/PackageCache/com.unity.test-framework@bd7f943e9647/UnityEditor.TestRunner/TestRunner/EditModeRunner.cs:167)
UnityEditor.TestTools.TestRunner.EditModeRunner:TestConsumer (UnityEditor.TestTools.TestRunner.TestRunnerStateSerializer) (at ./Library/PackageCache/com.unity.test-framework@bd7f943e9647/UnityEditor.TestRunner/TestRunner/EditModeRunner.cs:200)
UnityEditor.TestTools.TestRunner.TestRun.Tasks.EditModeRunTask/<Execute>d__1:MoveNext () (at ./Library/PackageCache/com.unity.test-framework@bd7f943e9647/UnityEditor.TestRunner/TestRun/Tasks/EditModeRunTask.cs:48)
UnityEditor.TestTools.TestRunner.TestRun.TestJobRunner:ExecuteStep () (at ./Library/PackageCache/com.unity.test-framework@bd7f943e9647/UnityEditor.TestRunner/TestRun/TestJobRunner.cs:173)
UnityEditor.TestTools.TestRunner.TestRun.TestJobRunner:ExecuteCallback () (at ./Library/PackageCache/com.unity.test-framework@bd7f943e9647/UnityEditor.TestRunner/TestRun/TestJobRunner.cs:108)
UnityEditor.EditorApplication:Internal_CallUpdateFunctions ()

(Filename: Assets/Scripts/Editor/ToolkitExampleGenerator.cs Line: 723)

<b><color=#2EA3FF>MCP-FOR-UNITY</color></b>: [TestRunnerNoThrottle] Restored Interaction Mode after test run.
UnityEngine.Debug:ExtractStackTraceNoAlloc (byte*,int,string)
UnityEngine.StackTraceUtility:ExtractStackTrace ()
UnityEngine.DebugLogHandler:Internal_Log (UnityEngine.LogType,UnityEngine.LogOption,string,UnityEngine.Object)
UnityEngine.DebugLogHandler:LogFormat (UnityEngine.LogType,UnityEngine.Object,string,object[])
UnityEngine.Logger:Log (UnityEngine.LogType,object)
UnityEngine.Debug:Log (object)
MCPForUnity.Editor.Helpers.McpLog:Info (string,bool) (at D:/Git/Useful-Houdini-Stuff/Unity/Unity3DMCP/UnityPackage/Editor/Helpers/McpLog.cs:40)
MCPForUnity.Editor.Services.TestRunnerNoThrottle:RestoreThrottling () (at D:/Git/Useful-Houdini-Stuff/Unity/Unity3DMCP/UnityPackage/Editor/Services/TestRunnerNoThrottle.cs:114)
MCPForUnity.Editor.Services.TestRunnerNoThrottle/TestCallbacks:RunFinished (UnityEditor.TestTools.TestRunner.Api.ITestResultAdaptor) (at D:/Git/Useful-Houdini-Stuff/Unity/Unity3DMCP/UnityPackage/Editor/Services/TestRunnerNoThrottle.cs:143)
UnityEditor.TestTools.TestRunner.Api.CallbacksDelegator/<>c__DisplayClass9_0:<RunFinished>b__0 (UnityEditor.TestTools.TestRunner.Api.ICallbacks) (at ./Library/PackageCache/com.unity.test-framework@bd7f943e9647/UnityEditor.TestRunner/Api/CallbacksDelegator.cs:55)
UnityEditor.TestTools.TestRunner.Api.CallbacksDelegator:TryInvokeAllCallbacks (System.Action`1<UnityEditor.TestTools.TestRunner.Api.ICallbacks>) (at ./Library/PackageCache/com.unity.test-framework@bd7f943e9647/UnityEditor.TestRunner/Api/CallbacksDelegator.cs:135)
UnityEditor.TestTools.TestRunner.Api.CallbacksDelegator:RunFinished (NUnit.Framework.Interfaces.ITestResult) (at ./Library/PackageCache/com.unity.test-framework@bd7f943e9647/UnityEditor.TestRunner/Api/CallbacksDelegator.cs:55)
UnityEngine.Events.InvokableCall`1<NUnit.Framework.Interfaces.ITestResult>:Invoke (NUnit.Framework.Interfaces.ITestResult)
UnityEngine.Events.UnityEvent`1<NUnit.Framework.Interfaces.ITestResult>:Invoke (NUnit.Framework.Interfaces.ITestResult)
UnityEditor.TestTools.TestRunner.TestRun.Tasks.Events.RunFinishedInvocationEvent/<Execute>d__0:MoveNext () (at ./Library/PackageCache/com.unity.test-framework@bd7f943e9647/UnityEditor.TestRunner/TestRun/Tasks/Events/RunFinishedInvocationEvent.cs:24)
UnityEditor.TestTools.TestRunner.TestRun.TestJobRunner:ExecuteStep () (at ./Library/PackageCache/com.unity.test-framework@bd7f943e9647/UnityEditor.TestRunner/TestRun/TestJobRunner.cs:173)
UnityEditor.TestTools.TestRunner.TestRun.TestJobRunner:ExecuteCallback () (at ./Library/PackageCache/com.unity.test-framework@bd7f943e9647/UnityEditor.TestRunner/TestRun/TestJobRunner.cs:108)
UnityEditor.EditorApplication:Internal_CallUpdateFunctions ()

(Filename: D:/Git/Useful-Houdini-Stuff/Unity/Unity3DMCP/UnityPackage/Editor/Helpers/McpLog.cs Line: 40)

Saving results to: C:/Users/AZAD/AppData/LocalLow/DefaultCompany/Stickman Rush\TestResults.xml
Saving results to: D:\Git\Hyper-Casual-Runner\TestResults-639203584859420741.xml
TrimDiskCacheJob: Current cache size 159mb
Executing IPostBuildCleanup for: Unity.PerformanceTesting.Editor.TestRunBuilder.
UnityEngine.Debug:ExtractStackTraceNoAlloc (byte*,int,string)
UnityEngine.StackTraceUtility:ExtractStackTrace ()
UnityEngine.DebugLogHandler:Internal_Log (UnityEngine.LogType,UnityEngine.LogOption,string,UnityEngine.Object)
UnityEngine.DebugLogHandler:LogFormat (UnityEngine.LogType,UnityEngine.Object,string,object[])
UnityEngine.Logger:Log (UnityEngine.LogType,object)
UnityEngine.Debug:Log (object)
UnityEditor.TestTools.TestRunner.TestRun.Tasks.BuildActionTaskBase`1/<ExecuteMethods>d__8<UnityEngine.TestTools.IPostBuildCleanup>:MoveNext () (at ./Library/PackageCache/com.unity.test-framework@bd7f943e9647/UnityEditor.TestRunner/TestRun/Tasks/BuildActionTaskBase.cs:48)
UnityEditor.TestTools.TestRunner.TestRun.Tasks.BuildActionTaskBase`1/<Execute>d__7<UnityEngine.TestTools.IPostBuildCleanup>:MoveNext () (at ./Library/PackageCache/com.unity.test-framework@bd7f943e9647/UnityEditor.TestRunner/TestRun/Tasks/BuildActionTaskBase.cs:34)
UnityEditor.TestTools.TestRunner.TestRun.TestJobRunner:ExecuteStep () (at ./Library/PackageCache/com.unity.test-framework@bd7f943e9647/UnityEditor.TestRunner/TestRun/TestJobRunner.cs:173)
UnityEditor.TestTools.TestRunner.TestRun.TestJobRunner:ExecuteCallback () (at ./Library/PackageCache/com.unity.test-framework@bd7f943e9647/UnityEditor.TestRunner/TestRun/TestJobRunner.cs:108)
UnityEditor.EditorApplication:Internal_CallUpdateFunctions ()

(Filename: ./Library/PackageCache/com.unity.test-framework@bd7f943e9647/UnityEditor.TestRunner/TestRun/Tasks/BuildActionTaskBase.cs Line: 48)

Unloading 0 Unused Serialized files (Serialized files now loaded: 0)
Unloading 3015 unused Assets / (1.1 MB). Loaded Objects now: 9906.
Memory consumption went from 258.5 MB to 257.5 MB.
Total: 56.379500 ms (FindLiveObjects: 1.343700 ms CreateObjectMapping: 2.695900 ms MarkObjects: 46.549300 ms  DeleteObjects: 5.787900 ms)

DisplayProgressbar: Undo
Test run completed. Exiting with code 2 (Failed). One or more tests failed.
UnityEngine.Debug:ExtractStackTraceNoAlloc (byte*,int,string)
UnityEngine.StackTraceUtility:ExtractStackTrace ()
UnityEngine.DebugLogHandler:Internal_Log (UnityEngine.LogType,UnityEngine.LogOption,string,UnityEngine.Object)
UnityEngine.DebugLogHandler:LogFormat (UnityEngine.LogType,UnityEngine.Object,string,object[])
UnityEngine.Logger:Log (UnityEngine.LogType,object)
UnityEngine.Debug:Log (object)
UnityEditor.TestTools.TestRunner.CommandLineTest.Executer:ExitApplication (UnityEditor.TestTools.TestRunner.CommandLineTest.Executer/ReturnCodes,string) (at ./Library/PackageCache/com.unity.test-framework@bd7f943e9647/UnityEditor.TestRunner/CommandLineTest/Executer.cs:81)
UnityEditor.TestTools.TestRunner.CommandLineTest.Executer:ExitIfRunIsCompleted () (at ./Library/PackageCache/com.unity.test-framework@bd7f943e9647/UnityEditor.TestRunner/CommandLineTest/Executer.cs:74)
UnityEditor.EditorApplication:Internal_CallUpdateFunctions ()

(Filename: ./Library/PackageCache/com.unity.test-framework@bd7f943e9647/UnityEditor.TestRunner/CommandLineTest/Executer.cs Line: 81)

Unloading 18 Unused Serialized files (Serialized files now loaded: 0)
Killing ADB server in 0.3247662 seconds.
Unloading 0 unused Assets / (0 B). Loaded Objects now: 9951.
Memory consumption went from 262.5 MB to 262.5 MB.
Total: 54.792600 ms (FindLiveObjects: 1.167900 ms CreateObjectMapping: 1.982300 ms MarkObjects: 51.598500 ms  DeleteObjects: 0.041600 ms)

[Physics::Module] Cleanup current backend.
[Physics::Module] Id: 0xf2b8ea05
Input System module state changed to: ShutdownInProgress.
Input System polling thread exited.
Input System module state changed to: Shutdown.
[Licensing::IpcConnector] LicenseClient-AZAD-6000.3.20-notifications channel disconnected successfully.
[Licensing::IpcConnector] LicenseClient-AZAD-6000.3.20 channel disconnected successfully.
AcceleratorClientConnectionCallback - disconnected - :0
Cleanup mono
