[Licensing::Module] Trying to connect to existing licensing client channel...
Built from '6000.5/staging' branch; Version is '6000.5.5f1 (d16e074b49fd) revision 13725191'; Using compiler version '194234433'; Build Type 'Release'
[Licensing::IpcConnector] Successfully connected to: "LicenseClient-AZAD" at "2026-08-08T22:56:02.4594269Z"
OS: 'Windows 11  (10.0.26200) Core' Language: 'en' Physical Memory: 32687 MB
BatchMode: 0, IsHumanControllingUs: 1, StartBugReporterOnCrash: 1, Is64bit: 1
System  architecture: x64
Process architecture: x64
Date: 2026-08-08T22:56:02Z

COMMAND LINE ARGUMENTS:
C:\Program Files\Unity\Hub\Editor\6000.5.5f1\Editor\Unity.exe
-projectpath
D:\Git\Hyper-Casual-Runner
-acceptSoftwareTermsForThisRunOnly
-useHub
-hubIPC
-cloudEnvironment
production
-buildTarget
Android
-licensingIpc
LicenseClient-AZAD
-hubSessionId
9dac601f-912a-4c10-b82e-309eb68687ab
-accessToken
Q7Hl4wr3LuZfjJHF9TFj9hdM1uuAGfbxfp12xa4SdQc011f
Successfully changed project path to: D:\Git\Hyper-Casual-Runner
D:/Git/Hyper-Casual-Runner
[UnityMemory] Configuration Parameters - Can be set up in boot.config
    "memorysetup-temp-allocator-size-gi-baking-worker=262144"
    "memorysetup-temp-allocator-size-gi-baking-worker=262144"
    "memorysetup-temp-allocator-size-gi-baking-worker=262144"
    "memorysetup-temp-allocator-size-gi-baking-worker=262144"
    "memorysetup-temp-allocator-size-gi-baking-worker=262144"
    "memorysetup-temp-allocator-size-nav-mesh-worker=65536"
    "memorysetup-temp-allocator-size-audio-worker=65536"
    "memorysetup-temp-allocator-size-cloud-worker=32768"
    "memorysetup-temp-allocator-size-gfx=262144"
    "memorysetup-temp-allocator-size-preload-manager=33554432"
    "memorysetup-allocator-temp-initial-block-size-main=262144"
    "memorysetup-allocator-temp-initial-block-size-worker=262144"
    "memorysetup-temp-allocator-size-job-worker=262144"
    "memorysetup-temp-allocator-size-background-worker=32768"
    "memorysetup-bucket-allocator-granularity=16"
    "memorysetup-bucket-allocator-bucket-count=8"
    "memorysetup-bucket-allocator-block-size=33554432"
    "memorysetup-bucket-allocator-block-count=8"
    "memorysetup-main-allocator-block-size=16777216"
    "memorysetup-thread-allocator-block-size=16777216"
    "memorysetup-main-allocator-mimalloc-enabled=0"
    "memorysetup-gfx-main-allocator-block-size=16777216"
    "memorysetup-gfx-thread-allocator-block-size=16777216"
    "memorysetup-cache-allocator-block-size=4194304"
    "memorysetup-typetree-allocator-block-size=2097152"
    "memorysetup-profiler-bucket-allocator-granularity=16"
    "memorysetup-profiler-bucket-allocator-bucket-count=8"
    "memorysetup-profiler-bucket-allocator-block-size=33554432"
    "memorysetup-profiler-bucket-allocator-block-count=8"
    "memorysetup-profiler-allocator-block-size=16777216"
    "memorysetup-profiler-editor-allocator-block-size=1048576"
    "memorysetup-temp-allocator-size-main=16777216"
    "memorysetup-job-temp-allocator-block-size=2097152"
    "memorysetup-job-temp-allocator-block-size-background=1048576"
    "memorysetup-job-temp-allocator-reduction-small-platforms=262144"
Player connection [27740]  Target information:

Player connection [27740]  * "[IP] 192.168.1.120 [Port] 55504 [Flags] 2 [Guid] 1062887217 [EditorId] 1062887217 [Version] 1048832 [Id] WindowsEditor(7,DESKTOP-5Q8KTV3) [Debug] 1 [PackageName] WindowsEditor [ProjectName] Editor" 

Player connection [27740] Host joined multi-casting on [225.0.0.222:54997]...
Player connection [27740] Host joined alternative multi-casting on [225.0.0.222:34997]...
Input System module state changed to: Initialized.
[Physics::Module] Initialized fallback backend.
[Physics::Module] Id: 0xdecafbad
[Package Manager] Connected to IPC stream "Upm-26664" after 1.1 seconds.
[Licensing::Module] Licensing is not yet initialized.
[Licensing::Client] Error: HandshakeResponse reported an error:
	ResponseCode: 505
	ResponseStatus: Unsupported protocol version '1.18.1'.
[Licensing::Module] Error: Failed to handshake to channel: "LicenseClient-AZAD"
[Licensing::IpcConnector] LicenseClient-AZAD channel disconnected successfully.
[Licensing::IpcConnector] Channel LicenseClient-AZAD-6000.5.5 doesn't exist
[Licensing::Module] Successfully launched the LicensingClient (PId: 21616)
Starting IPC server.
Waiting for clients to connect on \\.\pipe\Unity-LicenseClient-AZAD-6000.5.5, press Ctrl-C to exit.
[Licensing::IpcConnector] Successfully connected to: "LicenseClient-AZAD-6000.5.5" at "2026-08-08T22:56:07.2958577Z"
[Licensing::Client] Code 10 while verifying Licensing Client signature (process Id: 21616, path: "C:/Program Files/Unity/Hub/Editor/6000.5.5f1/Editor/Data/Resources/Licensing/Client/Unity.Licensing.Client.exe")
[Licensing::Module] LicensingClient has failed validation; ignoring
[Licensing::Client] Handshaking with LicensingClient:
  Version:                 1.18.1+9fbee8e
  Session Id:              8dd31fc49992432a91c18419a9339189
  Correlation Id:          3485504c3629a6f67955cac4ceefabbb
  External correlation Id: 4801383070917831740
  Machine Id:              G92RV5RiAAKG9o/aK7i8JaEK2Kc=
[Licensing::Module] Successfully connected to LicensingClient on channel: "LicenseClient-AZAD-6000.5.5" (connect: 1.29s, validation: 0.31s, handshake: 0.07s)
[Licensing::IpcConnector] Successfully connected to: "LicenseClient-AZAD-6000.5.5-notifications" at "2026-08-08T22:56:07.6698671Z"
[Licensing::Module] Connected to LicensingClient (PId: 21616, launch time: 0.01, total connection time: 1.66s)
[Licensing::Client] Successfully updated the access token
[Licensing::Module] Successfully updated the access token Q7Hl4wr3Lu...
[Licensing::Client] Successfully resolved entitlement details
[Licensing::Module] License group:
  Id: 18967232862240-UnityPersXXXX
  Product: Unity Personal
  Type: Assigned
  Expiration: Unlimited
[Licensing::Client] Successfully updated license, isAsync: True, time: 0.02
[Licensing::Client] Successfully resolved entitlement details
[Licensing::Module] Licensing Background thread has ended after 5.37s
[Licensing::Module] Licensing is initialized (took 3.88s).
[Licensing::Client] Successfully resolved entitlement details
Library Redirect Path: Library/
Cannot upgrade database Library/SourceAssetDB. Will delete the database and recreate content in the new format instead.Cannot upgrade database Library/ArtifactDB. Will delete the database and recreate content in the new format instead.[Physics::Module] Selected backend.
[Physics::Module] Name: PhysX
[Physics::Module] Id: 0xf2b8ea05
[Physics::Module] SDK Version: 4.1.2
[Physics::Module] Integration Version: 1.0.0
[Physics::Module] Threading Mode: Multi-Threaded
[Licensing::Client] Successfully resolved entitlement details
Targeting platform: Android
Initialize engine version: 6000.5.5f1 (d16e074b49fd)
[Subsystems] Discovering subsystems at path C:/Program Files/Unity/Hub/Editor/6000.5.5f1/Editor/Data/Resources/UnitySubsystems
[Subsystems] Discovering subsystems at path D:/Git/Hyper-Casual-Runner/Assets
GfxDevice: creating device client; kGfxThreadingModeThreaded
Direct3D:
    Version:  Direct3D 11.0 [level 11.1]
    Renderer: NVIDIA GeForce RTX 2070 with Max-Q Design (ID=0x1f50)
    Vendor:   NVIDIA
    VRAM:     8006 MB
    Driver:   32.0.16.1074
Initialize mono
Mono path[0] = 'C:/Program Files/Unity/Hub/Editor/6000.5.5f1/Editor/Data/Managed'
Mono path[1] = 'C:/Program Files/Unity/Hub/Editor/6000.5.5f1/Editor/Data/BCLExtensions/runtime/netstandard2.1'
Mono path[2] = 'C:/Program Files/Unity/Hub/Editor/6000.5.5f1/Editor/Data/MonoBleedingEdge/lib/mono/unityjit-win32'
Mono config path = 'C:/Program Files/Unity/Hub/Editor/6000.5.5f1/Editor/Data/MonoBleedingEdge/etc'
Using monoOptions --debugger-agent=transport=dt_socket,embedding=1,server=y,suspend=n,address=127.0.0.1:56664
CodeReloadManager initialized
ImportWorker Server TCP listen port: 0
AcceleratorClientConnectionCallback - disconnected - :0
Begin MonoManager ReloadAssembly
Registering precompiled unity dll's ...
Register platform support module: C:/Program Files/Unity/Hub/Editor/6000.5.5f1/Editor/Data/PlaybackEngines/WebGLSupport/UnityEditor.WebGL.Extensions.dll
Register platform support module: C:/Program Files/Unity/Hub/Editor/6000.5.5f1/Editor/Data/PlaybackEngines/WindowsStandaloneSupport/UnityEditor.WindowsStandalone.Extensions.dll
[Licensing::Client] Successfully resolved entitlement details
Register platform support module: C:/Program Files/Unity/Hub/Editor/6000.5.5f1/Editor/Data/PlaybackEngines/MetroSupport/UnityEditor.UWP.Extensions.dll
Register platform support module: C:/Program Files/Unity/Hub/Editor/6000.5.5f1/Editor/Data/PlaybackEngines/AndroidPlayer/UnityEditor.Android.Extensions.dll
[Licensing::Client] Successfully resolved entitlement details
Register platform support module: C:/Program Files/Unity/Hub/Editor/6000.5.5f1/Editor/Data/PlaybackEngines/iOSSupport/UnityEditor.iOS.Extensions.dll
Registered in 0.039675 seconds.
[usbmuxd] Start listen thread
[usbmuxd] Listen thread started
Native extension for iOS target not found
Native extension for Android target not found
Native extension for UWP target not found
Native extension for WindowsStandalone target not found
Native extension for WebGL target not found
Package Manager log level set to [2]
ScheduleIndexationOnStartup MainProcess:False IndexOnStartup:True
Mono: successfully reloaded assembly
- Finished resetting the current domain, in  1.113 seconds
Domain Reload Profiling: 2285ms
	BeginReloadAssembly (253ms)
		CreateAndSetChildDomain (7ms)
	RebuildCommonClasses (9ms)
	RebuildNativeTypeToScriptingClass (39ms)
	initialDomainReloadingComplete (162ms)
	LoadAllAssembliesAndSetupDomain (706ms)
		LoadAssemblies (250ms)
		AnalyzeDomain (515ms)
			TypeCache.Refresh (513ms)
				TypeCache.ScanAssembly (472ms)
	FinalizeReload (1116ms)
		SetupLoadedEditorAssemblies (0ms)
			InitializePlatformSupportModulesInManaged (161ms)
			BeforeProcessingInitializeOnLoad (196ms)
			ProcessInitializeOnLoadAttributes (375ms)
			ProcessInitializeOnLoadMethodAttributes (230ms)
[Licensing::Client] Successfully resolved entitlement details
[Licensing::Client] Successfully resolved entitlement details
Application.AssetDatabase Initial Refresh Start
Packages were changed.
Update Mode: updateDependencies

The following packages were added:
  com.unity.modules.physicscore2d@1.0.0
The following packages were updated:
  com.unity.entities from version 1.3.2 to 6.5.0
  com.unity.entities.graphics from version 1.3.2 to 6.5.0
  com.unity.2d.psdimporter from version 12.0.2 to 14.0.3
  com.unity.collab-proxy from version 2.12.4 to 2.13.3
  com.unity.services.levelplay from version 8.10.1 to 8.10.2
  com.unity.ugui from version 2.0.0 to 2.5.0
The following packages were removed:
  com.unity.modules.vr@1.0.0
[Package Manager] Done resolving packages in 31.60 seconds
[Licensing::Client] Successfully resolved entitlement details
[Package Manager] Lock file was modified
[Package Manager] Registered 74 packages:
  Packages from [https://packages.unity.com]:
    com.unity.2d.psdimporter@14.0.3 (location: D:\Git\Hyper-Casual-Runner\Library\PackageCache\com.unity.2d.psdimporter@5d82044f9e43)
    com.unity.collab-proxy@2.13.3 (location: D:\Git\Hyper-Casual-Runner\Library\PackageCache\com.unity.collab-proxy@4f3be89e8675)
    com.unity.device-simulator.devices@1.0.1 (location: D:\Git\Hyper-Casual-Runner\Library\PackageCache\com.unity.device-simulator.devices@2af643ceec84)
    com.unity.probuilder@6.1.2 (location: D:\Git\Hyper-Casual-Runner\Library\PackageCache\com.unity.probuilder@8be9724b2335)
    com.unity.services.levelplay@8.10.2 (location: D:\Git\Hyper-Casual-Runner\Library\PackageCache\com.unity.services.levelplay@1a1e0681a085)
    com.unity.timeline@1.8.12 (location: D:\Git\Hyper-Casual-Runner\Library\PackageCache\com.unity.timeline@8cd8509afae5)
    com.unity.visualscripting@1.9.11 (location: D:\Git\Hyper-Casual-Runner\Library\PackageCache\com.unity.visualscripting@8bed5ad90189)
    com.unity.services.core@1.18.0 (location: D:\Git\Hyper-Casual-Runner\Library\PackageCache\com.unity.services.core@3464cb68d709)
    com.unity.settings-manager@2.1.1 (location: D:\Git\Hyper-Casual-Runner\Library\PackageCache\com.unity.settings-manager@0b8638c5ce86)
    com.unity.ide.visualstudio@2.0.26 (location: D:\Git\Hyper-Casual-Runner\Library\PackageCache\com.unity.ide.visualstudio@a99d56dec63f)
    com.unity.ide.rider@3.0.40 (location: D:\Git\Hyper-Casual-Runner\Library\PackageCache\com.unity.ide.rider@e4950c6d131b)
    com.unity.editorcoroutines@1.1.0 (location: D:\Git\Hyper-Casual-Runner\Library\PackageCache\com.unity.editorcoroutines@87a15ed012c2)
    com.unity.performance.profile-analyzer@1.4.0 (location: D:\Git\Hyper-Casual-Runner\Library\PackageCache\com.unity.performance.profile-analyzer@2bb26871883c)
    com.unity.testtools.codecoverage@1.3.0 (location: D:\Git\Hyper-Casual-Runner\Library\PackageCache\com.unity.testtools.codecoverage@19a841221620)
    com.unity.burst@1.8.29 (location: D:\Git\Hyper-Casual-Runner\Library\PackageCache\com.unity.burst@6bb9aca3ef38)
    com.unity.nuget.mono-cecil@1.11.6 (location: D:\Git\Hyper-Casual-Runner\Library\PackageCache\com.unity.nuget.mono-cecil@ecb9724e46ff)
    com.unity.profiling.core@1.0.3 (location: D:\Git\Hyper-Casual-Runner\Library\PackageCache\com.unity.profiling.core@8a49f7027d06)
    com.unity.scriptablebuildpipeline@2.6.1 (location: D:\Git\Hyper-Casual-Runner\Library\PackageCache\com.unity.scriptablebuildpipeline@36e3b5898ee2)
    com.unity.test-framework.performance@3.5.0 (location: D:\Git\Hyper-Casual-Runner\Library\PackageCache\com.unity.test-framework.performance@8b56083ec0f0)
    com.unity.2d.common@14.0.1 (location: D:\Git\Hyper-Casual-Runner\Library\PackageCache\com.unity.2d.common@73badf92ba8b)
    com.unity.nuget.newtonsoft-json@3.2.2 (location: D:\Git\Hyper-Casual-Runner\Library\PackageCache\com.unity.nuget.newtonsoft-json@4dfd81071c64)
    com.unity.searcher@4.9.4 (location: D:\Git\Hyper-Casual-Runner\Library\PackageCache\com.unity.searcher@d45a78918735)
  Built-in packages:
    com.unity.entities@6.5.0 (location: D:\Git\Hyper-Casual-Runner\Library\PackageCache\com.unity.entities@7c40ffdd1a69)
    com.unity.entities.graphics@6.5.0 (location: D:\Git\Hyper-Casual-Runner\Library\PackageCache\com.unity.entities.graphics@d145f0960701)
    com.unity.feature.development@1.0.2 (location: D:\Git\Hyper-Casual-Runner\Library\PackageCache\com.unity.feature.development@767aadbc6eb7)
    com.unity.multiplayer.center@1.0.1 (location: D:\Git\Hyper-Casual-Runner\Library\PackageCache\com.unity.multiplayer.center@b860850997d0)
    com.unity.ugui@2.5.0 (location: D:\Git\Hyper-Casual-Runner\Library\PackageCache\com.unity.ugui@f2d87ebaaa32)
    com.unity.modules.accessibility@1.0.0 (location: D:\Git\Hyper-Casual-Runner\Library\PackageCache\com.unity.modules.accessibility)
    com.unity.modules.adaptiveperformance@1.0.0 (location: D:\Git\Hyper-Casual-Runner\Library\PackageCache\com.unity.modules.adaptiveperformance)
    com.unity.modules.ai@1.0.0 (location: D:\Git\Hyper-Casual-Runner\Library\PackageCache\com.unity.modules.ai)
    com.unity.modules.androidjni@1.0.0 (location: D:\Git\Hyper-Casual-Runner\Library\PackageCache\com.unity.modules.androidjni)
    com.unity.modules.animation@1.0.0 (location: D:\Git\Hyper-Casual-Runner\Library\PackageCache\com.unity.modules.animation)
    com.unity.modules.assetbundle@1.0.0 (location: D:\Git\Hyper-Casual-Runner\Library\PackageCache\com.unity.modules.assetbundle)
    com.unity.modules.audio@1.0.0 (location: D:\Git\Hyper-Casual-Runner\Library\PackageCache\com.unity.modules.audio)
    com.unity.modules.cloth@1.0.0 (location: D:\Git\Hyper-Casual-Runner\Library\PackageCache\com.unity.modules.cloth)
    com.unity.modules.director@1.0.0 (location: D:\Git\Hyper-Casual-Runner\Library\PackageCache\com.unity.modules.director)
    com.unity.modules.imageconversion@1.0.0 (location: D:\Git\Hyper-Casual-Runner\Library\PackageCache\com.unity.modules.imageconversion)
    com.unity.modules.imgui@1.0.0 (location: D:\Git\Hyper-Casual-Runner\Library\PackageCache\com.unity.modules.imgui)
    com.unity.modules.jsonserialize@1.0.0 (location: D:\Git\Hyper-Casual-Runner\Library\PackageCache\com.unity.modules.jsonserialize)
    com.unity.modules.particlesystem@1.0.0 (location: D:\Git\Hyper-Casual-Runner\Library\PackageCache\com.unity.modules.particlesystem)
    com.unity.modules.physics@1.0.0 (location: D:\Git\Hyper-Casual-Runner\Library\PackageCache\com.unity.modules.physics)
    com.unity.modules.physics2d@1.0.0 (location: D:\Git\Hyper-Casual-Runner\Library\PackageCache\com.unity.modules.physics2d)
    com.unity.modules.physicscore2d@1.0.0 (location: D:\Git\Hyper-Casual-Runner\Library\PackageCache\com.unity.modules.physicscore2d)
    com.unity.modules.screencapture@1.0.0 (location: D:\Git\Hyper-Casual-Runner\Library\PackageCache\com.unity.modules.screencapture)
    com.unity.modules.terrain@1.0.0 (location: D:\Git\Hyper-Casual-Runner\Library\PackageCache\com.unity.modules.terrain)
    com.unity.modules.terrainphysics@1.0.0 (location: D:\Git\Hyper-Casual-Runner\Library\PackageCache\com.unity.modules.terrainphysics)
    com.unity.modules.tilemap@1.0.0 (location: D:\Git\Hyper-Casual-Runner\Library\PackageCache\com.unity.modules.tilemap)
    com.unity.modules.ui@1.0.0 (location: D:\Git\Hyper-Casual-Runner\Library\PackageCache\com.unity.modules.ui)
    com.unity.modules.uielements@1.0.0 (location: D:\Git\Hyper-Casual-Runner\Library\PackageCache\com.unity.modules.uielements)
    com.unity.modules.umbra@1.0.0 (location: D:\Git\Hyper-Casual-Runner\Library\PackageCache\com.unity.modules.umbra)
    com.unity.modules.unityanalytics@1.0.0 (location: D:\Git\Hyper-Casual-Runner\Library\PackageCache\com.unity.modules.unityanalytics)
    com.unity.modules.unitywebrequest@1.0.0 (location: D:\Git\Hyper-Casual-Runner\Library\PackageCache\com.unity.modules.unitywebrequest)
    com.unity.modules.unitywebrequestassetbundle@1.0.0 (location: D:\Git\Hyper-Casual-Runner\Library\PackageCache\com.unity.modules.unitywebrequestassetbundle)
    com.unity.modules.unitywebrequestaudio@1.0.0 (location: D:\Git\Hyper-Casual-Runner\Library\PackageCache\com.unity.modules.unitywebrequestaudio)
    com.unity.modules.unitywebrequesttexture@1.0.0 (location: D:\Git\Hyper-Casual-Runner\Library\PackageCache\com.unity.modules.unitywebrequesttexture)
    com.unity.modules.unitywebrequestwww@1.0.0 (location: D:\Git\Hyper-Casual-Runner\Library\PackageCache\com.unity.modules.unitywebrequestwww)
    com.unity.modules.vectorgraphics@1.0.0 (location: D:\Git\Hyper-Casual-Runner\Library\PackageCache\com.unity.modules.vectorgraphics)
    com.unity.modules.vehicles@1.0.0 (location: D:\Git\Hyper-Casual-Runner\Library\PackageCache\com.unity.modules.vehicles)
    com.unity.modules.video@1.0.0 (location: D:\Git\Hyper-Casual-Runner\Library\PackageCache\com.unity.modules.video)
    com.unity.modules.wind@1.0.0 (location: D:\Git\Hyper-Casual-Runner\Library\PackageCache\com.unity.modules.wind)
    com.unity.modules.xr@1.0.0 (location: D:\Git\Hyper-Casual-Runner\Library\PackageCache\com.unity.modules.xr)
    com.unity.modules.subsystems@1.0.0 (location: D:\Git\Hyper-Casual-Runner\Library\PackageCache\com.unity.modules.subsystems)
    com.unity.modules.hierarchycore@1.0.0 (location: D:\Git\Hyper-Casual-Runner\Library\PackageCache\com.unity.modules.hierarchycore)
    com.unity.shadergraph@17.5.0 (location: D:\Git\Hyper-Casual-Runner\Library\PackageCache\com.unity.shadergraph@8d7376ec43ee)
    com.unity.test-framework@1.7.0 (location: D:\Git\Hyper-Casual-Runner\Library\PackageCache\com.unity.test-framework@1405238725ab)
    com.unity.render-pipelines.core@17.5.0 (location: D:\Git\Hyper-Casual-Runner\Library\PackageCache\com.unity.render-pipelines.core@b19a46951e65)
    com.unity.collections@6.5.0 (location: D:\Git\Hyper-Casual-Runner\Library\PackageCache\com.unity.collections@a43cabe808ca)
    com.unity.serialization@6.5.0 (location: D:\Git\Hyper-Casual-Runner\Library\PackageCache\com.unity.serialization@b2610f80ff18)
    com.unity.modules.hierarchy@1.0.0 (location: D:\Git\Hyper-Casual-Runner\Library\PackageCache\com.unity.modules.hierarchy)
    com.unity.2d.sprite@1.0.0 (location: D:\Git\Hyper-Casual-Runner\Library\PackageCache\com.unity.2d.sprite@053a968eab56)
    com.unity.2d.tilemap@1.0.0 (location: D:\Git\Hyper-Casual-Runner\Library\PackageCache\com.unity.2d.tilemap@b959501fd678)
    com.unity.ext.nunit@2.1.0 (location: D:\Git\Hyper-Casual-Runner\Library\PackageCache\com.unity.ext.nunit@44f7d31723bd)
    com.unity.mathematics@1.4.0 (location: D:\Git\Hyper-Casual-Runner\Library\PackageCache\com.unity.mathematics@981956d94fb6)
  Local packages:
    com.prototypes.unity3d-mcp@file:D:\Git\Useful-Houdini-Stuff\Unity\Unity3DMCP\UnityPackage (location: D:\Git\Useful-Houdini-Stuff\Unity\Unity3DMCP\UnityPackage)
[Subsystems] No new subsystems found in resolved package list.
[Package Manager] Done registering packages in 0.00 seconds
GUID [32129ba1cff58de4a93d087ffb391fd4] for asset 'Assets/Scenes/Level 2.unity.meta' conflicts with:
  'Assets/Scenes/Level 3.unity.meta'
Assigning a new guid.
GUID [32129ba1cff58de4a93d087ffb391fd4] for asset 'Assets/Scenes/Level 3.unity.meta' conflicts with:
  'Assets/Scenes/Level 2.unity.meta'
Assigning a new guid.
Directory monitor buffer overflow for 'Packages'Next Refresh will do full enumeration.AcceleratorClientConnectionCallback - disconnected - :0
Assembly reference Packages/com.unity.entities/Unity.Scenes.Editor/Internals/Properties/Unity.Properties.Internals.asmref has no target assembly definition
Assembly reference Packages/com.unity.entities/Unity.Scenes.Editor/Internals/Properties/Unity.Properties.Internals.asmref has no target assembly definition
[API Updater] Failed to read assembly dependency graph (Library/APIUpdater/project-dependencies.graph). Message: Invalid signature (20-00-00-00) found (Expected: 55-41-44-47).

DependencyGraph file is either corrupted or from a previous version of Unity. If you observe inexplicable runtime/compilation errors, please delete `Library/` folder and reopen the project.
[API Updater] Processing imported assemblies took 501 ms (16/16 assembly(ies)).
Directory monitor buffer overflow for 'Packages'Next Refresh will do full enumeration.Directory monitor buffer overflow for 'Packages'Next Refresh will do full enumeration.Directory monitor buffer overflow for 'Packages'Next Refresh will do full enumeration.Directory monitor buffer overflow for 'Packages'Next Refresh will do full enumeration.Directory monitor buffer overflow for 'Packages'Next Refresh will do full enumeration.Directory monitor buffer overflow for 'Packages'Next Refresh will do full enumeration.Directory monitor buffer overflow for 'Packages'Next Refresh will do full enumeration.[Licensing::Client] Successfully resolved entitlement details
Directory monitor buffer overflow for 'Packages'Next Refresh will do full enumeration.Directory monitor buffer overflow for 'Packages'Next Refresh will do full enumeration.Directory monitor buffer overflow for 'Packages'Next Refresh will do full enumeration.Directory monitor buffer overflow for 'Packages'Next Refresh will do full enumeration.Directory monitor buffer overflow for 'Packages'Next Refresh will do full enumeration.Directory monitor buffer overflow for 'Packages'Next Refresh will do full enumeration.Directory monitor buffer overflow for 'Packages'Next Refresh will do full enumeration.Directory monitor buffer overflow for 'Packages'Next Refresh will do full enumeration.Directory monitor buffer overflow for 'Packages'Next Refresh will do full enumeration.[Licensing::Client] Successfully resolved entitlement details
[Licensing::Client] Successfully resolved entitlement details
[Licensing::Client] Successfully resolved entitlement details
[Licensing::Client] Successfully resolved entitlement details
[Licensing::Client] Successfully resolved entitlement details
[Licensing::Client] Successfully resolved entitlement details
[Licensing::Client] Successfully resolved entitlement details
[Licensing::Client] Successfully resolved entitlement details
[Licensing::Client] Successfully resolved entitlement details
[Licensing::Client] Successfully resolved entitlement details
[Licensing::Client] Successfully resolved entitlement details
[Licensing::Client] Successfully resolved entitlement details
[Licensing::Client] Successfully resolved entitlement details
[Licensing::Client] Successfully resolved entitlement details
[Licensing::Client] Successfully resolved entitlement details
Filename: C:\Program Files\Unity\Hub\Editor\6000.5.5f1\Editor\Data\DotNetSdk\dotnet.exe
Filename: C:\Program Files\Unity\Hub\Editor\6000.5.5f1\Editor\Data\DotNetSdk\dotnet.exe
Arguments: "C:/Program Files/Unity/Hub/Editor/6000.5.5f1/Editor/Data/Tools/BuildPipeline/Compilation/ApiUpdater/AssemblyUpdater.dll" update -a "Assets/ExternalDependencyManager/Editor/1.2.176/Google.JarResolver.dll" --output "C:/Users/AZAD/AppData/Local/Temp/tmp2db757d0.tmp" --api-version 6000.5.5f1  -s "C:\Program Files\Unity\Hub\Editor\6000.5.5f1\Editor\Data\NetStandard\ref\2.1.0;C:\Program Files\Unity\Hub\Editor\6000.5.5f1\Editor\Data\NetStandard\compat\2.1.0\shims\netstandard;C:\Program Files\Unity\Hub\Editor\6000.5.5f1\Editor\Data\NetStandard\compat\2.1.0\shims\netfx;+D:/Git/Hyper-Casual-Runner/Assets;+D:\Git\Useful-Houdini-Stuff\Unity\Unity3DMCP\UnityPackage;+D:\Git\Hyper-Casual-Runner\Library\PackageCache\com.unity.2d.psdimporter@5d82044f9e43;+D:\Git\Hyper-Casual-Runner\Library\PackageCache\com.unity.collab-proxy@4f3be89e8675;+D:\Git\Hyper-Casual-Runner\Library\PackageCache\com.unity.device-simulator.devices@2af643ceec84;+D:\Git\Hyper-Casual-Runner\Library\PackageCache\com.unity.entities@7c40ffdd1a69;+D:\Git\Hyper-Casual-Runner\Library\PackageCache\com.unity.entities.graphics@d145f0960701;+D:\Git\Hyper-Casual-Runner\Library\PackageCache\com.unity.feature.development@767aadbc6eb7;+D:\Git\Hyper-Casual-Runner\Library\PackageCache\com.unity.multiplayer.center@b860850997d0;+D:\Git\Hyper-Casual-Runner\Library\PackageCache\com.unity.probuilder@8be9724b2335;+D:\Git\Hyper-Casual-Runner\Library\PackageCache\com.unity.services.levelplay@1a1e0681a085;+D:\Git\Hyper-Casual-Runner\Library\PackageCache\com.unity.timeline@8cd8509afae5;+D:\Git\Hyper-Casual-Runner\Library\PackageCache\com.unity.ugui@f2d87ebaaa32;+D:\Git\Hyper-Casual-Runner\Library\PackageCache\com.unity.visualscripting@8bed5ad90189;+D:\Git\Hyper-Casual-Runner\Library\PackageCache\com.unity.modules.accessibility;+D:\Git\Hyper-Casual-Runner\Library\PackageCache\com.unity.modules.adaptiveperformance;+D:\Git\Hyper-Casual-Runner\Library\PackageCache\com.unity.modules.ai;+D:\Git\Hyper-Casual-Runner\Library\PackageCache\com.unity.modules.androidjni;+D:\Git\Hyper-Casual-Runner\Library\PackageCache\com.unity.modules.animation;+D:\Git\Hyper-Casual-Runner\Library\PackageCache\com.unity.modules.assetbundle;+D:\Git\Hyper-Casual-Runner\Library\PackageCache\com.unity.modules.audio;+D:\Git\Hyper-Casual-Runner\Library\PackageCache\com.unity.modules.cloth;+D:\Git\Hyper-Casual-Runner\Library\PackageCache\com.unity.modules.director;+D:\Git\Hyper-Casual-Runner\Library\PackageCache\com.unity.modules.imageconversion;+D:\Git\Hyper-Casual-Runner\Library\PackageCache\com.unity.modules.imgui;+D:\Git\Hyper-Casual-Runner\Library\PackageCache\com.unity.modules.jsonserialize;+D:\Git\Hyper-Casual-Runner\Library\PackageCache\com.unity.modules.particlesystem;+D:\Git\Hyper-Casual-Runner\Library\PackageCache\com.unity.modules.physics;+D:\Git\Hyper-Casual-Runner\Library\PackageCache\com.unity.modules.physics2d;+D:\Git\Hyper-Casual-Runner\Library\PackageCache\com.unity.modules.physicscore2d;+D:\Git\Hyper-Casual-Runner\Library\PackageCache\com.unity.modules.screencapture;+D:\Git\Hyper-Casual-Runner\Library\PackageCache\com.unity.modules.terrain;+D:\Git\Hyper-Casual-Runner\Library\PackageCache\com.unity.modules.terrainphysics;+D:\Git\Hyper-Casual-Runner\Library\PackageCache\com.unity.modules.tilemap;+D:\Git\Hyper-Casual-Runner\Library\PackageCache\com.unity.modules.ui;+D:\Git\Hyper-Casual-Runner\Library\PackageCache\com.unity.modules.uielements;+D:\Git\Hyper-Casual-Runner\Library\PackageCache\com.unity.modules.umbra;+D:\Git\Hyper-Casual-Runner\Library\PackageCache\com.unity.modules.unityanalytics;+D:\Git\Hyper-Casual-Runner\Library\PackageCache\com.unity.modules.unitywebrequest;+D:\Git\Hyper-Casual-Runner\Library\PackageCache\com.unity.modules.unitywebrequestassetbundle;+D:\Git\Hyper-Casual-Runner\Library\PackageCache\com.unity.modules.unitywebrequestaudio;+D:\Git\Hyper-Casual-Runner\Library\PackageCache\com.unity.modules.unitywebrequesttexture;+D:\Git\Hyper-Casual-Runner\Library\PackageCache\com.unity.modules.unitywebrequestwww;+D:\Git\Hyper-Casual-Runner\Library\PackageCache\com.unity.modules.vectorgraphics;+D:\Git\Hyper-Casual-Runner\Library\PackageCache\com.unity.modules.vehicles;+D:\Git\Hyper-Casual-Runner\Library\PackageCache\com.unity.modules.video;+D:\Git\Hyper-Casual-Runner\Library\PackageCache\com.unity.modules.wind;+D:\Git\Hyper-Casual-Runner\Library\PackageCache\com.unity.modules.xr;+D:\Git\Hyper-Casual-Runner\Library\PackageCache\com.unity.modules.subsystems;+D:\Git\Hyper-Casual-Runner\Library\PackageCache\com.unity.modules.hierarchycore;+D:\Git\Hyper-Casual-Runner\Library\PackageCache\com.unity.services.core@3464cb68d709;+D:\Git\Hyper-Casual-Runner\Library\PackageCache\com.unity.shadergraph@8d7376ec43ee;+D:\Git\Hyper-Casual-Runner\Library\PackageCache\com.unity.settings-manager@0b8638c5ce86;+D:\Git\Hyper-Casual-Runner\Library\PackageCache\com.unity.ide.visualstudio@a99d56dec63f;+D:\Git\Hyper-Casual-Runner\Library\PackageCache\com.unity.ide.rider@e4950c6d131b;+D:\Git\Hyper-Casual-Runner\Library\PackageCache\com.unity.editorcoroutines@87a15ed012c2;+D:\Git\Hyper-Casual-Runner\Library\PackageCache\com.unity.performance.profile-analyzer@2bb26871883c;+D:\Git\Hyper-Casual-Runner\Library\PackageCache\com.unity.test-framework@1405238725ab;+D:\Git\Hyper-Casual-Runner\Library\PackageCache\com.unity.testtools.codecoverage@19a841221620;+D:\Git\Hyper-Casual-Runner\Library\PackageCache\com.unity.render-pipelines.core@b19a46951e65;+D:\Git\Hyper-Casual-Runner\Library\PackageCache\com.unity.burst@6bb9aca3ef38;+D:\Git\Hyper-Casual-Runner\Library\PackageCache\com.unity.collections@a43cabe808ca;+D:\Git\Hyper-Casual-Runner\Library\PackageCache\com.unity.nuget.mono-cecil@ecb9724e46ff;+D:\Git\Hyper-Casual-Runner\Library\PackageCache\com.unity.profiling.core@8a49f7027d06;+D:\Git\Hyper-Casual-Runner\Library\PackageCache\com.unity.scriptablebuildpipeline@36e3b5898ee2;+D:\Git\Hyper-Casual-Runner\Library\PackageCache\com.unity.serialization@b2610f80ff18;+D:\Git\Hyper-Casual-Runner\Library\PackageCache\com.unity.test-framework.performance@8b56083ec0f0;+D:\Git\Hyper-Casual-Runner\Library\PackageCache\com.unity.modules.hierarchy;+D:\Git\Hyper-Casual-Runner\Library\PackageCache\com.unity.2d.common@73badf92ba8b;+D:\Git\Hyper-Casual-Runner\Library\PackageCache\com.unity.2d.sprite@053a968eab56;+D:\Git\Hyper-Casual-Runner\Library\PackageCache\com.unity.2d.tilemap@b959501fd678;+D:\Git\Hyper-Casual-Runner\Library\PackageCache\com.unity.nuget.newtonsoft-json@4dfd81071c64;+D:\Git\Hyper-Casual-Runner\Library\PackageCache\com.unity.searcher@d45a78918735;+D:\Git\Hyper-Casual-Runner\Library\PackageCache\com.unity.ext.nunit@44f7d31723bd;+D:\Git\Hyper-Casual-Runner\Library\PackageCache\com.unity.mathematics@981956d94fb6;Library/ScriptAssemblies;+C:\Program Files\Unity\Hub\Editor\6000.5.5f1\Editor\Data\Managed\UnityEngine;+C:\Program Files\Unity\Hub\Editor\6000.5.5f1\Editor\Data\Managed" "C:/Program Files/Unity/Hub/Editor/6000.5.5f1/Editor/Data/Managed/UnityEngine/UnityEngine.CoreModule.dll" "C:/Program Files/Unity/Hub/Editor/6000.5.5f1/Editor/Data/Managed/UnityEditor.dll" "C:/Program Files/Unity/Hub/Editor/6000.5.5f1/Editor/Data/Managed/UnityEngine/UnityEngine.IMGUIModule.dll"
Filename: C:\Program Files\Unity\Hub\Editor\6000.5.5f1\Editor\Data\DotNetSdk\dotnet.exe
Arguments: "C:/Program Files/Unity/Hub/Editor/6000.5.5f1/Editor/Data/Tools/BuildPipeline/Compilation/ApiUpdater/AssemblyUpdater.dll" update -a "Assets/GoogleMobileAds/GoogleMobileAds.Ump.dll" --output "C:/Users/AZAD/AppData/Local/Temp/tmp7c99be17.tmp" --api-version 6000.5.5f1  -s "C:\Program Files\Unity\Hub\Editor\6000.5.5f1\Editor\Data\NetStandard\ref\2.1.0;C:\Program Files\Unity\Hub\Editor\6000.5.5f1\Editor\Data\NetStandard\compat\2.1.0\shims\netstandard;C:\Program Files\Unity\Hub\Editor\6000.5.5f1\Editor\Data\NetStandard\compat\2.1.0\shims\netfx;+D:/Git/Hyper-Casual-Runner/Assets;+D:\Git\Useful-Houdini-Stuff\Unity\Unity3DMCP\UnityPackage;+D:\Git\Hyper-Casual-Runner\Library\PackageCache\com.unity.2d.psdimporter@5d82044f9e43;+D:\Git\Hyper-Casual-Runner\Library\PackageCache\com.unity.collab-proxy@4f3be89e8675;+D:\Git\Hyper-Casual-Runner\Library\PackageCache\com.unity.device-simulator.devices@2af643ceec84;+D:\Git\Hyper-Casual-Runner\Library\PackageCache\com.unity.entities@7c40ffdd1a69;+D:\Git\Hyper-Casual-Runner\Library\PackageCache\com.unity.entities.graphics@d145f0960701;+D:\Git\Hyper-Casual-Runner\Library\PackageCache\com.unity.feature.development@767aadbc6eb7;+D:\Git\Hyper-Casual-Runner\Library\PackageCache\com.unity.multiplayer.center@b860850997d0;+D:\Git\Hyper-Casual-Runner\Library\PackageCache\com.unity.probuilder@8be9724b2335;+D:\Git\Hyper-Casual-Runner\Library\PackageCache\com.unity.services.levelplay@1a1e0681a085;+D:\Git\Hyper-Casual-Runner\Library\PackageCache\com.unity.timeline@8cd8509afae5;+D:\Git\Hyper-Casual-Runner\Library\PackageCache\com.unity.ugui@f2d87ebaaa32;+D:\Git\Hyper-Casual-Runner\Library\PackageCache\com.unity.visualscripting@8bed5ad90189;+D:\Git\Hyper-Casual-Runner\Library\PackageCache\com.unity.modules.accessibility;+D:\Git\Hyper-Casual-Runner\Library\PackageCache\com.unity.modules.adaptiveperformance;+D:\Git\Hyper-Casual-Runner\Library\PackageCache\com.unity.modules.ai;+D:\Git\Hyper-Casual-Runner\Library\PackageCache\com.unity.modules.androidjni;+D:\Git\Hyper-Casual-Runner\Library\PackageCache\com.unity.modules.animation;+D:\Git\Hyper-Casual-Runner\Library\PackageCache\com.unity.modules.assetbundle;+D:\Git\Hyper-Casual-Runner\Library\PackageCache\com.unity.modules.audio;+D:\Git\Hyper-Casual-Runner\Library\PackageCache\com.unity.modules.cloth;+D:\Git\Hyper-Casual-Runner\Library\PackageCache\com.unity.modules.director;+D:\Git\Hyper-Casual-Runner\Library\PackageCache\com.unity.modules.imageconversion;+D:\Git\Hyper-Casual-Runner\Library\PackageCache\com.unity.modules.imgui;+D:\Git\Hyper-Casual-Runner\Library\PackageCache\com.unity.modules.jsonserialize;+D:\Git\Hyper-Casual-Runner\Library\PackageCache\com.unity.modules.particlesystem;+D:\Git\Hyper-Casual-Runner\Library\PackageCache\com.unity.modules.physics;+D:\Git\Hyper-Casual-Runner\Library\PackageCache\com.unity.modules.physics2d;+D:\Git\Hyper-Casual-Runner\Library\PackageCache\com.unity.modules.physicscore2d;+D:\Git\Hyper-Casual-Runner\Library\PackageCache\com.unity.modules.screencapture;+D:\Git\Hyper-Casual-Runner\Library\PackageCache\com.unity.modules.terrain;+D:\Git\Hyper-Casual-Runner\Library\PackageCache\com.unity.modules.terrainphysics;+D:\Git\Hyper-Casual-Runner\Library\PackageCache\com.unity.modules.tilemap;+D:\Git\Hyper-Casual-Runner\Library\PackageCache\com.unity.modules.ui;+D:\Git\Hyper-Casual-Runner\Library\PackageCache\com.unity.modules.uielements;+D:\Git\Hyper-Casual-Runner\Library\PackageCache\com.unity.modules.umbra;+D:\Git\Hyper-Casual-Runner\Library\PackageCache\com.unity.modules.unityanalytics;+D:\Git\Hyper-Casual-Runner\Library\PackageCache\com.unity.modules.unitywebrequest;+D:\Git\Hyper-Casual-Runner\Library\PackageCache\com.unity.modules.unitywebrequestassetbundle;+D:\Git\Hyper-Casual-Runner\Library\PackageCache\com.unity.modules.unitywebrequestaudio;+D:\Git\Hyper-Casual-Runner\Library\PackageCache\com.unity.modules.unitywebrequesttexture;+D:\Git\Hyper-Casual-Runner\Library\PackageCache\com.unity.modules.unitywebrequestwww;+D:\Git\Hyper-Casual-Runner\Library\PackageCache\com.unity.modules.vectorgraphics;+D:\Git\Hyper-Casual-Runner\Library\PackageCache\com.unity.modules.vehicles;+D:\Git\Hyper-Casual-Runner\Library\PackageCache\com.unity.modules.video;+D:\Git\Hyper-Casual-Runner\Library\PackageCache\com.unity.modules.wind;+D:\Git\Hyper-Casual-Runner\Library\PackageCache\com.unity.modules.xr;+D:\Git\Hyper-Casual-Runner\Library\PackageCache\com.unity.modules.subsystems;+D:\Git\Hyper-Casual-Runner\Library\PackageCache\com.unity.modules.hierarchycore;+D:\Git\Hyper-Casual-Runner\Library\PackageCache\com.unity.services.core@3464cb68d709;+D:\Git\Hyper-Casual-Runner\Library\PackageCache\com.unity.shadergraph@8d7376ec43ee;+D:\Git\Hyper-Casual-Runner\Library\PackageCache\com.unity.settings-manager@0b8638c5ce86;+D:\Git\Hyper-Casual-Runner\Library\PackageCache\com.unity.ide.visualstudio@a99d56dec63f;+D:\Git\Hyper-Casual-Runner\Library\PackageCache\com.unity.ide.rider@e4950c6d131b;+D:\Git\Hyper-Casual-Runner\Library\PackageCache\com.unity.editorcoroutines@87a15ed012c2;+D:\Git\Hyper-Casual-Runner\Library\PackageCache\com.unity.performance.profile-analyzer@2bb26871883c;+D:\Git\Hyper-Casual-Runner\Library\PackageCache\com.unity.test-framework@1405238725ab;+D:\Git\Hyper-Casual-Runner\Library\PackageCache\com.unity.testtools.codecoverage@19a841221620;+D:\Git\Hyper-Casual-Runner\Library\PackageCache\com.unity.render-pipelines.core@b19a46951e65;+D:\Git\Hyper-Casual-Runner\Library\PackageCache\com.unity.burst@6bb9aca3ef38;+D:\Git\Hyper-Casual-Runner\Library\PackageCache\com.unity.collections@a43cabe808ca;+D:\Git\Hyper-Casual-Runner\Library\PackageCache\com.unity.nuget.mono-cecil@ecb9724e46ff;+D:\Git\Hyper-Casual-Runner\Library\PackageCache\com.unity.profiling.core@8a49f7027d06;+D:\Git\Hyper-Casual-Runner\Library\PackageCache\com.unity.scriptablebuildpipeline@36e3b5898ee2;+D:\Git\Hyper-Casual-Runner\Library\PackageCache\com.unity.serialization@b2610f80ff18;+D:\Git\Hyper-Casual-Runner\Library\PackageCache\com.unity.test-framework.performance@8b56083ec0f0;+D:\Git\Hyper-Casual-Runner\Library\PackageCache\com.unity.modules.hierarchy;+D:\Git\Hyper-Casual-Runner\Library\PackageCache\com.unity.2d.common@73badf92ba8b;+D:\Git\Hyper-Casual-Runner\Library\PackageCache\com.unity.2d.sprite@053a968eab56;+D:\Git\Hyper-Casual-Runner\Library\PackageCache\com.unity.2d.tilemap@b959501fd678;+D:\Git\Hyper-Casual-Runner\Library\PackageCache\com.unity.nuget.newtonsoft-json@4dfd81071c64;+D:\Git\Hyper-Casual-Runner\Library\PackageCache\com.unity.searcher@d45a78918735;+D:\Git\Hyper-Casual-Runner\Library\PackageCache\com.unity.ext.nunit@44f7d31723bd;+D:\Git\Hyper-Casual-Runner\Library\PackageCache\com.unity.mathematics@981956d94fb6;Library/ScriptAssemblies;+C:\Program Files\Unity\Hub\Editor\6000.5.5f1\Editor\Data\Managed\UnityEngine" "C:/Program Files/Unity/Hub/Editor/6000.5.5f1/Editor/Data/Managed/UnityEngine/UnityEngine.CoreModule.dll"
Filename: C:\Program Files\Unity\Hub\Editor\6000.5.5f1\Editor\Data\DotNetSdk\dotnet.exe
Arguments: "C:/Program Files/Unity/Hub/Editor/6000.5.5f1/Editor/Data/Tools/BuildPipeline/Compilation/ApiUpdater/AssemblyUpdater.dll" update -a "Assets/ExternalDependencyManager/Editor/1.2.176/Google.VersionHandlerImpl.dll" --output "C:/Users/AZAD/AppData/Local/Temp/tmp7d017aa7.tmp" --api-version 6000.5.5f1  -s "C:\Program Files\Unity\Hub\Editor\6000.5.5f1\Editor\Data\NetStandard\ref\2.1.0;C:\Program Files\Unity\Hub\Editor\6000.5.5f1\Editor\Data\NetStandard\compat\2.1.0\shims\netstandard;C:\Program Files\Unity\Hub\Editor\6000.5.5f1\Editor\Data\NetStandard\compat\2.1.0\shims\netfx;+D:/Git/Hyper-Casual-Runner/Assets;+D:\Git\Useful-Houdini-Stuff\Unity\Unity3DMCP\UnityPackage;+D:\Git\Hyper-Casual-Runner\Library\PackageCache\com.unity.2d.psdimporter@5d82044f9e43;+D:\Git\Hyper-Casual-Runner\Library\PackageCache\com.unity.collab-proxy@4f3be89e8675;+D:\Git\Hyper-Casual-Runner\Library\PackageCache\com.unity.device-simulator.devices@2af643ceec84;+D:\Git\Hyper-Casual-Runner\Library\PackageCache\com.unity.entities@7c40ffdd1a69;+D:\Git\Hyper-Casual-Runner\Library\PackageCache\com.unity.entities.graphics@d145f0960701;+D:\Git\Hyper-Casual-Runner\Library\PackageCache\com.unity.feature.development@767aadbc6eb7;+D:\Git\Hyper-Casual-Runner\Library\PackageCache\com.unity.multiplayer.center@b860850997d0;+D:\Git\Hyper-Casual-Runner\Library\PackageCache\com.unity.probuilder@8be9724b2335;+D:\Git\Hyper-Casual-Runner\Library\PackageCache\com.unity.services.levelplay@1a1e0681a085;+D:\Git\Hyper-Casual-Runner\Library\PackageCache\com.unity.timeline@8cd8509afae5;+D:\Git\Hyper-Casual-Runner\Library\PackageCache\com.unity.ugui@f2d87ebaaa32;+D:\Git\Hyper-Casual-Runner\Library\PackageCache\com.unity.visualscripting@8bed5ad90189;+D:\Git\Hyper-Casual-Runner\Library\PackageCache\com.unity.modules.accessibility;+D:\Git\Hyper-Casual-Runner\Library\PackageCache\com.unity.modules.adaptiveperformance;+D:\Git\Hyper-Casual-Runner\Library\PackageCache\com.unity.modules.ai;+D:\Git\Hyper-Casual-Runner\Library\PackageCache\com.unity.modules.androidjni;+D:\Git\Hyper-Casual-Runner\Library\PackageCache\com.unity.modules.animation;+D:\Git\Hyper-Casual-Runner\Library\PackageCache\com.unity.modules.assetbundle;+D:\Git\Hyper-Casual-Runner\Library\PackageCache\com.unity.modules.audio;+D:\Git\Hyper-Casual-Runner\Library\PackageCache\com.unity.modules.cloth;+D:\Git\Hyper-Casual-Runner\Library\PackageCache\com.unity.modules.director;+D:\Git\Hyper-Casual-Runner\Library\PackageCache\com.unity.modules.imageconversion;+D:\Git\Hyper-Casual-Runner\Library\PackageCache\com.unity.modules.imgui;+D:\Git\Hyper-Casual-Runner\Library\PackageCache\com.unity.modules.jsonserialize;+D:\Git\Hyper-Casual-Runner\Library\PackageCache\com.unity.modules.particlesystem;+D:\Git\Hyper-Casual-Runner\Library\PackageCache\com.unity.modules.physics;+D:\Git\Hyper-Casual-Runner\Library\PackageCache\com.unity.modules.physics2d;+D:\Git\Hyper-Casual-Runner\Library\PackageCache\com.unity.modules.physicscore2d;+D:\Git\Hyper-Casual-Runner\Library\PackageCache\com.unity.modules.screencapture;+D:\Git\Hyper-Casual-Runner\Library\PackageCache\com.unity.modules.terrain;+D:\Git\Hyper-Casual-Runner\Library\PackageCache\com.unity.modules.terrainphysics;+D:\Git\Hyper-Casual-Runner\Library\PackageCache\com.unity.modules.tilemap;+D:\Git\Hyper-Casual-Runner\Library\PackageCache\com.unity.modules.ui;+D:\Git\Hyper-Casual-Runner\Library\PackageCache\com.unity.modules.uielements;+D:\Git\Hyper-Casual-Runner\Library\PackageCache\com.unity.modules.umbra;+D:\Git\Hyper-Casual-Runner\Library\PackageCache\com.unity.modules.unityanalytics;+D:\Git\Hyper-Casual-Runner\Library\PackageCache\com.unity.modules.unitywebrequest;+D:\Git\Hyper-Casual-Runner\Library\PackageCache\com.unity.modules.unitywebrequestassetbundle;+D:\Git\Hyper-Casual-Runner\Library\PackageCache\com.unity.modules.unitywebrequestaudio;+D:\Git\Hyper-Casual-Runner\Library\PackageCache\com.unity.modules.unitywebrequesttexture;+D:\Git\Hyper-Casual-Runner\Library\PackageCache\com.unity.modules.unitywebrequestwww;+D:\Git\Hyper-Casual-Runner\Library\PackageCache\com.unity.modules.vectorgraphics;+D:\Git\Hyper-Casual-Runner\Library\PackageCache\com.unity.modules.vehicles;+D:\Git\Hyper-Casual-Runner\Library\PackageCache\com.unity.modules.video;+D:\Git\Hyper-Casual-Runner\Library\PackageCache\com.unity.modules.wind;+D:\Git\Hyper-Casual-Runner\Library\PackageCache\com.unity.modules.xr;+D:\Git\Hyper-Casual-Runner\Library\PackageCache\com.unity.modules.subsystems;+D:\Git\Hyper-Casual-Runner\Library\PackageCache\com.unity.modules.hierarchycore;+D:\Git\Hyper-Casual-Runner\Library\PackageCache\com.unity.services.core@3464cb68d709;+D:\Git\Hyper-Casual-Runner\Library\PackageCache\com.unity.shadergraph@8d7376ec43ee;+D:\Git\Hyper-Casual-Runner\Library\PackageCache\com.unity.settings-manager@0b8638c5ce86;+D:\Git\Hyper-Casual-Runner\Library\PackageCache\com.unity.ide.visualstudio@a99d56dec63f;+D:\Git\Hyper-Casual-Runner\Library\PackageCache\com.unity.ide.rider@e4950c6d131b;+D:\Git\Hyper-Casual-Runner\Library\PackageCache\com.unity.editorcoroutines@87a15ed012c2;+D:\Git\Hyper-Casual-Runner\Library\PackageCache\com.unity.performance.profile-analyzer@2bb26871883c;+D:\Git\Hyper-Casual-Runner\Library\PackageCache\com.unity.test-framework@1405238725ab;+D:\Git\Hyper-Casual-Runner\Library\PackageCache\com.unity.testtools.codecoverage@19a841221620;+D:\Git\Hyper-Casual-Runner\Library\PackageCache\com.unity.render-pipelines.core@b19a46951e65;+D:\Git\Hyper-Casual-Runner\Library\PackageCache\com.unity.burst@6bb9aca3ef38;+D:\Git\Hyper-Casual-Runner\Library\PackageCache\com.unity.collections@a43cabe808ca;+D:\Git\Hyper-Casual-Runner\Library\PackageCache\com.unity.nuget.mono-cecil@ecb9724e46ff;+D:\Git\Hyper-Casual-Runner\Library\PackageCache\com.unity.profiling.core@8a49f7027d06;+D:\Git\Hyper-Casual-Runner\Library\PackageCache\com.unity.scriptablebuildpipeline@36e3b5898ee2;+D:\Git\Hyper-Casual-Runner\Library\PackageCache\com.unity.serialization@b2610f80ff18;+D:\Git\Hyper-Casual-Runner\Library\PackageCache\com.unity.test-framework.performance@8b56083ec0f0;+D:\Git\Hyper-Casual-Runner\Library\PackageCache\com.unity.modules.hierarchy;+D:\Git\Hyper-Casual-Runner\Library\PackageCache\com.unity.2d.common@73badf92ba8b;+D:\Git\Hyper-Casual-Runner\Library\PackageCache\com.unity.2d.sprite@053a968eab56;+D:\Git\Hyper-Casual-Runner\Library\PackageCache\com.unity.2d.tilemap@b959501fd678;+D:\Git\Hyper-Casual-Runner\Library\PackageCache\com.unity.nuget.newtonsoft-json@4dfd81071c64;+D:\Git\Hyper-Casual-Runner\Library\PackageCache\com.unity.searcher@d45a78918735;+D:\Git\Hyper-Casual-Runner\Library\PackageCache\com.unity.ext.nunit@44f7d31723bd;+D:\Git\Hyper-Casual-Runner\Library\PackageCache\com.unity.mathematics@981956d94fb6;Library/ScriptAssemblies;+C:\Program Files\Unity\Hub\Editor\6000.5.5f1\Editor\Data\Managed\UnityEngine;+C:\Program Files\Unity\Hub\Editor\6000.5.5f1\Editor\Data\Managed" "C:/Program Files/Unity/Hub/Editor/6000.5.5f1/Editor/Data/Managed/UnityEngine/UnityEngine.IMGUIModule.dll" "C:/Program Files/Unity/Hub/Editor/6000.5.5f1/Editor/Data/Managed/UnityEngine/UnityEngine.CoreModule.dll" "C:/Program Files/Unity/Hub/Editor/6000.5.5f1/Editor/Data/Managed/UnityEditor.dll" "C:/Program Files/Unity/Hub/Editor/6000.5.5f1/Editor/Data/Managed/UnityEngine/UnityEngine.TextRenderingModule.dll" "C:/Program Files/Unity/Hub/Editor/6000.5.5f1/Editor/Data/Managed/UnityEngine/UnityEngine.UnityWebRequestModule.dll"
Filename: C:\Program Files\Unity\Hub\Editor\6000.5.5f1\Editor\Data\DotNetSdk\dotnet.exe
Arguments: "C:/Program Files/Unity/Hub/Editor/6000.5.5f1/Editor/Data/Tools/BuildPipeline/Compilation/ApiUpdater/AssemblyUpdater.dll" update -a "Assets/GoogleMobileAds/GoogleMobileAds.Ump.Android.dll" --output "C:/Users/AZAD/AppData/Local/Temp/tmp12158e10.tmp" --api-version 6000.5.5f1  -s "C:\Program Files\Unity\Hub\Editor\6000.5.5f1\Editor\Data\NetStandard\ref\2.1.0;C:\Program Files\Unity\Hub\Editor\6000.5.5f1\Editor\Data\NetStandard\compat\2.1.0\shims\netstandard;C:\Program Files\Unity\Hub\Editor\6000.5.5f1\Editor\Data\NetStandard\compat\2.1.0\shims\netfx;+D:/Git/Hyper-Casual-Runner/Assets;+D:\Git\Useful-Houdini-Stuff\Unity\Unity3DMCP\UnityPackage;+D:\Git\Hyper-Casual-Runner\Library\PackageCache\com.unity.2d.psdimporter@5d82044f9e43;+D:\Git\Hyper-Casual-Runner\Library\PackageCache\com.unity.collab-proxy@4f3be89e8675;+D:\Git\Hyper-Casual-Runner\Library\PackageCache\com.unity.device-simulator.devices@2af643ceec84;+D:\Git\Hyper-Casual-Runner\Library\PackageCache\com.unity.entities@7c40ffdd1a69;+D:\Git\Hyper-Casual-Runner\Library\PackageCache\com.unity.entities.graphics@d145f0960701;+D:\Git\Hyper-Casual-Runner\Library\PackageCache\com.unity.feature.development@767aadbc6eb7;+D:\Git\Hyper-Casual-Runner\Library\PackageCache\com.unity.multiplayer.center@b860850997d0;+D:\Git\Hyper-Casual-Runner\Library\PackageCache\com.unity.probuilder@8be9724b2335;+D:\Git\Hyper-Casual-Runner\Library\PackageCache\com.unity.services.levelplay@1a1e0681a085;+D:\Git\Hyper-Casual-Runner\Library\PackageCache\com.unity.timeline@8cd8509afae5;+D:\Git\Hyper-Casual-Runner\Library\PackageCache\com.unity.ugui@f2d87ebaaa32;+D:\Git\Hyper-Casual-Runner\Library\PackageCache\com.unity.visualscripting@8bed5ad90189;+D:\Git\Hyper-Casual-Runner\Library\PackageCache\com.unity.modules.accessibility;+D:\Git\Hyper-Casual-Runner\Library\PackageCache\com.unity.modules.adaptiveperformance;+D:\Git\Hyper-Casual-Runner\Library\PackageCache\com.unity.modules.ai;+D:\Git\Hyper-Casual-Runner\Library\PackageCache\com.unity.modules.androidjni;+D:\Git\Hyper-Casual-Runner\Library\PackageCache\com.unity.modules.animation;+D:\Git\Hyper-Casual-Runner\Library\PackageCache\com.unity.modules.assetbundle;+D:\Git\Hyper-Casual-Runner\Library\PackageCache\com.unity.modules.audio;+D:\Git\Hyper-Casual-Runner\Library\PackageCache\com.unity.modules.cloth;+D:\Git\Hyper-Casual-Runner\Library\PackageCache\com.unity.modules.director;+D:\Git\Hyper-Casual-Runner\Library\PackageCache\com.unity.modules.imageconversion;+D:\Git\Hyper-Casual-Runner\Library\PackageCache\com.unity.modules.imgui;+D:\Git\Hyper-Casual-Runner\Library\PackageCache\com.unity.modules.jsonserialize;+D:\Git\Hyper-Casual-Runner\Library\PackageCache\com.unity.modules.particlesystem;+D:\Git\Hyper-Casual-Runner\Library\PackageCache\com.unity.modules.physics;+D:\Git\Hyper-Casual-Runner\Library\PackageCache\com.unity.modules.physics2d;+D:\Git\Hyper-Casual-Runner\Library\PackageCache\com.unity.modules.physicscore2d;+D:\Git\Hyper-Casual-Runner\Library\PackageCache\com.unity.modules.screencapture;+D:\Git\Hyper-Casual-Runner\Library\PackageCache\com.unity.modules.terrain;+D:\Git\Hyper-Casual-Runner\Library\PackageCache\com.unity.modules.terrainphysics;+D:\Git\Hyper-Casual-Runner\Library\PackageCache\com.unity.modules.tilemap;+D:\Git\Hyper-Casual-Runner\Library\PackageCache\com.unity.modules.ui;+D:\Git\Hyper-Casual-Runner\Library\PackageCache\com.unity.modules.uielements;+D:\Git\Hyper-Casual-Runner\Library\PackageCache\com.unity.modules.umbra;+D:\Git\Hyper-Casual-Runner\Library\PackageCache\com.unity.modules.unityanalytics;+D:\Git\Hyper-Casual-Runner\Library\PackageCache\com.unity.modules.unitywebrequest;+D:\Git\Hyper-Casual-Runner\Library\PackageCache\com.unity.modules.unitywebrequestassetbundle;+D:\Git\Hyper-Casual-Runner\Library\PackageCache\com.unity.modules.unitywebrequestaudio;+D:\Git\Hyper-Casual-Runner\Library\PackageCache\com.unity.modules.unitywebrequesttexture;+D:\Git\Hyper-Casual-Runner\Library\PackageCache\com.unity.modules.unitywebrequestwww;+D:\Git\Hyper-Casual-Runner\Library\PackageCache\com.unity.modules.vectorgraphics;+D:\Git\Hyper-Casual-Runner\Library\PackageCache\com.unity.modules.vehicles;+D:\Git\Hyper-Casual-Runner\Library\PackageCache\com.unity.modules.video;+D:\Git\Hyper-Casual-Runner\Library\PackageCache\com.unity.modules.wind;+D:\Git\Hyper-Casual-Runner\Library\PackageCache\com.unity.modules.xr;+D:\Git\Hyper-Casual-Runner\Library\PackageCache\com.unity.modules.subsystems;+D:\Git\Hyper-Casual-Runner\Library\PackageCache\com.unity.modules.hierarchycore;+D:\Git\Hyper-Casual-Runner\Library\PackageCache\com.unity.services.core@3464cb68d709;+D:\Git\Hyper-Casual-Runner\Library\PackageCache\com.unity.shadergraph@8d7376ec43ee;+D:\Git\Hyper-Casual-Runner\Library\PackageCache\com.unity.settings-manager@0b8638c5ce86;+D:\Git\Hyper-Casual-Runner\Library\PackageCache\com.unity.ide.visualstudio@a99d56dec63f;+D:\Git\Hyper-Casual-Runner\Library\PackageCache\com.unity.ide.rider@e4950c6d131b;+D:\Git\Hyper-Casual-Runner\Library\PackageCache\com.unity.editorcoroutines@87a15ed012c2;+D:\Git\Hyper-Casual-Runner\Library\PackageCache\com.unity.performance.profile-analyzer@2bb26871883c;+D:\Git\Hyper-Casual-Runner\Library\PackageCache\com.unity.test-framework@1405238725ab;+D:\Git\Hyper-Casual-Runner\Library\PackageCache\com.unity.testtools.codecoverage@19a841221620;+D:\Git\Hyper-Casual-Runner\Library\PackageCache\com.unity.render-pipelines.core@b19a46951e65;+D:\Git\Hyper-Casual-Runner\Library\PackageCache\com.unity.burst@6bb9aca3ef38;+D:\Git\Hyper-Casual-Runner\Library\PackageCache\com.unity.collections@a43cabe808ca;+D:\Git\Hyper-Casual-Runner\Library\PackageCache\com.unity.nuget.mono-cecil@ecb9724e46ff;+D:\Git\Hyper-Casual-Runner\Library\PackageCache\com.unity.profiling.core@8a49f7027d06;+D:\Git\Hyper-Casual-Runner\Library\PackageCache\com.unity.scriptablebuildpipeline@36e3b5898ee2;+D:\Git\Hyper-Casual-Runner\Library\PackageCache\com.unity.serialization@b2610f80ff18;+D:\Git\Hyper-Casual-Runner\Library\PackageCache\com.unity.test-framework.performance@8b56083ec0f0;+D:\Git\Hyper-Casual-Runner\Library\PackageCache\com.unity.modules.hierarchy;+D:\Git\Hyper-Casual-Runner\Library\PackageCache\com.unity.2d.common@73badf92ba8b;+D:\Git\Hyper-Casual-Runner\Library\PackageCache\com.unity.2d.sprite@053a968eab56;+D:\Git\Hyper-Casual-Runner\Library\PackageCache\com.unity.2d.tilemap@b959501fd678;+D:\Git\Hyper-Casual-Runner\Library\PackageCache\com.unity.nuget.newtonsoft-json@4dfd81071c64;+D:\Git\Hyper-Casual-Runner\Library\PackageCache\com.unity.searcher@d45a78918735;+D:\Git\Hyper-Casual-Runner\Library\PackageCache\com.unity.ext.nunit@44f7d31723bd;+D:\Git\Hyper-Casual-Runner\Library\PackageCache\com.unity.mathematics@981956d94fb6;Library/ScriptAssemblies;+C:\Program Files\Unity\Hub\Editor\6000.5.5f1\Editor\Data\Managed\UnityEngine" "C:/Program Files/Unity/Hub/Editor/6000.5.5f1/Editor/Data/Managed/UnityEngine/UnityEngine.AndroidJNIModule.dll" "C:/Program Files/Unity/Hub/Editor/6000.5.5f1/Editor/Data/Managed/UnityEngine/UnityEngine.CoreModule.dll"
Filename: C:\Program Files\Unity\Hub\Editor\6000.5.5f1\Editor\Data\DotNetSdk\dotnet.exe
Arguments: "C:/Program Files/Unity/Hub/Editor/6000.5.5f1/Editor/Data/Tools/BuildPipeline/Compilation/ApiUpdater/AssemblyUpdater.dll" update -a "Assets/ExternalDependencyManager/Editor/1.2.176/Google.IOSResolver.dll" --output "C:/Users/AZAD/AppData/Local/Temp/tmp54290e8b.tmp" --api-version 6000.5.5f1  -s "C:\Program Files\Unity\Hub\Editor\6000.5.5f1\Editor\Data\NetStandard\ref\2.1.0;C:\Program Files\Unity\Hub\Editor\6000.5.5f1\Editor\Data\NetStandard\compat\2.1.0\shims\netstandard;C:\Program Files\Unity\Hub\Editor\6000.5.5f1\Editor\Data\NetStandard\compat\2.1.0\shims\netfx;+D:/Git/Hyper-Casual-Runner/Assets;+D:\Git\Useful-Houdini-Stuff\Unity\Unity3DMCP\UnityPackage;+D:\Git\Hyper-Casual-Runner\Library\PackageCache\com.unity.2d.psdimporter@5d82044f9e43;+D:\Git\Hyper-Casual-Runner\Library\PackageCache\com.unity.collab-proxy@4f3be89e8675;+D:\Git\Hyper-Casual-Runner\Library\PackageCache\com.unity.device-simulator.devices@2af643ceec84;+D:\Git\Hyper-Casual-Runner\Library\PackageCache\com.unity.entities@7c40ffdd1a69;+D:\Git\Hyper-Casual-Runner\Library\PackageCache\com.unity.entities.graphics@d145f0960701;+D:\Git\Hyper-Casual-Runner\Library\PackageCache\com.unity.feature.development@767aadbc6eb7;+D:\Git\Hyper-Casual-Runner\Library\PackageCache\com.unity.multiplayer.center@b860850997d0;+D:\Git\Hyper-Casual-Runner\Library\PackageCache\com.unity.probuilder@8be9724b2335;+D:\Git\Hyper-Casual-Runner\Library\PackageCache\com.unity.services.levelplay@1a1e0681a085;+D:\Git\Hyper-Casual-Runner\Library\PackageCache\com.unity.timeline@8cd8509afae5;+D:\Git\Hyper-Casual-Runner\Library\PackageCache\com.unity.ugui@f2d87ebaaa32;+D:\Git\Hyper-Casual-Runner\Library\PackageCache\com.unity.visualscripting@8bed5ad90189;+D:\Git\Hyper-Casual-Runner\Library\PackageCache\com.unity.modules.accessibility;+D:\Git\Hyper-Casual-Runner\Library\PackageCache\com.unity.modules.adaptiveperformance;+D:\Git\Hyper-Casual-Runner\Library\PackageCache\com.unity.modules.ai;+D:\Git\Hyper-Casual-Runner\Library\PackageCache\com.unity.modules.androidjni;+D:\Git\Hyper-Casual-Runner\Library\PackageCache\com.unity.modules.animation;+D:\Git\Hyper-Casual-Runner\Library\PackageCache\com.unity.modules.assetbundle;+D:\Git\Hyper-Casual-Runner\Library\PackageCache\com.unity.modules.audio;+D:\Git\Hyper-Casual-Runner\Library\PackageCache\com.unity.modules.cloth;+D:\Git\Hyper-Casual-Runner\Library\PackageCache\com.unity.modules.director;+D:\Git\Hyper-Casual-Runner\Library\PackageCache\com.unity.modules.imageconversion;+D:\Git\Hyper-Casual-Runner\Library\PackageCache\com.unity.modules.imgui;+D:\Git\Hyper-Casual-Runner\Library\PackageCache\com.unity.modules.jsonserialize;+D:\Git\Hyper-Casual-Runner\Library\PackageCache\com.unity.modules.particlesystem;+D:\Git\Hyper-Casual-Runner\Library\PackageCache\com.unity.modules.physics;+D:\Git\Hyper-Casual-Runner\Library\PackageCache\com.unity.modules.physics2d;+D:\Git\Hyper-Casual-Runner\Library\PackageCache\com.unity.modules.physicscore2d;+D:\Git\Hyper-Casual-Runner\Library\PackageCache\com.unity.modules.screencapture;+D:\Git\Hyper-Casual-Runner\Library\PackageCache\com.unity.modules.terrain;+D:\Git\Hyper-Casual-Runner\Library\PackageCache\com.unity.modules.terrainphysics;+D:\Git\Hyper-Casual-Runner\Library\PackageCache\com.unity.modules.tilemap;+D:\Git\Hyper-Casual-Runner\Library\PackageCache\com.unity.modules.ui;+D:\Git\Hyper-Casual-Runner\Library\PackageCache\com.unity.modules.uielements;+D:\Git\Hyper-Casual-Runner\Library\PackageCache\com.unity.modules.umbra;+D:\Git\Hyper-Casual-Runner\Library\PackageCache\com.unity.modules.unityanalytics;+D:\Git\Hyper-Casual-Runner\Library\PackageCache\com.unity.modules.unitywebrequest;+D:\Git\Hyper-Casual-Runner\Library\PackageCache\com.unity.modules.unitywebrequestassetbundle;+D:\Git\Hyper-Casual-Runner\Library\PackageCache\com.unity.modules.unitywebrequestaudio;+D:\Git\Hyper-Casual-Runner\Library\PackageCache\com.unity.modules.unitywebrequesttexture;+D:\Git\Hyper-Casual-Runner\Library\PackageCache\com.unity.modules.unitywebrequestwww;+D:\Git\Hyper-Casual-Runner\Library\PackageCache\com.unity.modules.vectorgraphics;+D:\Git\Hyper-Casual-Runner\Library\PackageCache\com.unity.modules.vehicles;+D:\Git\Hyper-Casual-Runner\Library\PackageCache\com.unity.modules.video;+D:\Git\Hyper-Casual-Runner\Library\PackageCache\com.unity.modules.wind;+D:\Git\Hyper-Casual-Runner\Library\PackageCache\com.unity.modules.xr;+D:\Git\Hyper-Casual-Runner\Library\PackageCache\com.unity.modules.subsystems;+D:\Git\Hyper-Casual-Runner\Library\PackageCache\com.unity.modules.hierarchycore;+D:\Git\Hyper-Casual-Runner\Library\PackageCache\com.unity.services.core@3464cb68d709;+D:\Git\Hyper-Casual-Runner\Library\PackageCache\com.unity.shadergraph@8d7376ec43ee;+D:\Git\Hyper-Casual-Runner\Library\PackageCache\com.unity.settings-manager@0b8638c5ce86;+D:\Git\Hyper-Casual-Runner\Library\PackageCache\com.unity.ide.visualstudio@a99d56dec63f;+D:\Git\Hyper-Casual-Runner\Library\PackageCache\com.unity.ide.rider@e4950c6d131b;+D:\Git\Hyper-Casual-Runner\Library\PackageCache\com.unity.editorcoroutines@87a15ed012c2;+D:\Git\Hyper-Casual-Runner\Library\PackageCache\com.unity.performance.profile-analyzer@2bb26871883c;+D:\Git\Hyper-Casual-Runner\Library\PackageCache\com.unity.test-framework@1405238725ab;+D:\Git\Hyper-Casual-Runner\Library\PackageCache\com.unity.testtools.codecoverage@19a841221620;+D:\Git\Hyper-Casual-Runner\Library\PackageCache\com.unity.render-pipelines.core@b19a46951e65;+D:\Git\Hyper-Casual-Runner\Library\PackageCache\com.unity.burst@6bb9aca3ef38;+D:\Git\Hyper-Casual-Runner\Library\PackageCache\com.unity.collections@a43cabe808ca;+D:\Git\Hyper-Casual-Runner\Library\PackageCache\com.unity.nuget.mono-cecil@ecb9724e46ff;+D:\Git\Hyper-Casual-Runner\Library\PackageCache\com.unity.profiling.core@8a49f7027d06;+D:\Git\Hyper-Casual-Runner\Library\PackageCache\com.unity.scriptablebuildpipeline@36e3b5898ee2;+D:\Git\Hyper-Casual-Runner\Library\PackageCache\com.unity.serialization@b2610f80ff18;+D:\Git\Hyper-Casual-Runner\Library\PackageCache\com.unity.test-framework.performance@8b56083ec0f0;+D:\Git\Hyper-Casual-Runner\Library\PackageCache\com.unity.modules.hierarchy;+D:\Git\Hyper-Casual-Runner\Library\PackageCache\com.unity.2d.common@73badf92ba8b;+D:\Git\Hyper-Casual-Runner\Library\PackageCache\com.unity.2d.sprite@053a968eab56;+D:\Git\Hyper-Casual-Runner\Library\PackageCache\com.unity.2d.tilemap@b959501fd678;+D:\Git\Hyper-Casual-Runner\Library\PackageCache\com.unity.nuget.newtonsoft-json@4dfd81071c64;+D:\Git\Hyper-Casual-Runner\Library\PackageCache\com.unity.searcher@d45a78918735;+D:\Git\Hyper-Casual-Runner\Library\PackageCache\com.unity.ext.nunit@44f7d31723bd;+D:\Git\Hyper-Casual-Runner\Library\PackageCache\com.unity.mathematics@981956d94fb6;Library/ScriptAssemblies;+C:\Program Files\Unity\Hub\Editor\6000.5.5f1\Editor\Data\Managed\UnityEngine;+C:\Program Files\Unity\Hub\Editor\6000.5.5f1\Editor\Data\Managed" "C:/Program Files/Unity/Hub/Editor/6000.5.5f1/Editor/Data/Managed/UnityEngine/UnityEngine.CoreModule.dll" "C:/Program Files/Unity/Hub/Editor/6000.5.5f1/Editor/Data/Managed/UnityEditor.dll" "C:/Program Files/Unity/Hub/Editor/6000.5.5f1/Editor/Data/Managed/UnityEngine/UnityEngine.IMGUIModule.dll"
Filename: C:\Program Files\Unity\Hub\Editor\6000.5.5f1\Editor\Data\DotNetSdk\dotnet.exe
Arguments: "C:/Program Files/Unity/Hub/Editor/6000.5.5f1/Editor/Data/Tools/BuildPipeline/Compilation/ApiUpdater/AssemblyUpdater.dll" update -a "Assets/GoogleMobileAds/GoogleMobileAds.Ump.iOS.dll" --output "C:/Users/AZAD/AppData/Local/Temp/tmp1568d3be.tmp" --api-version 6000.5.5f1  -s "C:\Program Files\Unity\Hub\Editor\6000.5.5f1\Editor\Data\NetStandard\ref\2.1.0;C:\Program Files\Unity\Hub\Editor\6000.5.5f1\Editor\Data\NetStandard\compat\2.1.0\shims\netstandard;C:\Program Files\Unity\Hub\Editor\6000.5.5f1\Editor\Data\NetStandard\compat\2.1.0\shims\netfx;+D:/Git/Hyper-Casual-Runner/Assets;+D:\Git\Useful-Houdini-Stuff\Unity\Unity3DMCP\UnityPackage;+D:\Git\Hyper-Casual-Runner\Library\PackageCache\com.unity.2d.psdimporter@5d82044f9e43;+D:\Git\Hyper-Casual-Runner\Library\PackageCache\com.unity.collab-proxy@4f3be89e8675;+D:\Git\Hyper-Casual-Runner\Library\PackageCache\com.unity.device-simulator.devices@2af643ceec84;+D:\Git\Hyper-Casual-Runner\Library\PackageCache\com.unity.entities@7c40ffdd1a69;+D:\Git\Hyper-Casual-Runner\Library\PackageCache\com.unity.entities.graphics@d145f0960701;+D:\Git\Hyper-Casual-Runner\Library\PackageCache\com.unity.feature.development@767aadbc6eb7;+D:\Git\Hyper-Casual-Runner\Library\PackageCache\com.unity.multiplayer.center@b860850997d0;+D:\Git\Hyper-Casual-Runner\Library\PackageCache\com.unity.probuilder@8be9724b2335;+D:\Git\Hyper-Casual-Runner\Library\PackageCache\com.unity.services.levelplay@1a1e0681a085;+D:\Git\Hyper-Casual-Runner\Library\PackageCache\com.unity.timeline@8cd8509afae5;+D:\Git\Hyper-Casual-Runner\Library\PackageCache\com.unity.ugui@f2d87ebaaa32;+D:\Git\Hyper-Casual-Runner\Library\PackageCache\com.unity.visualscripting@8bed5ad90189;+D:\Git\Hyper-Casual-Runner\Library\PackageCache\com.unity.modules.accessibility;+D:\Git\Hyper-Casual-Runner\Library\PackageCache\com.unity.modules.adaptiveperformance;+D:\Git\Hyper-Casual-Runner\Library\PackageCache\com.unity.modules.ai;+D:\Git\Hyper-Casual-Runner\Library\PackageCache\com.unity.modules.androidjni;+D:\Git\Hyper-Casual-Runner\Library\PackageCache\com.unity.modules.animation;+D:\Git\Hyper-Casual-Runner\Library\PackageCache\com.unity.modules.assetbundle;+D:\Git\Hyper-Casual-Runner\Library\PackageCache\com.unity.modules.audio;+D:\Git\Hyper-Casual-Runner\Library\PackageCache\com.unity.modules.cloth;+D:\Git\Hyper-Casual-Runner\Library\PackageCache\com.unity.modules.director;+D:\Git\Hyper-Casual-Runner\Library\PackageCache\com.unity.modules.imageconversion;+D:\Git\Hyper-Casual-Runner\Library\PackageCache\com.unity.modules.imgui;+D:\Git\Hyper-Casual-Runner\Library\PackageCache\com.unity.modules.jsonserialize;+D:\Git\Hyper-Casual-Runner\Library\PackageCache\com.unity.modules.particlesystem;+D:\Git\Hyper-Casual-Runner\Library\PackageCache\com.unity.modules.physics;+D:\Git\Hyper-Casual-Runner\Library\PackageCache\com.unity.modules.physics2d;+D:\Git\Hyper-Casual-Runner\Library\PackageCache\com.unity.modules.physicscore2d;+D:\Git\Hyper-Casual-Runner\Library\PackageCache\com.unity.modules.screencapture;+D:\Git\Hyper-Casual-Runner\Library\PackageCache\com.unity.modules.terrain;+D:\Git\Hyper-Casual-Runner\Library\PackageCache\com.unity.modules.terrainphysics;+D:\Git\Hyper-Casual-Runner\Library\PackageCache\com.unity.modules.tilemap;+D:\Git\Hyper-Casual-Runner\Library\PackageCache\com.unity.modules.ui;+D:\Git\Hyper-Casual-Runner\Library\PackageCache\com.unity.modules.uielements;+D:\Git\Hyper-Casual-Runner\Library\PackageCache\com.unity.modules.umbra;+D:\Git\Hyper-Casual-Runner\Library\PackageCache\com.unity.modules.unityanalytics;+D:\Git\Hyper-Casual-Runner\Library\PackageCache\com.unity.modules.unitywebrequest;+D:\Git\Hyper-Casual-Runner\Library\PackageCache\com.unity.modules.unitywebrequestassetbundle;+D:\Git\Hyper-Casual-Runner\Library\PackageCache\com.unity.modules.unitywebrequestaudio;+D:\Git\Hyper-Casual-Runner\Library\PackageCache\com.unity.modules.unitywebrequesttexture;+D:\Git\Hyper-Casual-Runner\Library\PackageCache\com.unity.modules.unitywebrequestwww;+D:\Git\Hyper-Casual-Runner\Library\PackageCache\com.unity.modules.vectorgraphics;+D:\Git\Hyper-Casual-Runner\Library\PackageCache\com.unity.modules.vehicles;+D:\Git\Hyper-Casual-Runner\Library\PackageCache\com.unity.modules.video;+D:\Git\Hyper-Casual-Runner\Library\PackageCache\com.unity.modules.wind;+D:\Git\Hyper-Casual-Runner\Library\PackageCache\com.unity.modules.xr;+D:\Git\Hyper-Casual-Runner\Library\PackageCache\com.unity.modules.subsystems;+D:\Git\Hyper-Casual-Runner\Library\PackageCache\com.unity.modules.hierarchycore;+D:\Git\Hyper-Casual-Runner\Library\PackageCache\com.unity.services.core@3464cb68d709;+D:\Git\Hyper-Casual-Runner\Library\PackageCache\com.unity.shadergraph@8d7376ec43ee;+D:\Git\Hyper-Casual-Runner\Library\PackageCache\com.unity.settings-manager@0b8638c5ce86;+D:\Git\Hyper-Casual-Runner\Library\PackageCache\com.unity.ide.visualstudio@a99d56dec63f;+D:\Git\Hyper-Casual-Runner\Library\PackageCache\com.unity.ide.rider@e4950c6d131b;+D:\Git\Hyper-Casual-Runner\Library\PackageCache\com.unity.editorcoroutines@87a15ed012c2;+D:\Git\Hyper-Casual-Runner\Library\PackageCache\com.unity.performance.profile-analyzer@2bb26871883c;+D:\Git\Hyper-Casual-Runner\Library\PackageCache\com.unity.test-framework@1405238725ab;+D:\Git\Hyper-Casual-Runner\Library\PackageCache\com.unity.testtools.codecoverage@19a841221620;+D:\Git\Hyper-Casual-Runner\Library\PackageCache\com.unity.render-pipelines.core@b19a46951e65;+D:\Git\Hyper-Casual-Runner\Library\PackageCache\com.unity.burst@6bb9aca3ef38;+D:\Git\Hyper-Casual-Runner\Library\PackageCache\com.unity.collections@a43cabe808ca;+D:\Git\Hyper-Casual-Runner\Library\PackageCache\com.unity.nuget.mono-cecil@ecb9724e46ff;+D:\Git\Hyper-Casual-Runner\Library\PackageCache\com.unity.profiling.core@8a49f7027d06;+D:\Git\Hyper-Casual-Runner\Library\PackageCache\com.unity.scriptablebuildpipeline@36e3b5898ee2;+D:\Git\Hyper-Casual-Runner\Library\PackageCache\com.unity.serialization@b2610f80ff18;+D:\Git\Hyper-Casual-Runner\Library\PackageCache\com.unity.test-framework.performance@8b56083ec0f0;+D:\Git\Hyper-Casual-Runner\Library\PackageCache\com.unity.modules.hierarchy;+D:\Git\Hyper-Casual-Runner\Library\PackageCache\com.unity.2d.common@73badf92ba8b;+D:\Git\Hyper-Casual-Runner\Library\PackageCache\com.unity.2d.sprite@053a968eab56;+D:\Git\Hyper-Casual-Runner\Library\PackageCache\com.unity.2d.tilemap@b959501fd678;+D:\Git\Hyper-Casual-Runner\Library\PackageCache\com.unity.nuget.newtonsoft-json@4dfd81071c64;+D:\Git\Hyper-Casual-Runner\Library\PackageCache\com.unity.searcher@d45a78918735;+D:\Git\Hyper-Casual-Runner\Library\PackageCache\com.unity.ext.nunit@44f7d31723bd;+D:\Git\Hyper-Casual-Runner\Library\PackageCache\com.unity.mathematics@981956d94fb6;Library/ScriptAssemblies;+C:\Program Files\Unity\Hub\Editor\6000.5.5f1\Editor\Data\Managed\UnityEngine" "C:/Program Files/Unity/Hub/Editor/6000.5.5f1/Editor/Data/Managed/UnityEngine/UnityEngine.CoreModule.dll"
Filename: C:\Program Files\Unity\Hub\Editor\6000.5.5f1\Editor\Data\DotNetSdk\dotnet.exe
Arguments: "C:/Program Files/Unity/Hub/Editor/6000.5.5f1/Editor/Data/Tools/BuildPipeline/Compilation/ApiUpdater/AssemblyUpdater.dll" update -a "Assets/GoogleMobileAds/GoogleMobileAds.Common.dll" --output "C:/Users/AZAD/AppData/Local/Temp/tmp75a26479.tmp" --api-version 6000.5.5f1  -s "C:\Program Files\Unity\Hub\Editor\6000.5.5f1\Editor\Data\NetStandard\ref\2.1.0;C:\Program Files\Unity\Hub\Editor\6000.5.5f1\Editor\Data\NetStandard\compat\2.1.0\shims\netstandard;C:\Program Files\Unity\Hub\Editor\6000.5.5f1\Editor\Data\NetStandard\compat\2.1.0\shims\netfx;+D:/Git/Hyper-Casual-Runner/Assets;+D:\Git\Useful-Houdini-Stuff\Unity\Unity3DMCP\UnityPackage;+D:\Git\Hyper-Casual-Runner\Library\PackageCache\com.unity.2d.psdimporter@5d82044f9e43;+D:\Git\Hyper-Casual-Runner\Library\PackageCache\com.unity.collab-proxy@4f3be89e8675;+D:\Git\Hyper-Casual-Runner\Library\PackageCache\com.unity.device-simulator.devices@2af643ceec84;+D:\Git\Hyper-Casual-Runner\Library\PackageCache\com.unity.entities@7c40ffdd1a69;+D:\Git\Hyper-Casual-Runner\Library\PackageCache\com.unity.entities.graphics@d145f0960701;+D:\Git\Hyper-Casual-Runner\Library\PackageCache\com.unity.feature.development@767aadbc6eb7;+D:\Git\Hyper-Casual-Runner\Library\PackageCache\com.unity.multiplayer.center@b860850997d0;+D:\Git\Hyper-Casual-Runner\Library\PackageCache\com.unity.probuilder@8be9724b2335;+D:\Git\Hyper-Casual-Runner\Library\PackageCache\com.unity.services.levelplay@1a1e0681a085;+D:\Git\Hyper-Casual-Runner\Library\PackageCache\com.unity.timeline@8cd8509afae5;+D:\Git\Hyper-Casual-Runner\Library\PackageCache\com.unity.ugui@f2d87ebaaa32;+D:\Git\Hyper-Casual-Runner\Library\PackageCache\com.unity.visualscripting@8bed5ad90189;+D:\Git\Hyper-Casual-Runner\Library\PackageCache\com.unity.modules.accessibility;+D:\Git\Hyper-Casual-Runner\Library\PackageCache\com.unity.modules.adaptiveperformance;+D:\Git\Hyper-Casual-Runner\Library\PackageCache\com.unity.modules.ai;+D:\Git\Hyper-Casual-Runner\Library\PackageCache\com.unity.modules.androidjni;+D:\Git\Hyper-Casual-Runner\Library\PackageCache\com.unity.modules.animation;+D:\Git\Hyper-Casual-Runner\Library\PackageCache\com.unity.modules.assetbundle;+D:\Git\Hyper-Casual-Runner\Library\PackageCache\com.unity.modules.audio;+D:\Git\Hyper-Casual-Runner\Library\PackageCache\com.unity.modules.cloth;+D:\Git\Hyper-Casual-Runner\Library\PackageCache\com.unity.modules.director;+D:\Git\Hyper-Casual-Runner\Library\PackageCache\com.unity.modules.imageconversion;+D:\Git\Hyper-Casual-Runner\Library\PackageCache\com.unity.modules.imgui;+D:\Git\Hyper-Casual-Runner\Library\PackageCache\com.unity.modules.jsonserialize;+D:\Git\Hyper-Casual-Runner\Library\PackageCache\com.unity.modules.particlesystem;+D:\Git\Hyper-Casual-Runner\Library\PackageCache\com.unity.modules.physics;+D:\Git\Hyper-Casual-Runner\Library\PackageCache\com.unity.modules.physics2d;+D:\Git\Hyper-Casual-Runner\Library\PackageCache\com.unity.modules.physicscore2d;+D:\Git\Hyper-Casual-Runner\Library\PackageCache\com.unity.modules.screencapture;+D:\Git\Hyper-Casual-Runner\Library\PackageCache\com.unity.modules.terrain;+D:\Git\Hyper-Casual-Runner\Library\PackageCache\com.unity.modules.terrainphysics;+D:\Git\Hyper-Casual-Runner\Library\PackageCache\com.unity.modules.tilemap;+D:\Git\Hyper-Casual-Runner\Library\PackageCache\com.unity.modules.ui;+D:\Git\Hyper-Casual-Runner\Library\PackageCache\com.unity.modules.uielements;+D:\Git\Hyper-Casual-Runner\Library\PackageCache\com.unity.modules.umbra;+D:\Git\Hyper-Casual-Runner\Library\PackageCache\com.unity.modules.unityanalytics;+D:\Git\Hyper-Casual-Runner\Library\PackageCache\com.unity.modules.unitywebrequest;+D:\Git\Hyper-Casual-Runner\Library\PackageCache\com.unity.modules.unitywebrequestassetbundle;+D:\Git\Hyper-Casual-Runner\Library\PackageCache\com.unity.modules.unitywebrequestaudio;+D:\Git\Hyper-Casual-Runner\Library\PackageCache\com.unity.modules.unitywebrequesttexture;+D:\Git\Hyper-Casual-Runner\Library\PackageCache\com.unity.modules.unitywebrequestwww;+D:\Git\Hyper-Casual-Runner\Library\PackageCache\com.unity.modules.vectorgraphics;+D:\Git\Hyper-Casual-Runner\Library\PackageCache\com.unity.modules.vehicles;+D:\Git\Hyper-Casual-Runner\Library\PackageCache\com.unity.modules.video;+D:\Git\Hyper-Casual-Runner\Library\PackageCache\com.unity.modules.wind;+D:\Git\Hyper-Casual-Runner\Library\PackageCache\com.unity.modules.xr;+D:\Git\Hyper-Casual-Runner\Library\PackageCache\com.unity.modules.subsystems;+D:\Git\Hyper-Casual-Runner\Library\PackageCache\com.unity.modules.hierarchycore;+D:\Git\Hyper-Casual-Runner\Library\PackageCache\com.unity.services.core@3464cb68d709;+D:\Git\Hyper-Casual-Runner\Library\PackageCache\com.unity.shadergraph@8d7376ec43ee;+D:\Git\Hyper-Casual-Runner\Library\PackageCache\com.unity.settings-manager@0b8638c5ce86;+D:\Git\Hyper-Casual-Runner\Library\PackageCache\com.unity.ide.visualstudio@a99d56dec63f;+D:\Git\Hyper-Casual-Runner\Library\PackageCache\com.unity.ide.rider@e4950c6d131b;+D:\Git\Hyper-Casual-Runner\Library\PackageCache\com.unity.editorcoroutines@87a15ed012c2;+D:\Git\Hyper-Casual-Runner\Library\PackageCache\com.unity.performance.profile-analyzer@2bb26871883c;+D:\Git\Hyper-Casual-Runner\Library\PackageCache\com.unity.test-framework@1405238725ab;+D:\Git\Hyper-Casual-Runner\Library\PackageCache\com.unity.testtools.codecoverage@19a841221620;+D:\Git\Hyper-Casual-Runner\Library\PackageCache\com.unity.render-pipelines.core@b19a46951e65;+D:\Git\Hyper-Casual-Runner\Library\PackageCache\com.unity.burst@6bb9aca3ef38;+D:\Git\Hyper-Casual-Runner\Library\PackageCache\com.unity.collections@a43cabe808ca;+D:\Git\Hyper-Casual-Runner\Library\PackageCache\com.unity.nuget.mono-cecil@ecb9724e46ff;+D:\Git\Hyper-Casual-Runner\Library\PackageCache\com.unity.profiling.core@8a49f7027d06;+D:\Git\Hyper-Casual-Runner\Library\PackageCache\com.unity.scriptablebuildpipeline@36e3b5898ee2;+D:\Git\Hyper-Casual-Runner\Library\PackageCache\com.unity.serialization@b2610f80ff18;+D:\Git\Hyper-Casual-Runner\Library\PackageCache\com.unity.test-framework.performance@8b56083ec0f0;+D:\Git\Hyper-Casual-Runner\Library\PackageCache\com.unity.modules.hierarchy;+D:\Git\Hyper-Casual-Runner\Library\PackageCache\com.unity.2d.common@73badf92ba8b;+D:\Git\Hyper-Casual-Runner\Library\PackageCache\com.unity.2d.sprite@053a968eab56;+D:\Git\Hyper-Casual-Runner\Library\PackageCache\com.unity.2d.tilemap@b959501fd678;+D:\Git\Hyper-Casual-Runner\Library\PackageCache\com.unity.nuget.newtonsoft-json@4dfd81071c64;+D:\Git\Hyper-Casual-Runner\Library\PackageCache\com.unity.searcher@d45a78918735;+D:\Git\Hyper-Casual-Runner\Library\PackageCache\com.unity.ext.nunit@44f7d31723bd;+D:\Git\Hyper-Casual-Runner\Library\PackageCache\com.unity.mathematics@981956d94fb6;Library/ScriptAssemblies;+C:\Program Files\Unity\Hub\Editor\6000.5.5f1\Editor\Data\Managed\UnityEngine" "C:/Program Files/Unity/Hub/Editor/6000.5.5f1/Editor/Data/Managed/UnityEngine/UnityEngine.CoreModule.dll" "C:/Program Files/Unity/Hub/Editor/6000.5.5f1/Editor/Data/Managed/UnityEngine/UnityEngine.ImageConversionModule.dll"
Filename: C:\Program Files\Unity\Hub\Editor\6000.5.5f1\Editor\Data\DotNetSdk\dotnet.exe
Arguments: "C:/Program Files/Unity/Hub/Editor/6000.5.5f1/Editor/Data/Tools/BuildPipeline/Compilation/ApiUpdater/AssemblyUpdater.dll" update -a "Assets/GoogleMobileAds/GoogleMobileAds.Android.dll" --output "C:/Users/AZAD/AppData/Local/Temp/tmp746ae1a8.tmp" --api-version 6000.5.5f1  -s "C:\Program Files\Unity\Hub\Editor\6000.5.5f1\Editor\Data\NetStandard\ref\2.1.0;C:\Program Files\Unity\Hub\Editor\6000.5.5f1\Editor\Data\NetStandard\compat\2.1.0\shims\netstandard;C:\Program Files\Unity\Hub\Editor\6000.5.5f1\Editor\Data\NetStandard\compat\2.1.0\shims\netfx;+D:/Git/Hyper-Casual-Runner/Assets;+D:\Git\Useful-Houdini-Stuff\Unity\Unity3DMCP\UnityPackage;+D:\Git\Hyper-Casual-Runner\Library\PackageCache\com.unity.2d.psdimporter@5d82044f9e43;+D:\Git\Hyper-Casual-Runner\Library\PackageCache\com.unity.collab-proxy@4f3be89e8675;+D:\Git\Hyper-Casual-Runner\Library\PackageCache\com.unity.device-simulator.devices@2af643ceec84;+D:\Git\Hyper-Casual-Runner\Library\PackageCache\com.unity.entities@7c40ffdd1a69;+D:\Git\Hyper-Casual-Runner\Library\PackageCache\com.unity.entities.graphics@d145f0960701;+D:\Git\Hyper-Casual-Runner\Library\PackageCache\com.unity.feature.development@767aadbc6eb7;+D:\Git\Hyper-Casual-Runner\Library\PackageCache\com.unity.multiplayer.center@b860850997d0;+D:\Git\Hyper-Casual-Runner\Library\PackageCache\com.unity.probuilder@8be9724b2335;+D:\Git\Hyper-Casual-Runner\Library\PackageCache\com.unity.services.levelplay@1a1e0681a085;+D:\Git\Hyper-Casual-Runner\Library\PackageCache\com.unity.timeline@8cd8509afae5;+D:\Git\Hyper-Casual-Runner\Library\PackageCache\com.unity.ugui@f2d87ebaaa32;+D:\Git\Hyper-Casual-Runner\Library\PackageCache\com.unity.visualscripting@8bed5ad90189;+D:\Git\Hyper-Casual-Runner\Library\PackageCache\com.unity.modules.accessibility;+D:\Git\Hyper-Casual-Runner\Library\PackageCache\com.unity.modules.adaptiveperformance;+D:\Git\Hyper-Casual-Runner\Library\PackageCache\com.unity.modules.ai;+D:\Git\Hyper-Casual-Runner\Library\PackageCache\com.unity.modules.androidjni;+D:\Git\Hyper-Casual-Runner\Library\PackageCache\com.unity.modules.animation;+D:\Git\Hyper-Casual-Runner\Library\PackageCache\com.unity.modules.assetbundle;+D:\Git\Hyper-Casual-Runner\Library\PackageCache\com.unity.modules.audio;+D:\Git\Hyper-Casual-Runner\Library\PackageCache\com.unity.modules.cloth;+D:\Git\Hyper-Casual-Runner\Library\PackageCache\com.unity.modules.director;+D:\Git\Hyper-Casual-Runner\Library\PackageCache\com.unity.modules.imageconversion;+D:\Git\Hyper-Casual-Runner\Library\PackageCache\com.unity.modules.imgui;+D:\Git\Hyper-Casual-Runner\Library\PackageCache\com.unity.modules.jsonserialize;+D:\Git\Hyper-Casual-Runner\Library\PackageCache\com.unity.modules.particlesystem;+D:\Git\Hyper-Casual-Runner\Library\PackageCache\com.unity.modules.physics;+D:\Git\Hyper-Casual-Runner\Library\PackageCache\com.unity.modules.physics2d;+D:\Git\Hyper-Casual-Runner\Library\PackageCache\com.unity.modules.physicscore2d;+D:\Git\Hyper-Casual-Runner\Library\PackageCache\com.unity.modules.screencapture;+D:\Git\Hyper-Casual-Runner\Library\PackageCache\com.unity.modules.terrain;+D:\Git\Hyper-Casual-Runner\Library\PackageCache\com.unity.modules.terrainphysics;+D:\Git\Hyper-Casual-Runner\Library\PackageCache\com.unity.modules.tilemap;+D:\Git\Hyper-Casual-Runner\Library\PackageCache\com.unity.modules.ui;+D:\Git\Hyper-Casual-Runner\Library\PackageCache\com.unity.modules.uielements;+D:\Git\Hyper-Casual-Runner\Library\PackageCache\com.unity.modules.umbra;+D:\Git\Hyper-Casual-Runner\Library\PackageCache\com.unity.modules.unityanalytics;+D:\Git\Hyper-Casual-Runner\Library\PackageCache\com.unity.modules.unitywebrequest;+D:\Git\Hyper-Casual-Runner\Library\PackageCache\com.unity.modules.unitywebrequestassetbundle;+D:\Git\Hyper-Casual-Runner\Library\PackageCache\com.unity.modules.unitywebrequestaudio;+D:\Git\Hyper-Casual-Runner\Library\PackageCache\com.unity.modules.unitywebrequesttexture;+D:\Git\Hyper-Casual-Runner\Library\PackageCache\com.unity.modules.unitywebrequestwww;+D:\Git\Hyper-Casual-Runner\Library\PackageCache\com.unity.modules.vectorgraphics;+D:\Git\Hyper-Casual-Runner\Library\PackageCache\com.unity.modules.vehicles;+D:\Git\Hyper-Casual-Runner\Library\PackageCache\com.unity.modules.video;+D:\Git\Hyper-Casual-Runner\Library\PackageCache\com.unity.modules.wind;+D:\Git\Hyper-Casual-Runner\Library\PackageCache\com.unity.modules.xr;+D:\Git\Hyper-Casual-Runner\Library\PackageCache\com.unity.modules.subsystems;+D:\Git\Hyper-Casual-Runner\Library\PackageCache\com.unity.modules.hierarchycore;+D:\Git\Hyper-Casual-Runner\Library\PackageCache\com.unity.services.core@3464cb68d709;+D:\Git\Hyper-Casual-Runner\Library\PackageCache\com.unity.shadergraph@8d7376ec43ee;+D:\Git\Hyper-Casual-Runner\Library\PackageCache\com.unity.settings-manager@0b8638c5ce86;+D:\Git\Hyper-Casual-Runner\Library\PackageCache\com.unity.ide.visualstudio@a99d56dec63f;+D:\Git\Hyper-Casual-Runner\Library\PackageCache\com.unity.ide.rider@e4950c6d131b;+D:\Git\Hyper-Casual-Runner\Library\PackageCache\com.unity.editorcoroutines@87a15ed012c2;+D:\Git\Hyper-Casual-Runner\Library\PackageCache\com.unity.performance.profile-analyzer@2bb26871883c;+D:\Git\Hyper-Casual-Runner\Library\PackageCache\com.unity.test-framework@1405238725ab;+D:\Git\Hyper-Casual-Runner\Library\PackageCache\com.unity.testtools.codecoverage@19a841221620;+D:\Git\Hyper-Casual-Runner\Library\PackageCache\com.unity.render-pipelines.core@b19a46951e65;+D:\Git\Hyper-Casual-Runner\Library\PackageCache\com.unity.burst@6bb9aca3ef38;+D:\Git\Hyper-Casual-Runner\Library\PackageCache\com.unity.collections@a43cabe808ca;+D:\Git\Hyper-Casual-Runner\Library\PackageCache\com.unity.nuget.mono-cecil@ecb9724e46ff;+D:\Git\Hyper-Casual-Runner\Library\PackageCache\com.unity.profiling.core@8a49f7027d06;+D:\Git\Hyper-Casual-Runner\Library\PackageCache\com.unity.scriptablebuildpipeline@36e3b5898ee2;+D:\Git\Hyper-Casual-Runner\Library\PackageCache\com.unity.serialization@b2610f80ff18;+D:\Git\Hyper-Casual-Runner\Library\PackageCache\com.unity.test-framework.performance@8b56083ec0f0;+D:\Git\Hyper-Casual-Runner\Library\PackageCache\com.unity.modules.hierarchy;+D:\Git\Hyper-Casual-Runner\Library\PackageCache\com.unity.2d.common@73badf92ba8b;+D:\Git\Hyper-Casual-Runner\Library\PackageCache\com.unity.2d.sprite@053a968eab56;+D:\Git\Hyper-Casual-Runner\Library\PackageCache\com.unity.2d.tilemap@b959501fd678;+D:\Git\Hyper-Casual-Runner\Library\PackageCache\com.unity.nuget.newtonsoft-json@4dfd81071c64;+D:\Git\Hyper-Casual-Runner\Library\PackageCache\com.unity.searcher@d45a78918735;+D:\Git\Hyper-Casual-Runner\Library\PackageCache\com.unity.ext.nunit@44f7d31723bd;+D:\Git\Hyper-Casual-Runner\Library\PackageCache\com.unity.mathematics@981956d94fb6;Library/ScriptAssemblies;+C:\Program Files\Unity\Hub\Editor\6000.5.5f1\Editor\Data\Managed\UnityEngine" "C:/Program Files/Unity/Hub/Editor/6000.5.5f1/Editor/Data/Managed/UnityEngine/UnityEngine.AndroidJNIModule.dll" "C:/Program Files/Unity/Hub/Editor/6000.5.5f1/Editor/Data/Managed/UnityEngine/UnityEngine.CoreModule.dll"
Filename: C:\Program Files\Unity\Hub\Editor\6000.5.5f1\Editor\Data\DotNetSdk\dotnet.exe
Arguments: "C:/Program Files/Unity/Hub/Editor/6000.5.5f1/Editor/Data/Tools/BuildPipeline/Compilation/ApiUpdater/AssemblyUpdater.dll" update -a "Assets/ExternalDependencyManager/Editor/Google.VersionHandler.dll" --output "C:/Users/AZAD/AppData/Local/Temp/tmp6edcc070.tmp" --api-version 6000.5.5f1  -s "C:\Program Files\Unity\Hub\Editor\6000.5.5f1\Editor\Data\NetStandard\ref\2.1.0;C:\Program Files\Unity\Hub\Editor\6000.5.5f1\Editor\Data\NetStandard\compat\2.1.0\shims\netstandard;C:\Program Files\Unity\Hub\Editor\6000.5.5f1\Editor\Data\NetStandard\compat\2.1.0\shims\netfx;+D:/Git/Hyper-Casual-Runner/Assets;+D:\Git\Useful-Houdini-Stuff\Unity\Unity3DMCP\UnityPackage;+D:\Git\Hyper-Casual-Runner\Library\PackageCache\com.unity.2d.psdimporter@5d82044f9e43;+D:\Git\Hyper-Casual-Runner\Library\PackageCache\com.unity.collab-proxy@4f3be89e8675;+D:\Git\Hyper-Casual-Runner\Library\PackageCache\com.unity.device-simulator.devices@2af643ceec84;+D:\Git\Hyper-Casual-Runner\Library\PackageCache\com.unity.entities@7c40ffdd1a69;+D:\Git\Hyper-Casual-Runner\Library\PackageCache\com.unity.entities.graphics@d145f0960701;+D:\Git\Hyper-Casual-Runner\Library\PackageCache\com.unity.feature.development@767aadbc6eb7;+D:\Git\Hyper-Casual-Runner\Library\PackageCache\com.unity.multiplayer.center@b860850997d0;+D:\Git\Hyper-Casual-Runner\Library\PackageCache\com.unity.probuilder@8be9724b2335;+D:\Git\Hyper-Casual-Runner\Library\PackageCache\com.unity.services.levelplay@1a1e0681a085;+D:\Git\Hyper-Casual-Runner\Library\PackageCache\com.unity.timeline@8cd8509afae5;+D:\Git\Hyper-Casual-Runner\Library\PackageCache\com.unity.ugui@f2d87ebaaa32;+D:\Git\Hyper-Casual-Runner\Library\PackageCache\com.unity.visualscripting@8bed5ad90189;+D:\Git\Hyper-Casual-Runner\Library\PackageCache\com.unity.modules.accessibility;+D:\Git\Hyper-Casual-Runner\Library\PackageCache\com.unity.modules.adaptiveperformance;+D:\Git\Hyper-Casual-Runner\Library\PackageCache\com.unity.modules.ai;+D:\Git\Hyper-Casual-Runner\Library\PackageCache\com.unity.modules.androidjni;+D:\Git\Hyper-Casual-Runner\Library\PackageCache\com.unity.modules.animation;+D:\Git\Hyper-Casual-Runner\Library\PackageCache\com.unity.modules.assetbundle;+D:\Git\Hyper-Casual-Runner\Library\PackageCache\com.unity.modules.audio;+D:\Git\Hyper-Casual-Runner\Library\PackageCache\com.unity.modules.cloth;+D:\Git\Hyper-Casual-Runner\Library\PackageCache\com.unity.modules.director;+D:\Git\Hyper-Casual-Runner\Library\PackageCache\com.unity.modules.imageconversion;+D:\Git\Hyper-Casual-Runner\Library\PackageCache\com.unity.modules.imgui;+D:\Git\Hyper-Casual-Runner\Library\PackageCache\com.unity.modules.jsonserialize;+D:\Git\Hyper-Casual-Runner\Library\PackageCache\com.unity.modules.particlesystem;+D:\Git\Hyper-Casual-Runner\Library\PackageCache\com.unity.modules.physics;+D:\Git\Hyper-Casual-Runner\Library\PackageCache\com.unity.modules.physics2d;+D:\Git\Hyper-Casual-Runner\Library\PackageCache\com.unity.modules.physicscore2d;+D:\Git\Hyper-Casual-Runner\Library\PackageCache\com.unity.modules.screencapture;+D:\Git\Hyper-Casual-Runner\Library\PackageCache\com.unity.modules.terrain;+D:\Git\Hyper-Casual-Runner\Library\PackageCache\com.unity.modules.terrainphysics;+D:\Git\Hyper-Casual-Runner\Library\PackageCache\com.unity.modules.tilemap;+D:\Git\Hyper-Casual-Runner\Library\PackageCache\com.unity.modules.ui;+D:\Git\Hyper-Casual-Runner\Library\PackageCache\com.unity.modules.uielements;+D:\Git\Hyper-Casual-Runner\Library\PackageCache\com.unity.modules.umbra;+D:\Git\Hyper-Casual-Runner\Library\PackageCache\com.unity.modules.unityanalytics;+D:\Git\Hyper-Casual-Runner\Library\PackageCache\com.unity.modules.unitywebrequest;+D:\Git\Hyper-Casual-Runner\Library\PackageCache\com.unity.modules.unitywebrequestassetbundle;+D:\Git\Hyper-Casual-Runner\Library\PackageCache\com.unity.modules.unitywebrequestaudio;+D:\Git\Hyper-Casual-Runner\Library\PackageCache\com.unity.modules.unitywebrequesttexture;+D:\Git\Hyper-Casual-Runner\Library\PackageCache\com.unity.modules.unitywebrequestwww;+D:\Git\Hyper-Casual-Runner\Library\PackageCache\com.unity.modules.vectorgraphics;+D:\Git\Hyper-Casual-Runner\Library\PackageCache\com.unity.modules.vehicles;+D:\Git\Hyper-Casual-Runner\Library\PackageCache\com.unity.modules.video;+D:\Git\Hyper-Casual-Runner\Library\PackageCache\com.unity.modules.wind;+D:\Git\Hyper-Casual-Runner\Library\PackageCache\com.unity.modules.xr;+D:\Git\Hyper-Casual-Runner\Library\PackageCache\com.unity.modules.subsystems;+D:\Git\Hyper-Casual-Runner\Library\PackageCache\com.unity.modules.hierarchycore;+D:\Git\Hyper-Casual-Runner\Library\PackageCache\com.unity.services.core@3464cb68d709;+D:\Git\Hyper-Casual-Runner\Library\PackageCache\com.unity.shadergraph@8d7376ec43ee;+D:\Git\Hyper-Casual-Runner\Library\PackageCache\com.unity.settings-manager@0b8638c5ce86;+D:\Git\Hyper-Casual-Runner\Library\PackageCache\com.unity.ide.visualstudio@a99d56dec63f;+D:\Git\Hyper-Casual-Runner\Library\PackageCache\com.unity.ide.rider@e4950c6d131b;+D:\Git\Hyper-Casual-Runner\Library\PackageCache\com.unity.editorcoroutines@87a15ed012c2;+D:\Git\Hyper-Casual-Runner\Library\PackageCache\com.unity.performance.profile-analyzer@2bb26871883c;+D:\Git\Hyper-Casual-Runner\Library\PackageCache\com.unity.test-framework@1405238725ab;+D:\Git\Hyper-Casual-Runner\Library\PackageCache\com.unity.testtools.codecoverage@19a841221620;+D:\Git\Hyper-Casual-Runner\Library\PackageCache\com.unity.render-pipelines.core@b19a46951e65;+D:\Git\Hyper-Casual-Runner\Library\PackageCache\com.unity.burst@6bb9aca3ef38;+D:\Git\Hyper-Casual-Runner\Library\PackageCache\com.unity.collections@a43cabe808ca;+D:\Git\Hyper-Casual-Runner\Library\PackageCache\com.unity.nuget.mono-cecil@ecb9724e46ff;+D:\Git\Hyper-Casual-Runner\Library\PackageCache\com.unity.profiling.core@8a49f7027d06;+D:\Git\Hyper-Casual-Runner\Library\PackageCache\com.unity.scriptablebuildpipeline@36e3b5898ee2;+D:\Git\Hyper-Casual-Runner\Library\PackageCache\com.unity.serialization@b2610f80ff18;+D:\Git\Hyper-Casual-Runner\Library\PackageCache\com.unity.test-framework.performance@8b56083ec0f0;+D:\Git\Hyper-Casual-Runner\Library\PackageCache\com.unity.modules.hierarchy;+D:\Git\Hyper-Casual-Runner\Library\PackageCache\com.unity.2d.common@73badf92ba8b;+D:\Git\Hyper-Casual-Runner\Library\PackageCache\com.unity.2d.sprite@053a968eab56;+D:\Git\Hyper-Casual-Runner\Library\PackageCache\com.unity.2d.tilemap@b959501fd678;+D:\Git\Hyper-Casual-Runner\Library\PackageCache\com.unity.nuget.newtonsoft-json@4dfd81071c64;+D:\Git\Hyper-Casual-Runner\Library\PackageCache\com.unity.searcher@d45a78918735;+D:\Git\Hyper-Casual-Runner\Library\PackageCache\com.unity.ext.nunit@44f7d31723bd;+D:\Git\Hyper-Casual-Runner\Library\PackageCache\com.unity.mathematics@981956d94fb6;Library/ScriptAssemblies;+C:\Program Files\Unity\Hub\Editor\6000.5.5f1\Editor\Data\Managed;+C:\Program Files\Unity\Hub\Editor\6000.5.5f1\Editor\Data\Managed\UnityEngine" "C:/Program Files/Unity/Hub/Editor/6000.5.5f1/Editor/Data/Managed/UnityEditor.dll" "C:/Program Files/Unity/Hub/Editor/6000.5.5f1/Editor/Data/Managed/UnityEngine/UnityEngine.CoreModule.dll"
Arguments: "C:/Program Files/Unity/Hub/Editor/6000.5.5f1/Editor/Data/Tools/BuildPipeline/Compilation/ApiUpdater/AssemblyUpdater.dll" update -a "Assets/ExternalDependencyManager/Editor/1.2.176/Google.PackageManagerResolver.dll" --output "C:/Users/AZAD/AppData/Local/Temp/tmp4dff0e23.tmp" --api-version 6000.5.5f1  -s "C:\Program Files\Unity\Hub\Editor\6000.5.5f1\Editor\Data\NetStandard\ref\2.1.0;C:\Program Files\Unity\Hub\Editor\6000.5.5f1\Editor\Data\NetStandard\compat\2.1.0\shims\netstandard;C:\Program Files\Unity\Hub\Editor\6000.5.5f1\Editor\Data\NetStandard\compat\2.1.0\shims\netfx;+D:/Git/Hyper-Casual-Runner/Assets;+D:\Git\Useful-Houdini-Stuff\Unity\Unity3DMCP\UnityPackage;+D:\Git\Hyper-Casual-Runner\Library\PackageCache\com.unity.2d.psdimporter@5d82044f9e43;+D:\Git\Hyper-Casual-Runner\Library\PackageCache\com.unity.collab-proxy@4f3be89e8675;+D:\Git\Hyper-Casual-Runner\Library\PackageCache\com.unity.device-simulator.devices@2af643ceec84;+D:\Git\Hyper-Casual-Runner\Library\PackageCache\com.unity.entities@7c40ffdd1a69;+D:\Git\Hyper-Casual-Runner\Library\PackageCache\com.unity.entities.graphics@d145f0960701;+D:\Git\Hyper-Casual-Runner\Library\PackageCache\com.unity.feature.development@767aadbc6eb7;+D:\Git\Hyper-Casual-Runner\Library\PackageCache\com.unity.multiplayer.center@b860850997d0;+D:\Git\Hyper-Casual-Runner\Library\PackageCache\com.unity.probuilder@8be9724b2335;+D:\Git\Hyper-Casual-Runner\Library\PackageCache\com.unity.services.levelplay@1a1e0681a085;+D:\Git\Hyper-Casual-Runner\Library\PackageCache\com.unity.timeline@8cd8509afae5;+D:\Git\Hyper-Casual-Runner\Library\PackageCache\com.unity.ugui@f2d87ebaaa32;+D:\Git\Hyper-Casual-Runner\Library\PackageCache\com.unity.visualscripting@8bed5ad90189;+D:\Git\Hyper-Casual-Runner\Library\PackageCache\com.unity.modules.accessibility;+D:\Git\Hyper-Casual-Runner\Library\PackageCache\com.unity.modules.adaptiveperformance;+D:\Git\Hyper-Casual-Runner\Library\PackageCache\com.unity.modules.ai;+D:\Git\Hyper-Casual-Runner\Library\PackageCache\com.unity.modules.androidjni;+D:\Git\Hyper-Casual-Runner\Library\PackageCache\com.unity.modules.animation;+D:\Git\Hyper-Casual-Runner\Library\PackageCache\com.unity.modules.assetbundle;+D:\Git\Hyper-Casual-Runner\Library\PackageCache\com.unity.modules.audio;+D:\Git\Hyper-Casual-Runner\Library\PackageCache\com.unity.modules.cloth;+D:\Git\Hyper-Casual-Runner\Library\PackageCache\com.unity.modules.director;+D:\Git\Hyper-Casual-Runner\Library\PackageCache\com.unity.modules.imageconversion;+D:\Git\Hyper-Casual-Runner\Library\PackageCache\com.unity.modules.imgui;+D:\Git\Hyper-Casual-Runner\Library\PackageCache\com.unity.modules.jsonserialize;+D:\Git\Hyper-Casual-Runner\Library\PackageCache\com.unity.modules.particlesystem;+D:\Git\Hyper-Casual-Runner\Library\PackageCache\com.unity.modules.physics;+D:\Git\Hyper-Casual-Runner\Library\PackageCache\com.unity.modules.physics2d;+D:\Git\Hyper-Casual-Runner\Library\PackageCache\com.unity.modules.physicscore2d;+D:\Git\Hyper-Casual-Runner\Library\PackageCache\com.unity.modules.screencapture;+D:\Git\Hyper-Casual-Runner\Library\PackageCache\com.unity.modules.terrain;+D:\Git\Hyper-Casual-Runner\Library\PackageCache\com.unity.modules.terrainphysics;+D:\Git\Hyper-Casual-Runner\Library\PackageCache\com.unity.modules.tilemap;+D:\Git\Hyper-Casual-Runner\Library\PackageCache\com.unity.modules.ui;+D:\Git\Hyper-Casual-Runner\Library\PackageCache\com.unity.modules.uielements;+D:\Git\Hyper-Casual-Runner\Library\PackageCache\com.unity.modules.umbra;+D:\Git\Hyper-Casual-Runner\Library\PackageCache\com.unity.modules.unityanalytics;+D:\Git\Hyper-Casual-Runner\Library\PackageCache\com.unity.modules.unitywebrequest;+D:\Git\Hyper-Casual-Runner\Library\PackageCache\com.unity.modules.unitywebrequestassetbundle;+D:\Git\Hyper-Casual-Runner\Library\PackageCache\com.unity.modules.unitywebrequestaudio;+D:\Git\Hyper-Casual-Runner\Library\PackageCache\com.unity.modules.unitywebrequesttexture;+D:\Git\Hyper-Casual-Runner\Library\PackageCache\com.unity.modules.unitywebrequestwww;+D:\Git\Hyper-Casual-Runner\Library\PackageCache\com.unity.modules.vectorgraphics;+D:\Git\Hyper-Casual-Runner\Library\PackageCache\com.unity.modules.vehicles;+D:\Git\Hyper-Casual-Runner\Library\PackageCache\com.unity.modules.video;+D:\Git\Hyper-Casual-Runner\Library\PackageCache\com.unity.modules.wind;+D:\Git\Hyper-Casual-Runner\Library\PackageCache\com.unity.modules.xr;+D:\Git\Hyper-Casual-Runner\Library\PackageCache\com.unity.modules.subsystems;+D:\Git\Hyper-Casual-Runner\Library\PackageCache\com.unity.modules.hierarchycore;+D:\Git\Hyper-Casual-Runner\Library\PackageCache\com.unity.services.core@3464cb68d709;+D:\Git\Hyper-Casual-Runner\Library\PackageCache\com.unity.shadergraph@8d7376ec43ee;+D:\Git\Hyper-Casual-Runner\Library\PackageCache\com.unity.settings-manager@0b8638c5ce86;+D:\Git\Hyper-Casual-Runner\Library\PackageCache\com.unity.ide.visualstudio@a99d56dec63f;+D:\Git\Hyper-Casual-Runner\Library\PackageCache\com.unity.ide.rider@e4950c6d131b;+D:\Git\Hyper-Casual-Runner\Library\PackageCache\com.unity.editorcoroutines@87a15ed012c2;+D:\Git\Hyper-Casual-Runner\Library\PackageCache\com.unity.performance.profile-analyzer@2bb26871883c;+D:\Git\Hyper-Casual-Runner\Library\PackageCache\com.unity.test-framework@1405238725ab;+D:\Git\Hyper-Casual-Runner\Library\PackageCache\com.unity.testtools.codecoverage@19a841221620;+D:\Git\Hyper-Casual-Runner\Library\PackageCache\com.unity.render-pipelines.core@b19a46951e65;+D:\Git\Hyper-Casual-Runner\Library\PackageCache\com.unity.burst@6bb9aca3ef38;+D:\Git\Hyper-Casual-Runner\Library\PackageCache\com.unity.collections@a43cabe808ca;+D:\Git\Hyper-Casual-Runner\Library\PackageCache\com.unity.nuget.mono-cecil@ecb9724e46ff;+D:\Git\Hyper-Casual-Runner\Library\PackageCache\com.unity.profiling.core@8a49f7027d06;+D:\Git\Hyper-Casual-Runner\Library\PackageCache\com.unity.scriptablebuildpipeline@36e3b5898ee2;+D:\Git\Hyper-Casual-Runner\Library\PackageCache\com.unity.serialization@b2610f80ff18;+D:\Git\Hyper-Casual-Runner\Library\PackageCache\com.unity.test-framework.performance@8b56083ec0f0;+D:\Git\Hyper-Casual-Runner\Library\PackageCache\com.unity.modules.hierarchy;+D:\Git\Hyper-Casual-Runner\Library\PackageCache\com.unity.2d.common@73badf92ba8b;+D:\Git\Hyper-Casual-Runner\Library\PackageCache\com.unity.2d.sprite@053a968eab56;+D:\Git\Hyper-Casual-Runner\Library\PackageCache\com.unity.2d.tilemap@b959501fd678;+D:\Git\Hyper-Casual-Runner\Library\PackageCache\com.unity.nuget.newtonsoft-json@4dfd81071c64;+D:\Git\Hyper-Casual-Runner\Library\PackageCache\com.unity.searcher@d45a78918735;+D:\Git\Hyper-Casual-Runner\Library\PackageCache\com.unity.ext.nunit@44f7d31723bd;+D:\Git\Hyper-Casual-Runner\Library\PackageCache\com.unity.mathematics@981956d94fb6;Library/ScriptAssemblies;+C:\Program Files\Unity\Hub\Editor\6000.5.5f1\Editor\Data\Managed\UnityEngine;+C:\Program Files\Unity\Hub\Editor\6000.5.5f1\Editor\Data\Managed" "C:/Program Files/Unity/Hub/Editor/6000.5.5f1/Editor/Data/Managed/UnityEngine/UnityEngine.CoreModule.dll" "C:/Program Files/Unity/Hub/Editor/6000.5.5f1/Editor/Data/Managed/UnityEditor.dll" "C:/Program Files/Unity/Hub/Editor/6000.5.5f1/Editor/Data/Managed/UnityEngine/UnityEngine.IMGUIModule.dll"
Filename: C:\Program Files\Unity\Hub\Editor\6000.5.5f1\Editor\Data\DotNetSdk\dotnet.exe
Arguments: "C:/Program Files/Unity/Hub/Editor/6000.5.5f1/Editor/Data/Tools/BuildPipeline/Compilation/ApiUpdater/AssemblyUpdater.dll" update -a "Assets/Plugins/Demigiant/DOTween/DOTween.dll" --output "C:/Users/AZAD/AppData/Local/Temp/tmp182f4837.tmp" --api-version 6000.5.5f1  -s "C:\Program Files\Unity\Hub\Editor\6000.5.5f1\Editor\Data\NetStandard\ref\2.1.0;C:\Program Files\Unity\Hub\Editor\6000.5.5f1\Editor\Data\NetStandard\compat\2.1.0\shims\netstandard;C:\Program Files\Unity\Hub\Editor\6000.5.5f1\Editor\Data\NetStandard\compat\2.1.0\shims\netfx;+D:/Git/Hyper-Casual-Runner/Assets;+D:\Git\Useful-Houdini-Stuff\Unity\Unity3DMCP\UnityPackage;+D:\Git\Hyper-Casual-Runner\Library\PackageCache\com.unity.2d.psdimporter@5d82044f9e43;+D:\Git\Hyper-Casual-Runner\Library\PackageCache\com.unity.collab-proxy@4f3be89e8675;+D:\Git\Hyper-Casual-Runner\Library\PackageCache\com.unity.device-simulator.devices@2af643ceec84;+D:\Git\Hyper-Casual-Runner\Library\PackageCache\com.unity.entities@7c40ffdd1a69;+D:\Git\Hyper-Casual-Runner\Library\PackageCache\com.unity.entities.graphics@d145f0960701;+D:\Git\Hyper-Casual-Runner\Library\PackageCache\com.unity.feature.development@767aadbc6eb7;+D:\Git\Hyper-Casual-Runner\Library\PackageCache\com.unity.multiplayer.center@b860850997d0;+D:\Git\Hyper-Casual-Runner\Library\PackageCache\com.unity.probuilder@8be9724b2335;+D:\Git\Hyper-Casual-Runner\Library\PackageCache\com.unity.services.levelplay@1a1e0681a085;+D:\Git\Hyper-Casual-Runner\Library\PackageCache\com.unity.timeline@8cd8509afae5;+D:\Git\Hyper-Casual-Runner\Library\PackageCache\com.unity.ugui@f2d87ebaaa32;+D:\Git\Hyper-Casual-Runner\Library\PackageCache\com.unity.visualscripting@8bed5ad90189;+D:\Git\Hyper-Casual-Runner\Library\PackageCache\com.unity.modules.accessibility;+D:\Git\Hyper-Casual-Runner\Library\PackageCache\com.unity.modules.adaptiveperformance;+D:\Git\Hyper-Casual-Runner\Library\PackageCache\com.unity.modules.ai;+D:\Git\Hyper-Casual-Runner\Library\PackageCache\com.unity.modules.androidjni;+D:\Git\Hyper-Casual-Runner\Library\PackageCache\com.unity.modules.animation;+D:\Git\Hyper-Casual-Runner\Library\PackageCache\com.unity.modules.assetbundle;+D:\Git\Hyper-Casual-Runner\Library\PackageCache\com.unity.modules.audio;+D:\Git\Hyper-Casual-Runner\Library\PackageCache\com.unity.modules.cloth;+D:\Git\Hyper-Casual-Runner\Library\PackageCache\com.unity.modules.director;+D:\Git\Hyper-Casual-Runner\Library\PackageCache\com.unity.modules.imageconversion;+D:\Git\Hyper-Casual-Runner\Library\PackageCache\com.unity.modules.imgui;+D:\Git\Hyper-Casual-Runner\Library\PackageCache\com.unity.modules.jsonserialize;+D:\Git\Hyper-Casual-Runner\Library\PackageCache\com.unity.modules.particlesystem;+D:\Git\Hyper-Casual-Runner\Library\PackageCache\com.unity.modules.physics;+D:\Git\Hyper-Casual-Runner\Library\PackageCache\com.unity.modules.physics2d;+D:\Git\Hyper-Casual-Runner\Library\PackageCache\com.unity.modules.physicscore2d;+D:\Git\Hyper-Casual-Runner\Library\PackageCache\com.unity.modules.screencapture;+D:\Git\Hyper-Casual-Runner\Library\PackageCache\com.unity.modules.terrain;+D:\Git\Hyper-Casual-Runner\Library\PackageCache\com.unity.modules.terrainphysics;+D:\Git\Hyper-Casual-Runner\Library\PackageCache\com.unity.modules.tilemap;+D:\Git\Hyper-Casual-Runner\Library\PackageCache\com.unity.modules.ui;+D:\Git\Hyper-Casual-Runner\Library\PackageCache\com.unity.modules.uielements;+D:\Git\Hyper-Casual-Runner\Library\PackageCache\com.unity.modules.umbra;+D:\Git\Hyper-Casual-Runner\Library\PackageCache\com.unity.modules.unityanalytics;+D:\Git\Hyper-Casual-Runner\Library\PackageCache\com.unity.modules.unitywebrequest;+D:\Git\Hyper-Casual-Runner\Library\PackageCache\com.unity.modules.unitywebrequestassetbundle;+D:\Git\Hyper-Casual-Runner\Library\PackageCache\com.unity.modules.unitywebrequestaudio;+D:\Git\Hyper-Casual-Runner\Library\PackageCache\com.unity.modules.unitywebrequesttexture;+D:\Git\Hyper-Casual-Runner\Library\PackageCache\com.unity.modules.unitywebrequestwww;+D:\Git\Hyper-Casual-Runner\Library\PackageCache\com.unity.modules.vectorgraphics;+D:\Git\Hyper-Casual-Runner\Library\PackageCache\com.unity.modules.vehicles;+D:\Git\Hyper-Casual-Runner\Library\PackageCache\com.unity.modules.video;+D:\Git\Hyper-Casual-Runner\Library\PackageCache\com.unity.modules.wind;+D:\Git\Hyper-Casual-Runner\Library\PackageCache\com.unity.modules.xr;+D:\Git\Hyper-Casual-Runner\Library\PackageCache\com.unity.modules.subsystems;+D:\Git\Hyper-Casual-Runner\Library\PackageCache\com.unity.modules.hierarchycore;+D:\Git\Hyper-Casual-Runner\Library\PackageCache\com.unity.services.core@3464cb68d709;+D:\Git\Hyper-Casual-Runner\Library\PackageCache\com.unity.shadergraph@8d7376ec43ee;+D:\Git\Hyper-Casual-Runner\Library\PackageCache\com.unity.settings-manager@0b8638c5ce86;+D:\Git\Hyper-Casual-Runner\Library\PackageCache\com.unity.ide.visualstudio@a99d56dec63f;+D:\Git\Hyper-Casual-Runner\Library\PackageCache\com.unity.ide.rider@e4950c6d131b;+D:\Git\Hyper-Casual-Runner\Library\PackageCache\com.unity.editorcoroutines@87a15ed012c2;+D:\Git\Hyper-Casual-Runner\Library\PackageCache\com.unity.performance.profile-analyzer@2bb26871883c;+D:\Git\Hyper-Casual-Runner\Library\PackageCache\com.unity.test-framework@1405238725ab;+D:\Git\Hyper-Casual-Runner\Library\PackageCache\com.unity.testtools.codecoverage@19a841221620;+D:\Git\Hyper-Casual-Runner\Library\PackageCache\com.unity.render-pipelines.core@b19a46951e65;+D:\Git\Hyper-Casual-Runner\Library\PackageCache\com.unity.burst@6bb9aca3ef38;+D:\Git\Hyper-Casual-Runner\Library\PackageCache\com.unity.collections@a43cabe808ca;+D:\Git\Hyper-Casual-Runner\Library\PackageCache\com.unity.nuget.mono-cecil@ecb9724e46ff;+D:\Git\Hyper-Casual-Runner\Library\PackageCache\com.unity.profiling.core@8a49f7027d06;+D:\Git\Hyper-Casual-Runner\Library\PackageCache\com.unity.scriptablebuildpipeline@36e3b5898ee2;+D:\Git\Hyper-Casual-Runner\Library\PackageCache\com.unity.serialization@b2610f80ff18;+D:\Git\Hyper-Casual-Runner\Library\PackageCache\com.unity.test-framework.performance@8b56083ec0f0;+D:\Git\Hyper-Casual-Runner\Library\PackageCache\com.unity.modules.hierarchy;+D:\Git\Hyper-Casual-Runner\Library\PackageCache\com.unity.2d.common@73badf92ba8b;+D:\Git\Hyper-Casual-Runner\Library\PackageCache\com.unity.2d.sprite@053a968eab56;+D:\Git\Hyper-Casual-Runner\Library\PackageCache\com.unity.2d.tilemap@b959501fd678;+D:\Git\Hyper-Casual-Runner\Library\PackageCache\com.unity.nuget.newtonsoft-json@4dfd81071c64;+D:\Git\Hyper-Casual-Runner\Library\PackageCache\com.unity.searcher@d45a78918735;+D:\Git\Hyper-Casual-Runner\Library\PackageCache\com.unity.ext.nunit@44f7d31723bd;+D:\Git\Hyper-Casual-Runner\Library\PackageCache\com.unity.mathematics@981956d94fb6;Library/ScriptAssemblies;+C:\Program Files\Unity\Hub\Editor\6000.5.5f1\Editor\Data\Managed" "C:/Program Files/Unity/Hub/Editor/6000.5.5f1/Editor/Data/Managed/UnityEngine.dll"
Filename: C:\Program Files\Unity\Hub\Editor\6000.5.5f1\Editor\Data\DotNetSdk\dotnet.exe
Arguments: "C:/Program Files/Unity/Hub/Editor/6000.5.5f1/Editor/Data/Tools/BuildPipeline/Compilation/ApiUpdater/AssemblyUpdater.dll" update -a "Assets/Plugins/Demigiant/DOTween/Editor/DOTweenEditor.dll" --output "C:/Users/AZAD/AppData/Local/Temp/tmp924ccf0.tmp" --api-version 6000.5.5f1  -s "C:\Program Files\Unity\Hub\Editor\6000.5.5f1\Editor\Data\NetStandard\ref\2.1.0;C:\Program Files\Unity\Hub\Editor\6000.5.5f1\Editor\Data\NetStandard\compat\2.1.0\shims\netstandard;C:\Program Files\Unity\Hub\Editor\6000.5.5f1\Editor\Data\NetStandard\compat\2.1.0\shims\netfx;+D:/Git/Hyper-Casual-Runner/Assets;+D:\Git\Useful-Houdini-Stuff\Unity\Unity3DMCP\UnityPackage;+D:\Git\Hyper-Casual-Runner\Library\PackageCache\com.unity.2d.psdimporter@5d82044f9e43;+D:\Git\Hyper-Casual-Runner\Library\PackageCache\com.unity.collab-proxy@4f3be89e8675;+D:\Git\Hyper-Casual-Runner\Library\PackageCache\com.unity.device-simulator.devices@2af643ceec84;+D:\Git\Hyper-Casual-Runner\Library\PackageCache\com.unity.entities@7c40ffdd1a69;+D:\Git\Hyper-Casual-Runner\Library\PackageCache\com.unity.entities.graphics@d145f0960701;+D:\Git\Hyper-Casual-Runner\Library\PackageCache\com.unity.feature.development@767aadbc6eb7;+D:\Git\Hyper-Casual-Runner\Library\PackageCache\com.unity.multiplayer.center@b860850997d0;+D:\Git\Hyper-Casual-Runner\Library\PackageCache\com.unity.probuilder@8be9724b2335;+D:\Git\Hyper-Casual-Runner\Library\PackageCache\com.unity.services.levelplay@1a1e0681a085;+D:\Git\Hyper-Casual-Runner\Library\PackageCache\com.unity.timeline@8cd8509afae5;+D:\Git\Hyper-Casual-Runner\Library\PackageCache\com.unity.ugui@f2d87ebaaa32;+D:\Git\Hyper-Casual-Runner\Library\PackageCache\com.unity.visualscripting@8bed5ad90189;+D:\Git\Hyper-Casual-Runner\Library\PackageCache\com.unity.modules.accessibility;+D:\Git\Hyper-Casual-Runner\Library\PackageCache\com.unity.modules.adaptiveperformance;+D:\Git\Hyper-Casual-Runner\Library\PackageCache\com.unity.modules.ai;+D:\Git\Hyper-Casual-Runner\Library\PackageCache\com.unity.modules.androidjni;+D:\Git\Hyper-Casual-Runner\Library\PackageCache\com.unity.modules.animation;+D:\Git\Hyper-Casual-Runner\Library\PackageCache\com.unity.modules.assetbundle;+D:\Git\Hyper-Casual-Runner\Library\PackageCache\com.unity.modules.audio;+D:\Git\Hyper-Casual-Runner\Library\PackageCache\com.unity.modules.cloth;+D:\Git\Hyper-Casual-Runner\Library\PackageCache\com.unity.modules.director;+D:\Git\Hyper-Casual-Runner\Library\PackageCache\com.unity.modules.imageconversion;+D:\Git\Hyper-Casual-Runner\Library\PackageCache\com.unity.modules.imgui;+D:\Git\Hyper-Casual-Runner\Library\PackageCache\com.unity.modules.jsonserialize;+D:\Git\Hyper-Casual-Runner\Library\PackageCache\com.unity.modules.particlesystem;+D:\Git\Hyper-Casual-Runner\Library\PackageCache\com.unity.modules.physics;+D:\Git\Hyper-Casual-Runner\Library\PackageCache\com.unity.modules.physics2d;+D:\Git\Hyper-Casual-Runner\Library\PackageCache\com.unity.modules.physicscore2d;+D:\Git\Hyper-Casual-Runner\Library\PackageCache\com.unity.modules.screencapture;+D:\Git\Hyper-Casual-Runner\Library\PackageCache\com.unity.modules.terrain;+D:\Git\Hyper-Casual-Runner\Library\PackageCache\com.unity.modules.terrainphysics;+D:\Git\Hyper-Casual-Runner\Library\PackageCache\com.unity.modules.tilemap;+D:\Git\Hyper-Casual-Runner\Library\PackageCache\com.unity.modules.ui;+D:\Git\Hyper-Casual-Runner\Library\PackageCache\com.unity.modules.uielements;+D:\Git\Hyper-Casual-Runner\Library\PackageCache\com.unity.modules.umbra;+D:\Git\Hyper-Casual-Runner\Library\PackageCache\com.unity.modules.unityanalytics;+D:\Git\Hyper-Casual-Runner\Library\PackageCache\com.unity.modules.unitywebrequest;+D:\Git\Hyper-Casual-Runner\Library\PackageCache\com.unity.modules.unitywebrequestassetbundle;+D:\Git\Hyper-Casual-Runner\Library\PackageCache\com.unity.modules.unitywebrequestaudio;+D:\Git\Hyper-Casual-Runner\Library\PackageCache\com.unity.modules.unitywebrequesttexture;+D:\Git\Hyper-Casual-Runner\Library\PackageCache\com.unity.modules.unitywebrequestwww;+D:\Git\Hyper-Casual-Runner\Library\PackageCache\com.unity.modules.vectorgraphics;+D:\Git\Hyper-Casual-Runner\Library\PackageCache\com.unity.modules.vehicles;+D:\Git\Hyper-Casual-Runner\Library\PackageCache\com.unity.modules.video;+D:\Git\Hyper-Casual-Runner\Library\PackageCache\com.unity.modules.wind;+D:\Git\Hyper-Casual-Runner\Library\PackageCache\com.unity.modules.xr;+D:\Git\Hyper-Casual-Runner\Library\PackageCache\com.unity.modules.subsystems;+D:\Git\Hyper-Casual-Runner\Library\PackageCache\com.unity.modules.hierarchycore;+D:\Git\Hyper-Casual-Runner\Library\PackageCache\com.unity.services.core@3464cb68d709;+D:\Git\Hyper-Casual-Runner\Library\PackageCache\com.unity.shadergraph@8d7376ec43ee;+D:\Git\Hyper-Casual-Runner\Library\PackageCache\com.unity.settings-manager@0b8638c5ce86;+D:\Git\Hyper-Casual-Runner\Library\PackageCache\com.unity.ide.visualstudio@a99d56dec63f;+D:\Git\Hyper-Casual-Runner\Library\PackageCache\com.unity.ide.rider@e4950c6d131b;+D:\Git\Hyper-Casual-Runner\Library\PackageCache\com.unity.editorcoroutines@87a15ed012c2;+D:\Git\Hyper-Casual-Runner\Library\PackageCache\com.unity.performance.profile-analyzer@2bb26871883c;+D:\Git\Hyper-Casual-Runner\Library\PackageCache\com.unity.test-framework@1405238725ab;+D:\Git\Hyper-Casual-Runner\Library\PackageCache\com.unity.testtools.codecoverage@19a841221620;+D:\Git\Hyper-Casual-Runner\Library\PackageCache\com.unity.render-pipelines.core@b19a46951e65;+D:\Git\Hyper-Casual-Runner\Library\PackageCache\com.unity.burst@6bb9aca3ef38;+D:\Git\Hyper-Casual-Runner\Library\PackageCache\com.unity.collections@a43cabe808ca;+D:\Git\Hyper-Casual-Runner\Library\PackageCache\com.unity.nuget.mono-cecil@ecb9724e46ff;+D:\Git\Hyper-Casual-Runner\Library\PackageCache\com.unity.profiling.core@8a49f7027d06;+D:\Git\Hyper-Casual-Runner\Library\PackageCache\com.unity.scriptablebuildpipeline@36e3b5898ee2;+D:\Git\Hyper-Casual-Runner\Library\PackageCache\com.unity.serialization@b2610f80ff18;+D:\Git\Hyper-Casual-Runner\Library\PackageCache\com.unity.test-framework.performance@8b56083ec0f0;+D:\Git\Hyper-Casual-Runner\Library\PackageCache\com.unity.modules.hierarchy;+D:\Git\Hyper-Casual-Runner\Library\PackageCache\com.unity.2d.common@73badf92ba8b;+D:\Git\Hyper-Casual-Runner\Library\PackageCache\com.unity.2d.sprite@053a968eab56;+D:\Git\Hyper-Casual-Runner\Library\PackageCache\com.unity.2d.tilemap@b959501fd678;+D:\Git\Hyper-Casual-Runner\Library\PackageCache\com.unity.nuget.newtonsoft-json@4dfd81071c64;+D:\Git\Hyper-Casual-Runner\Library\PackageCache\com.unity.searcher@d45a78918735;+D:\Git\Hyper-Casual-Runner\Library\PackageCache\com.unity.ext.nunit@44f7d31723bd;+D:\Git\Hyper-Casual-Runner\Library\PackageCache\com.unity.mathematics@981956d94fb6;Library/ScriptAssemblies;+C:\Program Files\Unity\Hub\Editor\6000.5.5f1\Editor\Data\Managed" "C:/Program Files/Unity/Hub/Editor/6000.5.5f1/Editor/Data/Managed/UnityEngine.dll" "C:/Program Files/Unity/Hub/Editor/6000.5.5f1/Editor/Data/Managed/UnityEditor.dll"
Filename: C:\Program Files\Unity\Hub\Editor\6000.5.5f1\Editor\Data\DotNetSdk\dotnet.exe
Arguments: "C:/Program Files/Unity/Hub/Editor/6000.5.5f1/Editor/Data/Tools/BuildPipeline/Compilation/ApiUpdater/AssemblyUpdater.dll" update -a "Assets/GoogleMobileAds/GoogleMobileAds.iOS.dll" --output "C:/Users/AZAD/AppData/Local/Temp/tmp66566366.tmp" --api-version 6000.5.5f1  -s "C:\Program Files\Unity\Hub\Editor\6000.5.5f1\Editor\Data\NetStandard\ref\2.1.0;C:\Program Files\Unity\Hub\Editor\6000.5.5f1\Editor\Data\NetStandard\compat\2.1.0\shims\netstandard;C:\Program Files\Unity\Hub\Editor\6000.5.5f1\Editor\Data\NetStandard\compat\2.1.0\shims\netfx;+D:/Git/Hyper-Casual-Runner/Assets;+D:\Git\Useful-Houdini-Stuff\Unity\Unity3DMCP\UnityPackage;+D:\Git\Hyper-Casual-Runner\Library\PackageCache\com.unity.2d.psdimporter@5d82044f9e43;+D:\Git\Hyper-Casual-Runner\Library\PackageCache\com.unity.collab-proxy@4f3be89e8675;+D:\Git\Hyper-Casual-Runner\Library\PackageCache\com.unity.device-simulator.devices@2af643ceec84;+D:\Git\Hyper-Casual-Runner\Library\PackageCache\com.unity.entities@7c40ffdd1a69;+D:\Git\Hyper-Casual-Runner\Library\PackageCache\com.unity.entities.graphics@d145f0960701;+D:\Git\Hyper-Casual-Runner\Library\PackageCache\com.unity.feature.development@767aadbc6eb7;+D:\Git\Hyper-Casual-Runner\Library\PackageCache\com.unity.multiplayer.center@b860850997d0;+D:\Git\Hyper-Casual-Runner\Library\PackageCache\com.unity.probuilder@8be9724b2335;+D:\Git\Hyper-Casual-Runner\Library\PackageCache\com.unity.services.levelplay@1a1e0681a085;+D:\Git\Hyper-Casual-Runner\Library\PackageCache\com.unity.timeline@8cd8509afae5;+D:\Git\Hyper-Casual-Runner\Library\PackageCache\com.unity.ugui@f2d87ebaaa32;+D:\Git\Hyper-Casual-Runner\Library\PackageCache\com.unity.visualscripting@8bed5ad90189;+D:\Git\Hyper-Casual-Runner\Library\PackageCache\com.unity.modules.accessibility;+D:\Git\Hyper-Casual-Runner\Library\PackageCache\com.unity.modules.adaptiveperformance;+D:\Git\Hyper-Casual-Runner\Library\PackageCache\com.unity.modules.ai;+D:\Git\Hyper-Casual-Runner\Library\PackageCache\com.unity.modules.androidjni;+D:\Git\Hyper-Casual-Runner\Library\PackageCache\com.unity.modules.animation;+D:\Git\Hyper-Casual-Runner\Library\PackageCache\com.unity.modules.assetbundle;+D:\Git\Hyper-Casual-Runner\Library\PackageCache\com.unity.modules.audio;+D:\Git\Hyper-Casual-Runner\Library\PackageCache\com.unity.modules.cloth;+D:\Git\Hyper-Casual-Runner\Library\PackageCache\com.unity.modules.director;+D:\Git\Hyper-Casual-Runner\Library\PackageCache\com.unity.modules.imageconversion;+D:\Git\Hyper-Casual-Runner\Library\PackageCache\com.unity.modules.imgui;+D:\Git\Hyper-Casual-Runner\Library\PackageCache\com.unity.modules.jsonserialize;+D:\Git\Hyper-Casual-Runner\Library\PackageCache\com.unity.modules.particlesystem;+D:\Git\Hyper-Casual-Runner\Library\PackageCache\com.unity.modules.physics;+D:\Git\Hyper-Casual-Runner\Library\PackageCache\com.unity.modules.physics2d;+D:\Git\Hyper-Casual-Runner\Library\PackageCache\com.unity.modules.physicscore2d;+D:\Git\Hyper-Casual-Runner\Library\PackageCache\com.unity.modules.screencapture;+D:\Git\Hyper-Casual-Runner\Library\PackageCache\com.unity.modules.terrain;+D:\Git\Hyper-Casual-Runner\Library\PackageCache\com.unity.modules.terrainphysics;+D:\Git\Hyper-Casual-Runner\Library\PackageCache\com.unity.modules.tilemap;+D:\Git\Hyper-Casual-Runner\Library\PackageCache\com.unity.modules.ui;+D:\Git\Hyper-Casual-Runner\Library\PackageCache\com.unity.modules.uielements;+D:\Git\Hyper-Casual-Runner\Library\PackageCache\com.unity.modules.umbra;+D:\Git\Hyper-Casual-Runner\Library\PackageCache\com.unity.modules.unityanalytics;+D:\Git\Hyper-Casual-Runner\Library\PackageCache\com.unity.modules.unitywebrequest;+D:\Git\Hyper-Casual-Runner\Library\PackageCache\com.unity.modules.unitywebrequestassetbundle;+D:\Git\Hyper-Casual-Runner\Library\PackageCache\com.unity.modules.unitywebrequestaudio;+D:\Git\Hyper-Casual-Runner\Library\PackageCache\com.unity.modules.unitywebrequesttexture;+D:\Git\Hyper-Casual-Runner\Library\PackageCache\com.unity.modules.unitywebrequestwww;+D:\Git\Hyper-Casual-Runner\Library\PackageCache\com.unity.modules.vectorgraphics;+D:\Git\Hyper-Casual-Runner\Library\PackageCache\com.unity.modules.vehicles;+D:\Git\Hyper-Casual-Runner\Library\PackageCache\com.unity.modules.video;+D:\Git\Hyper-Casual-Runner\Library\PackageCache\com.unity.modules.wind;+D:\Git\Hyper-Casual-Runner\Library\PackageCache\com.unity.modules.xr;+D:\Git\Hyper-Casual-Runner\Library\PackageCache\com.unity.modules.subsystems;+D:\Git\Hyper-Casual-Runner\Library\PackageCache\com.unity.modules.hierarchycore;+D:\Git\Hyper-Casual-Runner\Library\PackageCache\com.unity.services.core@3464cb68d709;+D:\Git\Hyper-Casual-Runner\Library\PackageCache\com.unity.shadergraph@8d7376ec43ee;+D:\Git\Hyper-Casual-Runner\Library\PackageCache\com.unity.settings-manager@0b8638c5ce86;+D:\Git\Hyper-Casual-Runner\Library\PackageCache\com.unity.ide.visualstudio@a99d56dec63f;+D:\Git\Hyper-Casual-Runner\Library\PackageCache\com.unity.ide.rider@e4950c6d131b;+D:\Git\Hyper-Casual-Runner\Library\PackageCache\com.unity.editorcoroutines@87a15ed012c2;+D:\Git\Hyper-Casual-Runner\Library\PackageCache\com.unity.performance.profile-analyzer@2bb26871883c;+D:\Git\Hyper-Casual-Runner\Library\PackageCache\com.unity.test-framework@1405238725ab;+D:\Git\Hyper-Casual-Runner\Library\PackageCache\com.unity.testtools.codecoverage@19a841221620;+D:\Git\Hyper-Casual-Runner\Library\PackageCache\com.unity.render-pipelines.core@b19a46951e65;+D:\Git\Hyper-Casual-Runner\Library\PackageCache\com.unity.burst@6bb9aca3ef38;+D:\Git\Hyper-Casual-Runner\Library\PackageCache\com.unity.collections@a43cabe808ca;+D:\Git\Hyper-Casual-Runner\Library\PackageCache\com.unity.nuget.mono-cecil@ecb9724e46ff;+D:\Git\Hyper-Casual-Runner\Library\PackageCache\com.unity.profiling.core@8a49f7027d06;+D:\Git\Hyper-Casual-Runner\Library\PackageCache\com.unity.scriptablebuildpipeline@36e3b5898ee2;+D:\Git\Hyper-Casual-Runner\Library\PackageCache\com.unity.serialization@b2610f80ff18;+D:\Git\Hyper-Casual-Runner\Library\PackageCache\com.unity.test-framework.performance@8b56083ec0f0;+D:\Git\Hyper-Casual-Runner\Library\PackageCache\com.unity.modules.hierarchy;+D:\Git\Hyper-Casual-Runner\Library\PackageCache\com.unity.2d.common@73badf92ba8b;+D:\Git\Hyper-Casual-Runner\Library\PackageCache\com.unity.2d.sprite@053a968eab56;+D:\Git\Hyper-Casual-Runner\Library\PackageCache\com.unity.2d.tilemap@b959501fd678;+D:\Git\Hyper-Casual-Runner\Library\PackageCache\com.unity.nuget.newtonsoft-json@4dfd81071c64;+D:\Git\Hyper-Casual-Runner\Library\PackageCache\com.unity.searcher@d45a78918735;+D:\Git\Hyper-Casual-Runner\Library\PackageCache\com.unity.ext.nunit@44f7d31723bd;+D:\Git\Hyper-Casual-Runner\Library\PackageCache\com.unity.mathematics@981956d94fb6;Library/ScriptAssemblies;+C:\Program Files\Unity\Hub\Editor\6000.5.5f1\Editor\Data\Managed\UnityEngine" "C:/Program Files/Unity/Hub/Editor/6000.5.5f1/Editor/Data/Managed/UnityEngine/UnityEngine.CoreModule.dll"
Filename: C:\Program Files\Unity\Hub\Editor\6000.5.5f1\Editor\Data\DotNetSdk\dotnet.exe
Arguments: "C:/Program Files/Unity/Hub/Editor/6000.5.5f1/Editor/Data/Tools/BuildPipeline/Compilation/ApiUpdater/AssemblyUpdater.dll" update -a "Assets/GoogleMobileAds/GoogleMobileAds.Unity.dll" --output "C:/Users/AZAD/AppData/Local/Temp/tmp65ae84cb.tmp" --api-version 6000.5.5f1  -s "C:\Program Files\Unity\Hub\Editor\6000.5.5f1\Editor\Data\NetStandard\ref\2.1.0;C:\Program Files\Unity\Hub\Editor\6000.5.5f1\Editor\Data\NetStandard\compat\2.1.0\shims\netstandard;C:\Program Files\Unity\Hub\Editor\6000.5.5f1\Editor\Data\NetStandard\compat\2.1.0\shims\netfx;+D:/Git/Hyper-Casual-Runner/Assets;+D:\Git\Useful-Houdini-Stuff\Unity\Unity3DMCP\UnityPackage;+D:\Git\Hyper-Casual-Runner\Library\PackageCache\com.unity.2d.psdimporter@5d82044f9e43;+D:\Git\Hyper-Casual-Runner\Library\PackageCache\com.unity.collab-proxy@4f3be89e8675;+D:\Git\Hyper-Casual-Runner\Library\PackageCache\com.unity.device-simulator.devices@2af643ceec84;+D:\Git\Hyper-Casual-Runner\Library\PackageCache\com.unity.entities@7c40ffdd1a69;+D:\Git\Hyper-Casual-Runner\Library\PackageCache\com.unity.entities.graphics@d145f0960701;+D:\Git\Hyper-Casual-Runner\Library\PackageCache\com.unity.feature.development@767aadbc6eb7;+D:\Git\Hyper-Casual-Runner\Library\PackageCache\com.unity.multiplayer.center@b860850997d0;+D:\Git\Hyper-Casual-Runner\Library\PackageCache\com.unity.probuilder@8be9724b2335;+D:\Git\Hyper-Casual-Runner\Library\PackageCache\com.unity.services.levelplay@1a1e0681a085;+D:\Git\Hyper-Casual-Runner\Library\PackageCache\com.unity.timeline@8cd8509afae5;+D:\Git\Hyper-Casual-Runner\Library\PackageCache\com.unity.ugui@f2d87ebaaa32;+D:\Git\Hyper-Casual-Runner\Library\PackageCache\com.unity.visualscripting@8bed5ad90189;+D:\Git\Hyper-Casual-Runner\Library\PackageCache\com.unity.modules.accessibility;+D:\Git\Hyper-Casual-Runner\Library\PackageCache\com.unity.modules.adaptiveperformance;+D:\Git\Hyper-Casual-Runner\Library\PackageCache\com.unity.modules.ai;+D:\Git\Hyper-Casual-Runner\Library\PackageCache\com.unity.modules.androidjni;+D:\Git\Hyper-Casual-Runner\Library\PackageCache\com.unity.modules.animation;+D:\Git\Hyper-Casual-Runner\Library\PackageCache\com.unity.modules.assetbundle;+D:\Git\Hyper-Casual-Runner\Library\PackageCache\com.unity.modules.audio;+D:\Git\Hyper-Casual-Runner\Library\PackageCache\com.unity.modules.cloth;+D:\Git\Hyper-Casual-Runner\Library\PackageCache\com.unity.modules.director;+D:\Git\Hyper-Casual-Runner\Library\PackageCache\com.unity.modules.imageconversion;+D:\Git\Hyper-Casual-Runner\Library\PackageCache\com.unity.modules.imgui;+D:\Git\Hyper-Casual-Runner\Library\PackageCache\com.unity.modules.jsonserialize;+D:\Git\Hyper-Casual-Runner\Library\PackageCache\com.unity.modules.particlesystem;+D:\Git\Hyper-Casual-Runner\Library\PackageCache\com.unity.modules.physics;+D:\Git\Hyper-Casual-Runner\Library\PackageCache\com.unity.modules.physics2d;+D:\Git\Hyper-Casual-Runner\Library\PackageCache\com.unity.modules.physicscore2d;+D:\Git\Hyper-Casual-Runner\Library\PackageCache\com.unity.modules.screencapture;+D:\Git\Hyper-Casual-Runner\Library\PackageCache\com.unity.modules.terrain;+D:\Git\Hyper-Casual-Runner\Library\PackageCache\com.unity.modules.terrainphysics;+D:\Git\Hyper-Casual-Runner\Library\PackageCache\com.unity.modules.tilemap;+D:\Git\Hyper-Casual-Runner\Library\PackageCache\com.unity.modules.ui;+D:\Git\Hyper-Casual-Runner\Library\PackageCache\com.unity.modules.uielements;+D:\Git\Hyper-Casual-Runner\Library\PackageCache\com.unity.modules.umbra;+D:\Git\Hyper-Casual-Runner\Library\PackageCache\com.unity.modules.unityanalytics;+D:\Git\Hyper-Casual-Runner\Library\PackageCache\com.unity.modules.unitywebrequest;+D:\Git\Hyper-Casual-Runner\Library\PackageCache\com.unity.modules.unitywebrequestassetbundle;+D:\Git\Hyper-Casual-Runner\Library\PackageCache\com.unity.modules.unitywebrequestaudio;+D:\Git\Hyper-Casual-Runner\Library\PackageCache\com.unity.modules.unitywebrequesttexture;+D:\Git\Hyper-Casual-Runner\Library\PackageCache\com.unity.modules.unitywebrequestwww;+D:\Git\Hyper-Casual-Runner\Library\PackageCache\com.unity.modules.vectorgraphics;+D:\Git\Hyper-Casual-Runner\Library\PackageCache\com.unity.modules.vehicles;+D:\Git\Hyper-Casual-Runner\Library\PackageCache\com.unity.modules.video;+D:\Git\Hyper-Casual-Runner\Library\PackageCache\com.unity.modules.wind;+D:\Git\Hyper-Casual-Runner\Library\PackageCache\com.unity.modules.xr;+D:\Git\Hyper-Casual-Runner\Library\PackageCache\com.unity.modules.subsystems;+D:\Git\Hyper-Casual-Runner\Library\PackageCache\com.unity.modules.hierarchycore;+D:\Git\Hyper-Casual-Runner\Library\PackageCache\com.unity.services.core@3464cb68d709;+D:\Git\Hyper-Casual-Runner\Library\PackageCache\com.unity.shadergraph@8d7376ec43ee;+D:\Git\Hyper-Casual-Runner\Library\PackageCache\com.unity.settings-manager@0b8638c5ce86;+D:\Git\Hyper-Casual-Runner\Library\PackageCache\com.unity.ide.visualstudio@a99d56dec63f;+D:\Git\Hyper-Casual-Runner\Library\PackageCache\com.unity.ide.rider@e4950c6d131b;+D:\Git\Hyper-Casual-Runner\Library\PackageCache\com.unity.editorcoroutines@87a15ed012c2;+D:\Git\Hyper-Casual-Runner\Library\PackageCache\com.unity.performance.profile-analyzer@2bb26871883c;+D:\Git\Hyper-Casual-Runner\Library\PackageCache\com.unity.test-framework@1405238725ab;+D:\Git\Hyper-Casual-Runner\Library\PackageCache\com.unity.testtools.codecoverage@19a841221620;+D:\Git\Hyper-Casual-Runner\Library\PackageCache\com.unity.render-pipelines.core@b19a46951e65;+D:\Git\Hyper-Casual-Runner\Library\PackageCache\com.unity.burst@6bb9aca3ef38;+D:\Git\Hyper-Casual-Runner\Library\PackageCache\com.unity.collections@a43cabe808ca;+D:\Git\Hyper-Casual-Runner\Library\PackageCache\com.unity.nuget.mono-cecil@ecb9724e46ff;+D:\Git\Hyper-Casual-Runner\Library\PackageCache\com.unity.profiling.core@8a49f7027d06;+D:\Git\Hyper-Casual-Runner\Library\PackageCache\com.unity.scriptablebuildpipeline@36e3b5898ee2;+D:\Git\Hyper-Casual-Runner\Library\PackageCache\com.unity.serialization@b2610f80ff18;+D:\Git\Hyper-Casual-Runner\Library\PackageCache\com.unity.test-framework.performance@8b56083ec0f0;+D:\Git\Hyper-Casual-Runner\Library\PackageCache\com.unity.modules.hierarchy;+D:\Git\Hyper-Casual-Runner\Library\PackageCache\com.unity.2d.common@73badf92ba8b;+D:\Git\Hyper-Casual-Runner\Library\PackageCache\com.unity.2d.sprite@053a968eab56;+D:\Git\Hyper-Casual-Runner\Library\PackageCache\com.unity.2d.tilemap@b959501fd678;+D:\Git\Hyper-Casual-Runner\Library\PackageCache\com.unity.nuget.newtonsoft-json@4dfd81071c64;+D:\Git\Hyper-Casual-Runner\Library\PackageCache\com.unity.searcher@d45a78918735;+D:\Git\Hyper-Casual-Runner\Library\PackageCache\com.unity.ext.nunit@44f7d31723bd;+D:\Git\Hyper-Casual-Runner\Library\PackageCache\com.unity.mathematics@981956d94fb6;Library/ScriptAssemblies;+C:\Program Files\Unity\Hub\Editor\6000.5.5f1\Editor\Data\Managed\UnityEngine" "C:/Program Files/Unity/Hub/Editor/6000.5.5f1/Editor/Data/Managed/UnityEngine/UnityEngine.CoreModule.dll" "C:/Program Files/Unity/Hub/Editor/6000.5.5f1/Editor/Data/Managed/UnityEngine/UnityEngine.UIModule.dll"
Filename: C:\Program Files\Unity\Hub\Editor\6000.5.5f1\Editor\Data\DotNetSdk\dotnet.exe
Arguments: "C:/Program Files/Unity/Hub/Editor/6000.5.5f1/Editor/Data/Tools/BuildPipeline/Compilation/ApiUpdater/AssemblyUpdater.dll" update -a "Assets/GoogleMobileAds/GoogleMobileAds.dll" --output "C:/Users/AZAD/AppData/Local/Temp/tmp33516e2c.tmp" --api-version 6000.5.5f1  -s "C:\Program Files\Unity\Hub\Editor\6000.5.5f1\Editor\Data\NetStandard\ref\2.1.0;C:\Program Files\Unity\Hub\Editor\6000.5.5f1\Editor\Data\NetStandard\compat\2.1.0\shims\netstandard;C:\Program Files\Unity\Hub\Editor\6000.5.5f1\Editor\Data\NetStandard\compat\2.1.0\shims\netfx;+D:/Git/Hyper-Casual-Runner/Assets;+D:\Git\Useful-Houdini-Stuff\Unity\Unity3DMCP\UnityPackage;+D:\Git\Hyper-Casual-Runner\Library\PackageCache\com.unity.2d.psdimporter@5d82044f9e43;+D:\Git\Hyper-Casual-Runner\Library\PackageCache\com.unity.collab-proxy@4f3be89e8675;+D:\Git\Hyper-Casual-Runner\Library\PackageCache\com.unity.device-simulator.devices@2af643ceec84;+D:\Git\Hyper-Casual-Runner\Library\PackageCache\com.unity.entities@7c40ffdd1a69;+D:\Git\Hyper-Casual-Runner\Library\PackageCache\com.unity.entities.graphics@d145f0960701;+D:\Git\Hyper-Casual-Runner\Library\PackageCache\com.unity.feature.development@767aadbc6eb7;+D:\Git\Hyper-Casual-Runner\Library\PackageCache\com.unity.multiplayer.center@b860850997d0;+D:\Git\Hyper-Casual-Runner\Library\PackageCache\com.unity.probuilder@8be9724b2335;+D:\Git\Hyper-Casual-Runner\Library\PackageCache\com.unity.services.levelplay@1a1e0681a085;+D:\Git\Hyper-Casual-Runner\Library\PackageCache\com.unity.timeline@8cd8509afae5;+D:\Git\Hyper-Casual-Runner\Library\PackageCache\com.unity.ugui@f2d87ebaaa32;+D:\Git\Hyper-Casual-Runner\Library\PackageCache\com.unity.visualscripting@8bed5ad90189;+D:\Git\Hyper-Casual-Runner\Library\PackageCache\com.unity.modules.accessibility;+D:\Git\Hyper-Casual-Runner\Library\PackageCache\com.unity.modules.adaptiveperformance;+D:\Git\Hyper-Casual-Runner\Library\PackageCache\com.unity.modules.ai;+D:\Git\Hyper-Casual-Runner\Library\PackageCache\com.unity.modules.androidjni;+D:\Git\Hyper-Casual-Runner\Library\PackageCache\com.unity.modules.animation;+D:\Git\Hyper-Casual-Runner\Library\PackageCache\com.unity.modules.assetbundle;+D:\Git\Hyper-Casual-Runner\Library\PackageCache\com.unity.modules.audio;+D:\Git\Hyper-Casual-Runner\Library\PackageCache\com.unity.modules.cloth;+D:\Git\Hyper-Casual-Runner\Library\PackageCache\com.unity.modules.director;+D:\Git\Hyper-Casual-Runner\Library\PackageCache\com.unity.modules.imageconversion;+D:\Git\Hyper-Casual-Runner\Library\PackageCache\com.unity.modules.imgui;+D:\Git\Hyper-Casual-Runner\Library\PackageCache\com.unity.modules.jsonserialize;+D:\Git\Hyper-Casual-Runner\Library\PackageCache\com.unity.modules.particlesystem;+D:\Git\Hyper-Casual-Runner\Library\PackageCache\com.unity.modules.physics;+D:\Git\Hyper-Casual-Runner\Library\PackageCache\com.unity.modules.physics2d;+D:\Git\Hyper-Casual-Runner\Library\PackageCache\com.unity.modules.physicscore2d;+D:\Git\Hyper-Casual-Runner\Library\PackageCache\com.unity.modules.screencapture;+D:\Git\Hyper-Casual-Runner\Library\PackageCache\com.unity.modules.terrain;+D:\Git\Hyper-Casual-Runner\Library\PackageCache\com.unity.modules.terrainphysics;+D:\Git\Hyper-Casual-Runner\Library\PackageCache\com.unity.modules.tilemap;+D:\Git\Hyper-Casual-Runner\Library\PackageCache\com.unity.modules.ui;+D:\Git\Hyper-Casual-Runner\Library\PackageCache\com.unity.modules.uielements;+D:\Git\Hyper-Casual-Runner\Library\PackageCache\com.unity.modules.umbra;+D:\Git\Hyper-Casual-Runner\Library\PackageCache\com.unity.modules.unityanalytics;+D:\Git\Hyper-Casual-Runner\Library\PackageCache\com.unity.modules.unitywebrequest;+D:\Git\Hyper-Casual-Runner\Library\PackageCache\com.unity.modules.unitywebrequestassetbundle;+D:\Git\Hyper-Casual-Runner\Library\PackageCache\com.unity.modules.unitywebrequestaudio;+D:\Git\Hyper-Casual-Runner\Library\PackageCache\com.unity.modules.unitywebrequesttexture;+D:\Git\Hyper-Casual-Runner\Library\PackageCache\com.unity.modules.unitywebrequestwww;+D:\Git\Hyper-Casual-Runner\Library\PackageCache\com.unity.modules.vectorgraphics;+D:\Git\Hyper-Casual-Runner\Library\PackageCache\com.unity.modules.vehicles;+D:\Git\Hyper-Casual-Runner\Library\PackageCache\com.unity.modules.video;+D:\Git\Hyper-Casual-Runner\Library\PackageCache\com.unity.modules.wind;+D:\Git\Hyper-Casual-Runner\Library\PackageCache\com.unity.modules.xr;+D:\Git\Hyper-Casual-Runner\Library\PackageCache\com.unity.modules.subsystems;+D:\Git\Hyper-Casual-Runner\Library\PackageCache\com.unity.modules.hierarchycore;+D:\Git\Hyper-Casual-Runner\Library\PackageCache\com.unity.services.core@3464cb68d709;+D:\Git\Hyper-Casual-Runner\Library\PackageCache\com.unity.shadergraph@8d7376ec43ee;+D:\Git\Hyper-Casual-Runner\Library\PackageCache\com.unity.settings-manager@0b8638c5ce86;+D:\Git\Hyper-Casual-Runner\Library\PackageCache\com.unity.ide.visualstudio@a99d56dec63f;+D:\Git\Hyper-Casual-Runner\Library\PackageCache\com.unity.ide.rider@e4950c6d131b;+D:\Git\Hyper-Casual-Runner\Library\PackageCache\com.unity.editorcoroutines@87a15ed012c2;+D:\Git\Hyper-Casual-Runner\Library\PackageCache\com.unity.performance.profile-analyzer@2bb26871883c;+D:\Git\Hyper-Casual-Runner\Library\PackageCache\com.unity.test-framework@1405238725ab;+D:\Git\Hyper-Casual-Runner\Library\PackageCache\com.unity.testtools.codecoverage@19a841221620;+D:\Git\Hyper-Casual-Runner\Library\PackageCache\com.unity.render-pipelines.core@b19a46951e65;+D:\Git\Hyper-Casual-Runner\Library\PackageCache\com.unity.burst@6bb9aca3ef38;+D:\Git\Hyper-Casual-Runner\Library\PackageCache\com.unity.collections@a43cabe808ca;+D:\Git\Hyper-Casual-Runner\Library\PackageCache\com.unity.nuget.mono-cecil@ecb9724e46ff;+D:\Git\Hyper-Casual-Runner\Library\PackageCache\com.unity.profiling.core@8a49f7027d06;+D:\Git\Hyper-Casual-Runner\Library\PackageCache\com.unity.scriptablebuildpipeline@36e3b5898ee2;+D:\Git\Hyper-Casual-Runner\Library\PackageCache\com.unity.serialization@b2610f80ff18;+D:\Git\Hyper-Casual-Runner\Library\PackageCache\com.unity.test-framework.performance@8b56083ec0f0;+D:\Git\Hyper-Casual-Runner\Library\PackageCache\com.unity.modules.hierarchy;+D:\Git\Hyper-Casual-Runner\Library\PackageCache\com.unity.2d.common@73badf92ba8b;+D:\Git\Hyper-Casual-Runner\Library\PackageCache\com.unity.2d.sprite@053a968eab56;+D:\Git\Hyper-Casual-Runner\Library\PackageCache\com.unity.2d.tilemap@b959501fd678;+D:\Git\Hyper-Casual-Runner\Library\PackageCache\com.unity.nuget.newtonsoft-json@4dfd81071c64;+D:\Git\Hyper-Casual-Runner\Library\PackageCache\com.unity.searcher@d45a78918735;+D:\Git\Hyper-Casual-Runner\Library\PackageCache\com.unity.ext.nunit@44f7d31723bd;+D:\Git\Hyper-Casual-Runner\Library\PackageCache\com.unity.mathematics@981956d94fb6;Library/ScriptAssemblies;+C:\Program Files\Unity\Hub\Editor\6000.5.5f1\Editor\Data\Managed\UnityEngine" "C:/Program Files/Unity/Hub/Editor/6000.5.5f1/Editor/Data/Managed/UnityEngine/UnityEngine.CoreModule.dll"
Filename: C:\Program Files\Unity\Hub\Editor\6000.5.5f1\Editor\Data\DotNetSdk\dotnet.exe
Arguments: "C:/Program Files/Unity/Hub/Editor/6000.5.5f1/Editor/Data/Tools/BuildPipeline/Compilation/ApiUpdater/AssemblyUpdater.dll" update -a "Assets/GoogleMobileAds/GoogleMobileAds.Ump.Unity.dll" --output "C:/Users/AZAD/AppData/Local/Temp/tmp227e79b8.tmp" --api-version 6000.5.5f1  -s "C:\Program Files\Unity\Hub\Editor\6000.5.5f1\Editor\Data\NetStandard\ref\2.1.0;C:\Program Files\Unity\Hub\Editor\6000.5.5f1\Editor\Data\NetStandard\compat\2.1.0\shims\netstandard;C:\Program Files\Unity\Hub\Editor\6000.5.5f1\Editor\Data\NetStandard\compat\2.1.0\shims\netfx;+D:/Git/Hyper-Casual-Runner/Assets;+D:\Git\Useful-Houdini-Stuff\Unity\Unity3DMCP\UnityPackage;+D:\Git\Hyper-Casual-Runner\Library\PackageCache\com.unity.2d.psdimporter@5d82044f9e43;+D:\Git\Hyper-Casual-Runner\Library\PackageCache\com.unity.collab-proxy@4f3be89e8675;+D:\Git\Hyper-Casual-Runner\Library\PackageCache\com.unity.device-simulator.devices@2af643ceec84;+D:\Git\Hyper-Casual-Runner\Library\PackageCache\com.unity.entities@7c40ffdd1a69;+D:\Git\Hyper-Casual-Runner\Library\PackageCache\com.unity.entities.graphics@d145f0960701;+D:\Git\Hyper-Casual-Runner\Library\PackageCache\com.unity.feature.development@767aadbc6eb7;+D:\Git\Hyper-Casual-Runner\Library\PackageCache\com.unity.multiplayer.center@b860850997d0;+D:\Git\Hyper-Casual-Runner\Library\PackageCache\com.unity.probuilder@8be9724b2335;+D:\Git\Hyper-Casual-Runner\Library\PackageCache\com.unity.services.levelplay@1a1e0681a085;+D:\Git\Hyper-Casual-Runner\Library\PackageCache\com.unity.timeline@8cd8509afae5;+D:\Git\Hyper-Casual-Runner\Library\PackageCache\com.unity.ugui@f2d87ebaaa32;+D:\Git\Hyper-Casual-Runner\Library\PackageCache\com.unity.visualscripting@8bed5ad90189;+D:\Git\Hyper-Casual-Runner\Library\PackageCache\com.unity.modules.accessibility;+D:\Git\Hyper-Casual-Runner\Library\PackageCache\com.unity.modules.adaptiveperformance;+D:\Git\Hyper-Casual-Runner\Library\PackageCache\com.unity.modules.ai;+D:\Git\Hyper-Casual-Runner\Library\PackageCache\com.unity.modules.androidjni;+D:\Git\Hyper-Casual-Runner\Library\PackageCache\com.unity.modules.animation;+D:\Git\Hyper-Casual-Runner\Library\PackageCache\com.unity.modules.assetbundle;+D:\Git\Hyper-Casual-Runner\Library\PackageCache\com.unity.modules.audio;+D:\Git\Hyper-Casual-Runner\Library\PackageCache\com.unity.modules.cloth;+D:\Git\Hyper-Casual-Runner\Library\PackageCache\com.unity.modules.director;+D:\Git\Hyper-Casual-Runner\Library\PackageCache\com.unity.modules.imageconversion;+D:\Git\Hyper-Casual-Runner\Library\PackageCache\com.unity.modules.imgui;+D:\Git\Hyper-Casual-Runner\Library\PackageCache\com.unity.modules.jsonserialize;+D:\Git\Hyper-Casual-Runner\Library\PackageCache\com.unity.modules.particlesystem;+D:\Git\Hyper-Casual-Runner\Library\PackageCache\com.unity.modules.physics;+D:\Git\Hyper-Casual-Runner\Library\PackageCache\com.unity.modules.physics2d;+D:\Git\Hyper-Casual-Runner\Library\PackageCache\com.unity.modules.physicscore2d;+D:\Git\Hyper-Casual-Runner\Library\PackageCache\com.unity.modules.screencapture;+D:\Git\Hyper-Casual-Runner\Library\PackageCache\com.unity.modules.terrain;+D:\Git\Hyper-Casual-Runner\Library\PackageCache\com.unity.modules.terrainphysics;+D:\Git\Hyper-Casual-Runner\Library\PackageCache\com.unity.modules.tilemap;+D:\Git\Hyper-Casual-Runner\Library\PackageCache\com.unity.modules.ui;+D:\Git\Hyper-Casual-Runner\Library\PackageCache\com.unity.modules.uielements;+D:\Git\Hyper-Casual-Runner\Library\PackageCache\com.unity.modules.umbra;+D:\Git\Hyper-Casual-Runner\Library\PackageCache\com.unity.modules.unityanalytics;+D:\Git\Hyper-Casual-Runner\Library\PackageCache\com.unity.modules.unitywebrequest;+D:\Git\Hyper-Casual-Runner\Library\PackageCache\com.unity.modules.unitywebrequestassetbundle;+D:\Git\Hyper-Casual-Runner\Library\PackageCache\com.unity.modules.unitywebrequestaudio;+D:\Git\Hyper-Casual-Runner\Library\PackageCache\com.unity.modules.unitywebrequesttexture;+D:\Git\Hyper-Casual-Runner\Library\PackageCache\com.unity.modules.unitywebrequestwww;+D:\Git\Hyper-Casual-Runner\Library\PackageCache\com.unity.modules.vectorgraphics;+D:\Git\Hyper-Casual-Runner\Library\PackageCache\com.unity.modules.vehicles;+D:\Git\Hyper-Casual-Runner\Library\PackageCache\com.unity.modules.video;+D:\Git\Hyper-Casual-Runner\Library\PackageCache\com.unity.modules.wind;+D:\Git\Hyper-Casual-Runner\Library\PackageCache\com.unity.modules.xr;+D:\Git\Hyper-Casual-Runner\Library\PackageCache\com.unity.modules.subsystems;+D:\Git\Hyper-Casual-Runner\Library\PackageCache\com.unity.modules.hierarchycore;+D:\Git\Hyper-Casual-Runner\Library\PackageCache\com.unity.services.core@3464cb68d709;+D:\Git\Hyper-Casual-Runner\Library\PackageCache\com.unity.shadergraph@8d7376ec43ee;+D:\Git\Hyper-Casual-Runner\Library\PackageCache\com.unity.settings-manager@0b8638c5ce86;+D:\Git\Hyper-Casual-Runner\Library\PackageCache\com.unity.ide.visualstudio@a99d56dec63f;+D:\Git\Hyper-Casual-Runner\Library\PackageCache\com.unity.ide.rider@e4950c6d131b;+D:\Git\Hyper-Casual-Runner\Library\PackageCache\com.unity.editorcoroutines@87a15ed012c2;+D:\Git\Hyper-Casual-Runner\Library\PackageCache\com.unity.performance.profile-analyzer@2bb26871883c;+D:\Git\Hyper-Casual-Runner\Library\PackageCache\com.unity.test-framework@1405238725ab;+D:\Git\Hyper-Casual-Runner\Library\PackageCache\com.unity.testtools.codecoverage@19a841221620;+D:\Git\Hyper-Casual-Runner\Library\PackageCache\com.unity.render-pipelines.core@b19a46951e65;+D:\Git\Hyper-Casual-Runner\Library\PackageCache\com.unity.burst@6bb9aca3ef38;+D:\Git\Hyper-Casual-Runner\Library\PackageCache\com.unity.collections@a43cabe808ca;+D:\Git\Hyper-Casual-Runner\Library\PackageCache\com.unity.nuget.mono-cecil@ecb9724e46ff;+D:\Git\Hyper-Casual-Runner\Library\PackageCache\com.unity.profiling.core@8a49f7027d06;+D:\Git\Hyper-Casual-Runner\Library\PackageCache\com.unity.scriptablebuildpipeline@36e3b5898ee2;+D:\Git\Hyper-Casual-Runner\Library\PackageCache\com.unity.serialization@b2610f80ff18;+D:\Git\Hyper-Casual-Runner\Library\PackageCache\com.unity.test-framework.performance@8b56083ec0f0;+D:\Git\Hyper-Casual-Runner\Library\PackageCache\com.unity.modules.hierarchy;+D:\Git\Hyper-Casual-Runner\Library\PackageCache\com.unity.2d.common@73badf92ba8b;+D:\Git\Hyper-Casual-Runner\Library\PackageCache\com.unity.2d.sprite@053a968eab56;+D:\Git\Hyper-Casual-Runner\Library\PackageCache\com.unity.2d.tilemap@b959501fd678;+D:\Git\Hyper-Casual-Runner\Library\PackageCache\com.unity.nuget.newtonsoft-json@4dfd81071c64;+D:\Git\Hyper-Casual-Runner\Library\PackageCache\com.unity.searcher@d45a78918735;+D:\Git\Hyper-Casual-Runner\Library\PackageCache\com.unity.ext.nunit@44f7d31723bd;+D:\Git\Hyper-Casual-Runner\Library\PackageCache\com.unity.mathematics@981956d94fb6;Library/ScriptAssemblies;+C:\Program Files\Unity\Hub\Editor\6000.5.5f1\Editor\Data\Managed\UnityEngine" "C:/Program Files/Unity/Hub/Editor/6000.5.5f1/Editor/Data/Managed/UnityEngine/UnityEngine.CoreModule.dll"
[API Updater] Assemblies not requiring updates:
[API Updater] Assets/ExternalDependencyManager/Editor/1.2.176/Google.IOSResolver.dll
[API Updater] Assets/GoogleMobileAds/GoogleMobileAds.Ump.Android.dll
[API Updater] Assets/ExternalDependencyManager/Editor/1.2.176/Google.VersionHandlerImpl.dll
[API Updater] Assets/ExternalDependencyManager/Editor/Google.VersionHandler.dll
[API Updater] Assets/GoogleMobileAds/GoogleMobileAds.Common.dll
[API Updater] Assets/ExternalDependencyManager/Editor/1.2.176/Google.PackageManagerResolver.dll
[API Updater] Assets/GoogleMobileAds/GoogleMobileAds.Android.dll
[API Updater] Assets/GoogleMobileAds/GoogleMobileAds.Ump.dll
[API Updater] Assets/ExternalDependencyManager/Editor/1.2.176/Google.JarResolver.dll
[API Updater] Assets/GoogleMobileAds/GoogleMobileAds.Ump.iOS.dll
[API Updater] Assets/Plugins/Demigiant/DOTween/DOTween.dll
[API Updater] Assets/Plugins/Demigiant/DOTween/Editor/DOTweenEditor.dll
[API Updater] Assets/GoogleMobileAds/GoogleMobileAds.iOS.dll
[API Updater] Assets/GoogleMobileAds/GoogleMobileAds.Unity.dll
[API Updater] Assets/GoogleMobileAds/GoogleMobileAds.dll
[API Updater] Assets/GoogleMobileAds/GoogleMobileAds.Ump.Unity.dll
[API Updater] Update finished with success in 13161 ms (0/16 assembly(ies) updated).
Assembly Updater Post Process Assets time: 13.670925s
[ScriptCompilation] Requested script compilation because: Assembly Definition File(s) changed
[ScriptCompilation] Requested script compilation because: AssetDatabase observed changes in script compilation related files
info: Microsoft.Hosting.Lifetime[14]
      Now listening on: http://localhost:80
info: Microsoft.Hosting.Lifetime[0]
      Application started. Press Ctrl+C to shut down.
info: Microsoft.Hosting.Lifetime[0]
      Hosting environment: Production
info: Microsoft.Hosting.Lifetime[0]
      Content root path: D:\Git\Hyper-Casual-Runner
info: Microsoft.AspNetCore.Hosting.Diagnostics[1]
      Request starting HTTP/2 POST http://ilpp/UnityILPP.PostProcessing/Ping - application/grpc -
info: Microsoft.AspNetCore.Routing.EndpointMiddleware[0]
      Executing endpoint 'gRPC - /UnityILPP.PostProcessing/Ping'
info: Microsoft.AspNetCore.Routing.EndpointMiddleware[1]
      Executed endpoint 'gRPC - /UnityILPP.PostProcessing/Ping'
info: Microsoft.AspNetCore.Hosting.Diagnostics[2]
      Request finished HTTP/2 POST http://ilpp/UnityILPP.PostProcessing/Ping - 200 - application/grpc 48.0452ms
Clearing Bee directory 'Library/Bee', since bee backend hash ('Library/Bee/bee_backend.info') is different, previous hash was 1b7b82ca16b800d2ae63b11084989eb40e242a3b933dee45e376311330c5fa8c (Unity version: 6000.3.20f1), current hash is 2129bfda6f058e1ec05c337140512c107fe4c1318947779fab47a0c5a5788fe6 (Unity version: 6000.5.5f1).
Starting: C:\Program Files\Unity\Hub\Editor\6000.5.5f1\Editor\Data\Tools\BuildPipeline\bee_backend.exe --ipc --defer-dag-verification --dagfile="Library/Bee/1300b0aE.dag" --continue-on-failure --profile="Library/Bee/backend1.traceevents" ScriptAssemblies
WorkingDir: D:/Git/Hyper-Casual-Runner
ExitCode: 4 Duration: 0s111ms
[             ] Require frontend run.  Library/Bee/1300b0aE.dag couldn't be loaded
Starting: C:\Program Files\Unity\Hub\Editor\6000.5.5f1\Editor\Data\netcorerun\netcorerun.exe "C:\Program Files\Unity\Hub\Editor\6000.5.5f1\Editor\Data\Tools\BuildPipeline\ScriptCompilationBuildProgram.exe" "Library/Bee/1300b0aE.dag.json" "Library/Bee/1300b0aE-inputdata.json" "Library\Bee\buildprogram0.traceevents"
WorkingDir: D:/Git/Hyper-Casual-Runner
ExitCode: 0 Duration: 3s186ms
Starting: C:\Program Files\Unity\Hub\Editor\6000.5.5f1\Editor\Data\Tools\BuildPipeline\bee_backend.exe --ipc --defer-dag-verification --dagfile="Library/Bee/1300b0aE.dag" --continue-on-failure --dagfilejson="Library\Bee\1300b0aE.dag.json" --profile="Library/Bee/backend2.traceevents" ScriptAssemblies
WorkingDir: D:/Git/Hyper-Casual-Runner
warn: Microsoft.AspNetCore.Server.Kestrel[22]
      As of "08/08/2026 22:58:58 +00:00", the heartbeat has been running for "00:00:01.2814934" which is longer than "00:00:01". This could be caused by thread pool starvation.
info: Microsoft.AspNetCore.Hosting.Diagnostics[1]
      Request starting HTTP/2 POST http://ilpp/UnityILPP.PostProcessing/ConfigurePostProcessors - application/grpc -
info: Microsoft.AspNetCore.Routing.EndpointMiddleware[0]
      Executing endpoint 'gRPC - /UnityILPP.PostProcessing/ConfigurePostProcessors'
warn: Unity.ILPP.Runner.PostProcessingAssemblyLoadContext[0]
      Assembly system.runtime.interopservices.windowsruntime has duplicate hint path. Ignoring "C:\Program Files\Unity\Hub\Editor\6000.5.5f1\Editor\Data\UnityReferenceAssemblies\unity-4.8-api\Facades\System.Runtime.InteropServices.WindowsRuntime.dll" in favor of "C:\Program Files\Unity\Hub\Editor\6000.5.5f1\Editor\Data\NetStandard\Extensions\2.0.0\System.Runtime.InteropServices.WindowsRuntime.dll"
warn: Unity.ILPP.Runner.PostProcessingAssemblyLoadContext[0]
      Assembly system.componentmodel.composition has duplicate hint path. Ignoring "C:\Program Files\Unity\Hub\Editor\6000.5.5f1\Editor\Data\UnityReferenceAssemblies\unity-4.8-api\System.ComponentModel.Composition.dll" in favor of "C:\Program Files\Unity\Hub\Editor\6000.5.5f1\Editor\Data\NetStandard\compat\2.1.0\shims\netfx\System.ComponentModel.Composition.dll"
info: Unity.ILPP.Runner.PostProcessingAssemblyLoadContext[0]
      Resolved Unity.Burst.Cecil, Version=0.11.6.0, Culture=neutral, PublicKeyToken=50cebf1cceb9d05e with Library\PackageCache\com.unity.burst@6bb9aca3ef38\Unity.Burst.CodeGen\Unity.Burst.Cecil.dll
info: Unity.ILPP.Runner.PostProcessingAssemblyLoadContext[0]
      Resolved Mono.Cecil, Version=0.11.5.0, Culture=neutral, PublicKeyToken=50cebf1cceb9d05e with Library\PackageCache\com.unity.nuget.mono-cecil@ecb9724e46ff\Mono.Cecil.dll
info: Unity.ILPP.Runner.PostProcessingAssemblyLoadContext[0]
      Resolved Unity.Entities, Version=0.0.0.0, Culture=neutral, PublicKeyToken=null with Library\Bee\artifacts\1300b0aE.dag\Unity.Entities.dll
info: Microsoft.AspNetCore.Routing.EndpointMiddleware[1]
      Executed endpoint 'gRPC - /UnityILPP.PostProcessing/ConfigurePostProcessors'
info: Microsoft.AspNetCore.Hosting.Diagnostics[2]
      Request finished HTTP/2 POST http://ilpp/UnityILPP.PostProcessing/ConfigurePostProcessors - 200 - application/grpc 4383.1812ms
info: Microsoft.AspNetCore.Hosting.Diagnostics[1]
      Request starting HTTP/2 POST http://ilpp/UnityILPP.PostProcessing/PostProcessAssembly - application/grpc -
info: Microsoft.AspNetCore.Routing.EndpointMiddleware[0]
      Executing endpoint 'gRPC - /UnityILPP.PostProcessing/PostProcessAssembly'
info: Microsoft.AspNetCore.Hosting.Diagnostics[1]
      Request starting HTTP/2 POST http://ilpp/UnityILPP.PostProcessing/PostProcessAssembly - application/grpc -
info: Microsoft.AspNetCore.Routing.EndpointMiddleware[0]
      Executing endpoint 'gRPC - /UnityILPP.PostProcessing/PostProcessAssembly'
info: Microsoft.AspNetCore.Hosting.Diagnostics[1]
      Request starting HTTP/2 POST http://ilpp/UnityILPP.PostProcessing/PostProcessAssembly - application/grpc -
info: Microsoft.AspNetCore.Routing.EndpointMiddleware[0]
      Executing endpoint 'gRPC - /UnityILPP.PostProcessing/PostProcessAssembly'
info: Unity.ILPP.Runner.PostProcessingPipeline[0]
      Processing assembly Library/Bee/artifacts/1300b0aE.dag/Unity.Mathematics.Extensions.Hybrid.dll, with 151 defines and 322 references
info: Unity.ILPP.Runner.PostProcessingPipeline[0]
      processors: Unity.Entities.CodeGen.EntitiesILPostProcessors, Unity.Jobs.CodeGen.JobsILPostProcessor, zzzUnity.Burst.CodeGen.BurstILPostProcessor
info: Unity.ILPP.Runner.PostProcessingPipeline[0]
      Processing assembly Library/Bee/artifacts/1300b0aE.dag/Unity.VisualScripting.Core.dll, with 154 defines and 318 references
info: Microsoft.AspNetCore.Hosting.Diagnostics[1]
      Request starting HTTP/2 POST http://ilpp/UnityILPP.PostProcessing/PostProcessAssembly - application/grpc -
info: Microsoft.AspNetCore.Routing.EndpointMiddleware[0]
      Executing endpoint 'gRPC - /UnityILPP.PostProcessing/PostProcessAssembly'
info: Unity.ILPP.Runner.PostProcessingPipeline[0]
      Processing assembly Library/Bee/artifacts/1300b0aE.dag/UnityEngine.UI.dll, with 156 defines and 316 references
info: Unity.ILPP.Runner.PostProcessingPipeline[0]
      processors: Unity.Entities.CodeGen.EntitiesILPostProcessors, Unity.Jobs.CodeGen.JobsILPostProcessor, zzzUnity.Burst.CodeGen.BurstILPostProcessor
info: Unity.ILPP.Runner.PostProcessingPipeline[0]
      processors: Unity.Entities.CodeGen.EntitiesILPostProcessors, Unity.Jobs.CodeGen.JobsILPostProcessor, zzzUnity.Burst.CodeGen.BurstILPostProcessor
info: Microsoft.AspNetCore.Hosting.Diagnostics[1]
      Request starting HTTP/2 POST http://ilpp/UnityILPP.PostProcessing/PostProcessAssembly - application/grpc -
info: Microsoft.AspNetCore.Routing.EndpointMiddleware[0]
      Executing endpoint 'gRPC - /UnityILPP.PostProcessing/PostProcessAssembly'
info: Unity.ILPP.Runner.PostProcessingPipeline[0]
      Processing assembly Library/Bee/artifacts/1300b0aE.dag/Unity.UnifiedRayTracing.Runtime.dll, with 152 defines and 321 references
info: Unity.ILPP.Runner.PostProcessingPipeline[0]
      processors: Unity.Entities.CodeGen.EntitiesILPostProcessors, Unity.Jobs.CodeGen.JobsILPostProcessor, zzzUnity.Burst.CodeGen.BurstILPostProcessor
info: Microsoft.AspNetCore.Hosting.Diagnostics[1]
      Request starting HTTP/2 POST http://ilpp/UnityILPP.PostProcessing/PostProcessAssembly - application/grpc -
info: Microsoft.AspNetCore.Routing.EndpointMiddleware[0]
      Executing endpoint 'gRPC - /UnityILPP.PostProcessing/PostProcessAssembly'
info: Unity.ILPP.Runner.PostProcessingPipeline[0]
      Processing assembly Library/Bee/artifacts/1300b0aE.dag/Unity.Services.Core.Device.dll, with 151 defines and 319 references
info: Unity.ILPP.Runner.PostProcessingPipeline[0]
      processors: Unity.Entities.CodeGen.EntitiesILPostProcessors, Unity.Jobs.CodeGen.JobsILPostProcessor, zzzUnity.Burst.CodeGen.BurstILPostProcessor
info: Unity.ILPP.Runner.PostProcessingPipeline[0]
      Processing assembly Library/Bee/artifacts/1300b0aE.dag/Boxophobic.Utils.Scripts.dll, with 151 defines and 318 references
info: Unity.ILPP.Runner.PostProcessingPipeline[0]
      processors: Unity.Entities.CodeGen.EntitiesILPostProcessors, Unity.Jobs.CodeGen.JobsILPostProcessor, zzzUnity.Burst.CodeGen.BurstILPostProcessor
info: Microsoft.AspNetCore.Hosting.Diagnostics[1]
      Request starting HTTP/2 POST http://ilpp/UnityILPP.PostProcessing/PostProcessAssembly - application/grpc -
info: Microsoft.AspNetCore.Routing.EndpointMiddleware[0]
      Executing endpoint 'gRPC - /UnityILPP.PostProcessing/PostProcessAssembly'
info: Unity.ILPP.Runner.PostProcessingPipeline[0]
      Processing assembly Library/Bee/artifacts/1300b0aE.dag/Unity.Services.Core.Components.dll, with 151 defines and 321 references
info: Unity.ILPP.Runner.PostProcessingPipeline[0]
      processors: Unity.Entities.CodeGen.EntitiesILPostProcessors, Unity.Jobs.CodeGen.JobsILPostProcessor, zzzUnity.Burst.CodeGen.BurstILPostProcessor
info: Microsoft.AspNetCore.Hosting.Diagnostics[1]
      Request starting HTTP/2 POST http://ilpp/UnityILPP.PostProcessing/PostProcessAssembly - application/grpc -
info: Microsoft.AspNetCore.Routing.EndpointMiddleware[0]
      Executing endpoint 'gRPC - /UnityILPP.PostProcessing/PostProcessAssembly'
info: Unity.ILPP.Runner.PostProcessingPipeline[0]
      Processing assembly Library/Bee/artifacts/1300b0aE.dag/Unity.Entities.UI.dll, with 151 defines and 318 references
info: Unity.ILPP.Runner.PostProcessingPipeline[0]
      processors: Unity.Entities.CodeGen.EntitiesILPostProcessors, Unity.Jobs.CodeGen.JobsILPostProcessor, zzzUnity.Burst.CodeGen.BurstILPostProcessor
info: Unity.ILPP.Runner.PostProcessingPipeline[0]
      running Unity.Entities.CodeGen.EntitiesILPostProcessors
info: Unity.ILPP.Runner.PostProcessingPipeline[0]
      running Unity.Entities.CodeGen.EntitiesILPostProcessors
info: Unity.ILPP.Runner.PostProcessingPipeline[0]
      running Unity.Jobs.CodeGen.JobsILPostProcessor
info: Unity.ILPP.Runner.PostProcessingPipeline[0]
      running Unity.Jobs.CodeGen.JobsILPostProcessor
info: Unity.ILPP.Runner.PostProcessingAssemblyLoadContext[0]
      Resolved Unity.Collections, Version=0.0.0.0, Culture=neutral, PublicKeyToken=null with Library\Bee\artifacts\1300b0aE.dag\Unity.Collections.dll
Shut down.
